Time (s),Current (nA)
15:50:29.142,0.038
15:50:29.143,-0.004
15:50:29.143,-0.004
15:50:29.148,-0.007
15:50:29.158,-0.007
15:50:29.160,-0.007
15:50:29.174,-0.007
15:50:29.174,0.0
15:50:29.190,0.0
15:50:29.190,0.007
15:50:29.331,0.013
15:50:29.331,0.015
15:50:29.331,0.02
15:50:29.331,0.027
15:50:29.331,0.036
15:50:29.331,0.041
15:50:29.331,0.042
15:50:29.331,0.044
15:50:29.347,0.044
15:50:29.348,0.045
15:50:29.379,0.048
15:50:29.387,0.047
15:50:29.395,0.049
15:50:29.411,0.049
15:50:29.411,0.047
15:50:29.427,0.047
15:50:29.427,0.046
15:50:29.443,0.046
15:50:29.444,0.048
15:50:29.458,0.048
15:50:29.505,0.049
15:50:29.513,0.051
15:50:29.513,0.055
15:50:29.515,0.061
15:50:29.521,0.064
15:50:29.537,0.064
15:50:29.538,0.07
15:50:29.553,0.07
15:50:29.555,0.083
15:50:29.569,0.083
15:50:29.601,0.097
15:50:29.601,0.095
15:50:29.616,0.095
15:50:29.618,0.087
15:50:29.632,0.087
15:50:29.633,0.091
15:50:29.648,0.091
15:50:29.648,0.105
15:50:29.664,0.105
15:50:29.664,0.119
15:50:29.727,0.125
15:50:29.727,0.126
15:50:29.727,0.119
15:50:29.727,0.12
15:50:29.743,0.12
15:50:29.743,0.122
15:50:29.758,0.122
15:50:29.758,0.125
15:50:29.774,0.125
15:50:29.776,0.126
15:50:29.822,0.122
15:50:29.822,0.118
15:50:29.822,0.113
15:50:29.837,0.113
15:50:29.837,0.111
15:50:29.869,0.111
15:50:29.869,0.111
15:50:29.886,0.111
15:50:29.886,0.111
15:50:29.901,0.111
15:50:29.932,0.114
15:50:29.948,0.114
15:50:29.949,0.117
15:50:29.950,0.123
15:50:29.963,0.123
15:50:29.963,0.133
15:50:29.979,0.133
15:50:29.980,0.137
15:50:29.995,0.137
15:50:29.995,0.126
15:50:30.059,0.119
15:50:30.059,0.129
15:50:30.059,0.139
15:50:30.059,0.142
15:50:30.075,0.142
15:50:30.077,0.139
15:50:30.090,0.139
15:50:30.090,0.138
15:50:30.106,0.138
15:50:30.107,0.133
15:50:30.185,0.13
15:50:30.200,0.13
15:50:30.203,0.126
15:50:30.204,0.12
15:50:30.204,0.115
15:50:30.216,0.115
15:50:30.216,0.115
15:50:30.232,0.115
15:50:30.232,0.111
15:50:30.248,0.111
15:50:30.295,0.108
15:50:30.295,0.106
15:50:30.295,0.106
15:50:30.295,0.102
15:50:30.311,0.102
15:50:30.311,0.102
15:50:30.326,0.102
15:50:30.326,0.103
15:50:30.342,0.103
15:50:30.343,0.103
15:50:30.389,0.096
15:50:30.389,0.09
15:50:30.405,0.09
15:50:30.405,0.086
15:50:30.421,0.086
15:50:30.421,0.082
15:50:30.436,0.082
15:50:30.436,0.075
15:50:30.452,0.075
15:50:30.453,0.069
15:50:30.500,0.061
15:50:30.500,0.059
15:50:30.500,0.055
15:50:30.515,0.055
15:50:30.517,0.056
15:50:30.531,0.056
15:50:30.531,0.061
15:50:30.547,0.061
15:50:30.547,0.048
15:50:30.563,0.048
15:50:30.594,0.048
15:50:30.594,0.049
15:50:30.594,0.05
15:50:30.610,0.05
15:50:30.610,0.05
15:50:30.641,0.05
15:50:30.641,0.05
15:50:30.657,0.05
15:50:30.658,0.046
15:50:30.673,0.046
15:50:30.737,0.043
15:50:30.737,0.041
15:50:30.737,0.037
15:50:30.750,0.03
15:50:30.752,0.024
15:50:30.752,0.009
15:50:30.767,0.009
15:50:30.767,0.0
15:50:30.783,0.0
15:50:30.783,0.007
15:50:30.830,0.01
15:50:30.830,-0.001
15:50:30.830,-0.014
15:50:30.846,-0.014
15:50:30.846,-0.024
15:50:30.861,-0.024
15:50:30.861,-0.028
15:50:30.893,-0.028
15:50:30.893,-0.023
15:50:30.908,-0.023
15:50:30.972,-0.023
15:50:30.972,-0.022
15:50:30.972,-0.025
15:50:30.972,-0.027
15:50:30.972,-0.028
15:50:30.987,-0.028
15:50:30.987,-0.025
15:50:31.003,-0.025
15:50:31.003,-0.018
15:50:31.018,-0.018
15:50:31.066,-0.015
15:50:31.066,-0.013
15:50:31.082,-0.015
15:50:31.082,-0.014
15:50:31.082,-0.018
15:50:31.097,-0.018
15:50:31.099,-0.019
15:50:31.114,-0.019
15:50:31.122,-0.022
15:50:31.145,-0.022
15:50:31.208,-0.029
15:50:31.215,-0.037
15:50:31.215,-0.035
15:50:31.215,-0.024
15:50:31.215,-0.025
15:50:31.224,-0.036
15:50:31.240,-0.036
15:50:31.240,-0.045
15:50:31.255,-0.045
15:50:31.255,-0.045
15:50:31.319,-0.044
15:50:31.319,-0.039
15:50:31.319,-0.034
15:50:31.323,-0.033
15:50:31.334,-0.033
15:50:31.335,-0.03
15:50:31.350,-0.03
15:50:31.350,-0.028
15:50:31.366,-0.028
15:50:31.366,-0.024
15:50:31.444,-0.017
15:50:31.444,-0.016
15:50:31.444,-0.013
15:50:31.444,-0.01
15:50:31.460,-0.01
15:50:31.460,-0.008
15:50:31.475,-0.008
15:50:31.478,-0.007
15:50:31.492,-0.007
15:50:31.495,-0.004
15:50:31.539,-0.005
15:50:31.550,-0.007
15:50:31.550,-0.002
15:50:31.555,0.006
15:50:31.571,0.011
15:50:31.588,0.011
15:50:31.588,0.014
15:50:31.603,0.014
15:50:31.603,0.02
15:50:31.618,0.029
15:50:31.696,0.037
15:50:31.696,0.041
15:50:31.696,0.042
15:50:31.696,0.045
15:50:31.712,0.046
15:50:31.728,0.046
15:50:31.728,0.047
15:50:31.744,0.047
15:50:31.744,0.047
15:50:31.759,0.047
15:50:31.806,0.049
15:50:31.817,0.047
15:50:31.817,0.048
15:50:31.817,0.047
15:50:31.822,0.048
15:50:31.838,0.048
15:50:31.838,0.051
15:50:31.853,0.051
15:50:31.853,0.053
15:50:31.869,0.053
15:50:31.917,0.06
15:50:31.917,0.061
15:50:31.917,0.07
15:50:31.933,0.07
15:50:31.933,0.084
15:50:31.949,0.084
15:50:31.949,0.097
15:50:31.965,0.097
15:50:31.965,0.096
15:50:31.980,0.096
15:50:32.028,0.089
15:50:32.043,0.092
15:50:32.043,0.108
15:50:32.043,0.116
15:50:32.047,0.125
15:50:32.059,0.125
15:50:32.075,0.125
15:50:32.077,0.119
15:50:32.091,0.119
15:50:32.091,0.119
15:50:32.176,0.121
15:50:32.176,0.124
15:50:32.176,0.126
15:50:32.176,0.122
15:50:32.186,0.118
15:50:32.201,0.118
15:50:32.203,0.113
15:50:32.217,0.113
15:50:32.217,0.111
15:50:32.233,0.111
15:50:32.280,0.112
15:50:32.280,0.112
15:50:32.280,0.113
15:50:32.280,0.115
15:50:32.296,0.115
15:50:32.296,0.119
15:50:32.311,0.119
15:50:32.311,0.121
15:50:32.327,0.121
15:50:32.330,0.131
15:50:32.374,0.136
15:50:32.374,0.127
15:50:32.374,0.119
15:50:32.390,0.122
15:50:32.406,0.122
15:50:32.406,0.135
15:50:32.438,0.143
15:50:32.454,0.143
15:50:32.454,0.142
15:50:32.470,0.142
15:50:32.517,0.141
15:50:32.517,0.137
15:50:32.517,0.133
15:50:32.517,0.131
15:50:32.532,0.131
15:50:32.532,0.128
15:50:32.548,0.128
15:50:32.548,0.125
15:50:32.563,0.125
15:50:32.563,0.122
15:50:32.611,0.117
15:50:32.611,0.115
15:50:32.626,0.112
15:50:32.626,0.11
15:50:32.642,0.11
15:50:32.642,0.107
15:50:32.658,0.107
15:50:32.658,0.106
15:50:32.689,0.106
15:50:32.689,0.103
15:50:32.753,0.102
15:50:32.753,0.101
15:50:32.753,0.103
15:50:32.753,0.1
15:50:32.768,0.092
15:50:32.784,0.092
15:50:32.784,0.09
15:50:32.800,0.09
15:50:32.800,0.087
15:50:32.816,0.087
15:50:32.863,0.08
15:50:32.863,0.073
15:50:32.863,0.065
15:50:32.863,0.058
15:50:32.879,0.058
15:50:32.879,0.056
15:50:32.894,0.056
15:50:32.900,0.054
15:50:32.925,0.052
15:50:32.942,0.052
15:50:32.990,0.051
15:50:32.990,0.049
15:50:33.003,0.049
15:50:33.003,0.049
15:50:33.005,0.051
15:50:33.020,0.051
15:50:33.022,0.052
15:50:33.037,0.052
15:50:33.037,0.049
15:50:33.053,0.049
15:50:33.100,0.048
15:50:33.117,0.043
15:50:33.117,0.04
15:50:33.117,0.036
15:50:33.117,0.03
15:50:33.132,0.019
15:50:33.148,0.019
15:50:33.148,0.002
15:50:33.163,0.002
15:50:33.167,0.002
15:50:33.242,0.01
15:50:33.256,0.006
15:50:33.258,-0.012
15:50:33.258,-0.024
15:50:33.258,-0.027
15:50:33.274,-0.027
15:50:33.274,-0.025
15:50:33.289,-0.025
15:50:33.289,-0.023
15:50:33.305,-0.023
15:50:33.352,-0.021
15:50:33.352,-0.023
15:50:33.352,-0.024
15:50:33.368,-0.027
15:50:33.368,-0.028
15:50:33.384,-0.028
15:50:33.384,-0.022
15:50:33.399,-0.022
15:50:33.399,-0.019
15:50:33.415,-0.019
15:50:33.478,-0.016
15:50:33.478,-0.014
15:50:33.478,-0.016
15:50:33.478,-0.014
15:50:33.493,-0.014
15:50:33.493,-0.016
15:50:33.509,-0.016
15:50:33.511,-0.018
15:50:33.525,-0.018
15:50:33.525,-0.021
15:50:33.572,-0.024
15:50:33.587,-0.032
15:50:33.587,-0.037
15:50:33.587,-0.03
15:50:33.603,-0.03
15:50:33.603,-0.023
15:50:33.619,-0.023
15:50:33.619,-0.028
15:50:33.636,-0.028
15:50:33.639,-0.038
15:50:33.698,-0.046
15:50:33.698,-0.041
15:50:33.698,-0.041
15:50:33.698,-0.035
15:50:33.729,-0.035
15:50:33.731,-0.035
15:50:33.745,-0.035
15:50:33.745,-0.031
15:50:33.761,-0.031
15:50:33.761,-0.026
15:50:33.809,-0.025
15:50:33.809,-0.02
15:50:33.809,-0.017
15:50:33.824,-0.017
15:50:33.824,-0.014
15:50:33.840,-0.014
15:50:33.840,-0.011
15:50:33.856,-0.011
15:50:33.856,-0.006
15:50:33.871,-0.006
15:50:33.918,-0.009
15:50:33.918,-0.004
15:50:33.918,-0.003
15:50:33.931,-0.006
15:50:33.934,-0.005
15:50:33.951,0.006
15:50:33.982,0.006
15:50:33.982,0.01
15:50:33.997,0.01
15:50:33.997,0.012
15:50:34.045,0.019
15:50:34.045,0.024
15:50:34.057,0.031
15:50:34.061,0.038
15:50:34.077,0.038
15:50:34.077,0.041
15:50:34.093,0.041
15:50:34.093,0.045
15:50:34.109,0.045
15:50:34.109,0.047
15:50:34.173,0.048
15:50:34.173,0.048
15:50:34.173,0.048
15:50:34.188,0.047
15:50:34.189,0.047
15:50:34.203,0.047
15:50:34.206,0.048
15:50:34.219,0.048
15:50:34.219,0.049
15:50:34.236,0.051
15:50:34.298,0.054
15:50:34.298,0.058
15:50:34.298,0.063
15:50:34.314,0.063
15:50:34.314,0.067
15:50:34.330,0.067
15:50:34.330,0.079
15:50:34.346,0.079
15:50:34.346,0.093
15:50:34.361,0.093
15:50:34.408,0.097
15:50:34.408,0.089
15:50:34.408,0.092
15:50:34.408,0.105
15:50:34.424,0.105
15:50:34.424,0.116
15:50:34.439,0.116
15:50:34.439,0.124
15:50:34.455,0.124
15:50:34.455,0.126
15:50:34.518,0.12
15:50:34.518,0.117
15:50:34.518,0.121
15:50:34.534,0.121
15:50:34.534,0.124
15:50:34.549,0.124
15:50:34.549,0.125
15:50:34.565,0.125
15:50:34.565,0.122
15:50:34.581,0.122
15:50:34.627,0.118
15:50:34.627,0.113
15:50:34.627,0.113
15:50:34.643,0.111
15:50:34.643,0.112
15:50:34.659,0.112
15:50:34.659,0.114
15:50:34.674,0.114
15:50:34.674,0.115
15:50:34.690,0.119
15:50:34.769,0.122
15:50:34.769,0.132
15:50:34.769,0.136
15:50:34.769,0.127
15:50:34.784,0.127
15:50:34.785,0.118
15:50:34.800,0.118
15:50:34.800,0.129
15:50:34.816,0.129
15:50:34.816,0.137
15:50:34.863,0.142
15:50:34.878,0.141
15:50:34.878,0.136
15:50:34.878,0.134
15:50:34.894,0.134
15:50:34.894,0.131
15:50:34.910,0.131
15:50:34.910,0.129
15:50:34.925,0.129
15:50:34.925,0.127
15:50:34.988,0.123
15:50:34.988,0.119
15:50:34.988,0.114
15:50:35.004,0.114
15:50:35.004,0.112
15:50:35.019,0.112
15:50:35.019,0.109
15:50:35.035,0.109
15:50:35.035,0.106
15:50:35.051,0.106
15:50:35.098,0.104
15:50:35.098,0.104
15:50:35.098,0.101
15:50:35.098,0.103
15:50:35.113,0.103
15:50:35.113,0.106
15:50:35.129,0.106
15:50:35.144,0.099
15:50:35.160,0.091
15:50:35.160,0.089
15:50:35.240,0.085
15:50:35.240,0.08
15:50:35.240,0.07
15:50:35.255,0.063
15:50:35.256,0.056
15:50:35.270,0.056
15:50:35.270,0.053
15:50:35.286,0.053
15:50:35.288,0.052
15:50:35.302,0.052
15:50:35.349,0.051
15:50:35.349,0.051
15:50:35.349,0.05
15:50:35.349,0.048
15:50:35.365,0.048
15:50:35.365,0.051
15:50:35.381,0.051
15:50:35.381,0.05
15:50:35.396,0.05
15:50:35.396,0.048
15:50:35.459,0.049
15:50:35.459,0.046
15:50:35.459,0.041
15:50:35.474,0.041
15:50:35.474,0.039
15:50:35.491,0.039
15:50:35.491,0.033
15:50:35.506,0.033
15:50:35.506,0.028
15:50:35.522,0.028
15:50:35.568,0.016
15:50:35.568,0.001
15:50:35.584,0.002
15:50:35.585,0.011
15:50:35.585,0.006
15:50:35.600,0.006
15:50:35.600,-0.011
15:50:35.616,-0.011
15:50:35.616,-0.021
15:50:35.631,-0.021
15:50:35.678,-0.027
15:50:35.678,-0.024
15:50:35.695,-0.02
15:50:35.695,-0.019
15:50:35.710,-0.019
15:50:35.710,-0.024
15:50:35.725,-0.024
15:50:35.728,-0.026
15:50:35.741,-0.026
15:50:35.741,-0.028
15:50:35.789,-0.025
15:50:35.789,-0.022
15:50:35.789,-0.017
15:50:35.804,-0.017
15:50:35.804,-0.014
15:50:35.820,-0.014
15:50:35.822,-0.015
15:50:35.836,-0.015
15:50:35.836,-0.016
15:50:35.852,-0.016
15:50:35.900,-0.014
15:50:35.900,-0.018
15:50:35.900,-0.019
15:50:35.900,-0.025
15:50:35.915,-0.025
15:50:35.915,-0.034
15:50:35.931,-0.034
15:50:35.931,-0.037
15:50:35.963,-0.037
15:50:35.963,-0.026
15:50:36.026,-0.021
15:50:36.028,-0.029
15:50:36.028,-0.039
15:50:36.029,-0.045
15:50:36.042,-0.045
15:50:36.042,-0.044
15:50:36.058,-0.044
15:50:36.058,-0.041
15:50:36.074,-0.041
15:50:36.076,-0.039
15:50:36.138,-0.035
15:50:36.142,-0.034
15:50:36.144,-0.031
15:50:36.145,-0.025
15:50:36.154,-0.021
15:50:36.170,-0.021
15:50:36.172,-0.017
15:50:36.186,-0.017
15:50:36.188,-0.015
15:50:36.202,-0.015
15:50:36.249,-0.01
15:50:36.249,-0.009
15:50:36.264,-0.007
15:50:36.264,-0.004
15:50:36.280,-0.004
15:50:36.281,-0.005
15:50:36.296,-0.005
15:50:36.298,-0.004
15:50:36.312,-0.004
15:50:36.312,-0.006
15:50:36.375,-0.003
15:50:36.375,0.007
15:50:36.375,0.014
15:50:36.380,0.014
15:50:36.390,0.014
15:50:36.390,0.02
15:50:36.406,0.02
15:50:36.406,0.026
15:50:36.422,0.026
15:50:36.422,0.036
15:50:36.484,0.041
15:50:36.499,0.042
15:50:36.499,0.044
15:50:36.501,0.045
15:50:36.516,0.045
15:50:36.518,0.047
15:50:36.532,0.047
15:50:36.532,0.048
15:50:36.548,0.048
15:50:36.548,0.049
15:50:36.595,0.048
15:50:36.595,0.047
15:50:36.595,0.047
15:50:36.611,0.047
15:50:36.613,0.048
15:50:36.628,0.05
15:50:36.643,0.05
15:50:36.647,0.055
15:50:36.659,0.055
15:50:36.659,0.059
15:50:36.738,0.064
15:50:36.738,0.067
15:50:36.743,0.083
15:50:36.745,0.094
15:50:36.746,0.096
15:50:36.753,0.088
15:50:36.785,0.088
15:50:36.785,0.088
15:50:36.800,0.088
15:50:36.801,0.106
15:50:36.848,0.116
15:50:36.848,0.122
15:50:36.848,0.126
15:50:36.864,0.126
15:50:36.864,0.122
15:50:36.879,0.122
15:50:36.879,0.118
15:50:36.895,0.118
15:50:36.895,0.121
15:50:36.910,0.121
15:50:36.958,0.124
15:50:36.958,0.125
15:50:36.958,0.123
15:50:36.958,0.12
15:50:36.973,0.12
15:50:36.975,0.114
15:50:36.989,0.114
15:50:36.989,0.11
15:50:37.021,0.111
15:50:37.036,0.111
15:50:37.083,0.112
15:50:37.083,0.112
15:50:37.083,0.114
15:50:37.098,0.116
15:50:37.102,0.119
15:50:37.115,0.119
15:50:37.117,0.125
15:50:37.132,0.125
15:50:37.132,0.135
15:50:37.147,0.135
15:50:37.211,0.136
15:50:37.211,0.124
15:50:37.211,0.119
15:50:37.211,0.127
15:50:37.211,0.137
15:50:37.225,0.137
15:50:37.225,0.14
15:50:37.241,0.14
15:50:37.241,0.141
15:50:37.257,0.141
15:50:37.304,0.139
15:50:37.304,0.135
15:50:37.304,0.132
15:50:37.320,0.129
15:50:37.336,0.129
15:50:37.336,0.128
15:50:37.351,0.128
15:50:37.351,0.125
15:50:37.368,0.125
15:50:37.368,0.118
15:50:37.431,0.116
15:50:37.431,0.113
15:50:37.431,0.109
15:50:37.431,0.107
15:50:37.447,0.107
15:50:37.447,0.105
15:50:37.463,0.105
15:50:37.463,0.102
15:50:37.478,0.102
15:50:37.478,0.102
15:50:37.541,0.102
15:50:37.541,0.105
15:50:37.541,0.101
15:50:37.557,0.093
15:50:37.573,0.093
15:50:37.573,0.088
15:50:37.589,0.088
15:50:37.589,0.087
15:50:37.605,0.087
15:50:37.608,0.08
15:50:37.668,0.074
15:50:37.668,0.065
15:50:37.668,0.058
15:50:37.676,0.054
15:50:37.684,0.054
15:50:37.699,0.054
15:50:37.699,0.053
15:50:37.715,0.053
15:50:37.715,0.051
15:50:37.731,0.051
15:50:37.793,0.049
15:50:37.793,0.05
15:50:37.793,0.05
15:50:37.793,0.051
15:50:37.809,0.05
15:50:37.825,0.05
15:50:37.825,0.05
15:50:37.841,0.05
15:50:37.844,0.06
15:50:37.858,0.06
15:50:37.905,0.044
15:50:37.921,0.039
15:50:37.921,0.034
15:50:37.921,0.03
15:50:37.921,0.021
15:50:37.937,0.021
15:50:37.937,0.005
15:50:37.952,0.005
15:50:37.952,-0.002
15:50:37.968,-0.002
15:50:38.015,0.007
15:50:38.015,0.009
15:50:38.015,-0.003
15:50:38.015,-0.02
15:50:38.030,-0.02
15:50:38.030,-0.027
15:50:38.047,-0.027
15:50:38.047,-0.027
15:50:38.063,-0.022
15:50:38.094,-0.022
15:50:38.141,-0.022
15:50:38.157,-0.023
15:50:38.157,-0.027
15:50:38.157,-0.026
15:50:38.157,-0.028
15:50:38.173,-0.028
15:50:38.173,-0.024
15:50:38.188,-0.024
15:50:38.188,-0.019
15:50:38.204,-0.019
15:50:38.252,-0.017
15:50:38.252,-0.013
15:50:38.252,-0.014
15:50:38.252,-0.015
15:50:38.267,-0.015
15:50:38.267,-0.016
15:50:38.283,-0.016
15:50:38.283,-0.018
15:50:38.299,-0.018
15:50:38.299,-0.022
15:50:38.361,-0.029
15:50:38.361,-0.036
15:50:38.361,-0.034
15:50:38.377,-0.034
15:50:38.378,-0.022
15:50:38.393,-0.022
15:50:38.395,-0.025
15:50:38.409,-0.025
15:50:38.411,-0.036
15:50:38.425,-0.036
15:50:38.457,-0.043
15:50:38.473,-0.042
15:50:38.473,-0.045
15:50:38.473,-0.039
15:50:38.488,-0.039
15:50:38.488,-0.034
15:50:38.504,-0.034
15:50:38.506,-0.032
15:50:38.521,-0.032
15:50:38.524,-0.031
15:50:38.583,-0.028
15:50:38.583,-0.021
15:50:38.583,-0.018
15:50:38.588,-0.015
15:50:38.615,-0.012
15:50:38.631,-0.012
15:50:38.632,-0.01
15:50:38.648,-0.01
15:50:38.654,-0.007
15:50:38.662,-0.006
15:50:38.728,-0.004
15:50:38.731,-0.004
15:50:38.733,-0.008
15:50:38.734,-0.004
15:50:38.741,0.005
15:50:38.756,0.011
15:50:38.772,0.011
15:50:38.772,0.01
15:50:38.788,0.01
15:50:38.788,0.018
15:50:38.835,0.026
15:50:38.851,0.035
15:50:38.852,0.038
15:50:38.866,0.044
15:50:38.882,0.044
15:50:38.882,0.045
15:50:38.898,0.045
15:50:38.898,0.046
15:50:38.914,0.046
15:50:38.914,0.048
15:50:38.961,0.046
15:50:38.961,0.049
15:50:38.976,0.048
15:50:38.977,0.048
15:50:38.992,0.048
15:50:38.994,0.046
15:50:39.008,0.046
15:50:39.010,0.048
15:50:39.024,0.048
15:50:39.024,0.05
15:50:39.086,0.054
15:50:39.086,0.059
15:50:39.086,0.062
15:50:39.086,0.068
15:50:39.118,0.068
15:50:39.119,0.082
15:50:39.133,0.082
15:50:39.133,0.097
15:50:39.149,0.097
15:50:39.150,0.094
15:50:39.212,0.087
15:50:39.228,0.094
15:50:39.228,0.107
15:50:39.228,0.121
15:50:39.228,0.124
15:50:39.243,0.124
15:50:39.245,0.125
15:50:39.259,0.125
15:50:39.259,0.119
15:50:39.275,0.119
15:50:39.323,0.119
15:50:39.323,0.124
15:50:39.323,0.123
15:50:39.323,0.125
15:50:39.338,0.125
15:50:39.338,0.122
15:50:39.369,0.122
15:50:39.370,0.116
15:50:39.385,0.116
15:50:39.385,0.112
15:50:39.464,0.111
15:50:39.469,0.109
15:50:39.470,0.112
15:50:39.471,0.114
15:50:39.471,0.114
15:50:39.480,0.118
15:50:39.495,0.118
15:50:39.497,0.128
15:50:39.511,0.128
15:50:39.513,0.135
15:50:39.559,0.136
15:50:39.559,0.126
15:50:39.559,0.12
15:50:39.574,0.12
15:50:39.574,0.132
15:50:39.590,0.132
15:50:39.591,0.139
15:50:39.606,0.139
15:50:39.622,0.142
15:50:39.638,0.142
15:50:39.700,0.139
15:50:39.714,0.137
15:50:39.715,0.131
15:50:39.717,0.131
15:50:39.718,0.129
15:50:39.718,0.126
15:50:39.732,0.126
15:50:39.734,0.122
15:50:39.748,0.122
15:50:39.748,0.115
15:50:43.841,5.623
15:50:43.850,5.54
15:50:43.850,5.588
15:50:43.850,5.672
15:50:43.854,5.296
15:50:43.854,5.038
15:50:43.855,4.852
15:50:43.855,4.915
15:50:43.855,4.866
15:50:43.858,4.675
15:50:43.858,4.329
15:50:43.858,3.985
15:50:43.858,4.063
15:50:43.858,3.82
15:50:43.858,3.71
15:50:43.863,3.432
15:50:43.863,3.386
15:50:43.863,3.431
15:50:43.863,3.479
15:50:43.866,3.022
15:50:43.866,3.107
15:50:43.867,3.42
15:50:43.867,3.793
15:50:43.869,2.945
15:50:43.869,2.416
15:50:43.869,2.294
15:50:43.869,2.121
15:50:43.869,2.259
15:50:43.872,1.934
15:50:43.874,1.666
15:50:43.874,1.326
15:50:43.876,0.639
15:50:43.876,0.481
15:50:43.877,0.306
15:50:43.877,0.277
15:50:43.877,0.207
15:50:43.877,0.275
15:50:43.877,0.172
15:50:43.877,0.03
15:50:43.877,0.053
15:50:43.877,0.018
15:50:43.877,0.071
15:50:43.877,0.075
15:50:43.877,0.271
15:50:43.877,-0.096
15:50:43.889,-0.08
15:50:43.889,-0.262
15:50:43.889,-0.323
15:50:43.889,-0.816
15:50:43.889,-0.8
15:50:43.889,-1.069
15:50:43.889,-1.557
15:50:43.889,-2.922
15:50:43.889,-3.27
15:50:43.889,-2.273
15:50:43.889,-1.943
15:50:43.889,-2.433
15:50:43.889,-3.557
15:50:43.889,-4.146
15:50:43.889,-4.519
15:50:43.904,-4.619
15:50:43.905,-4.13
15:50:43.905,-4.111
15:50:43.905,-4.065
15:50:43.905,-4.309
15:50:43.905,-4.416
15:50:43.905,-4.58
15:50:43.905,-4.187
15:50:43.905,-4.161
15:50:43.905,-3.847
15:50:43.905,-3.773
15:50:43.905,-3.559
15:50:43.905,-3.629
15:50:43.905,-3.545
15:50:43.905,-3.76
15:50:43.905,-3.854
15:50:43.916,-3.918
15:50:43.917,-3.936
15:50:43.917,-4.0
15:50:43.917,-4.247
15:50:43.917,-5.316
15:50:43.917,-5.559
15:50:43.917,-4.381
15:50:43.921,-3.644
15:50:43.921,-4.033
15:50:43.921,-4.696
15:50:43.921,-5.338
15:50:43.921,-5.608
15:50:43.921,-5.568
15:50:43.926,-5.547
15:50:43.927,-5.436
15:50:43.927,-5.097
15:50:43.927,-4.737
15:50:43.927,-4.865
15:50:43.927,-4.812
15:50:43.927,-4.598
15:50:43.927,-4.591
15:50:43.927,-4.017
15:50:43.927,-3.944
15:50:43.927,-3.774
15:50:43.927,-3.767
15:50:43.927,-3.759
15:50:43.927,-3.468
15:50:43.927,-3.169
15:50:43.937,-3.314
15:50:43.937,-3.147
15:50:43.937,-2.964
15:50:43.937,-3.101
15:50:43.937,-3.566
15:50:43.937,-2.997
15:50:43.937,-2.368
15:50:43.937,-2.372
15:50:43.937,-2.408
15:50:43.937,-2.171
15:50:43.937,-1.779
15:50:43.937,-1.637
15:50:43.937,-1.217
15:50:43.937,-0.824
15:50:43.937,-0.457
15:50:43.937,-0.435
15:50:43.937,-0.274
15:50:43.937,-0.284
15:50:43.937,-0.135
15:50:43.937,-0.245
15:50:43.937,-0.078
15:50:43.937,-0.071
15:50:43.953,0.04
15:50:43.953,-0.018
15:50:43.953,-0.082
15:50:43.953,-0.038
15:50:43.953,0.134
15:50:43.953,0.329
15:50:43.953,0.55
15:50:43.953,0.711
15:50:43.953,0.9
15:50:43.953,1.148
15:50:43.953,1.801
15:50:43.953,2.936
15:50:43.953,3.249
15:50:43.953,2.33
15:50:43.953,1.67
15:50:43.953,2.813
15:50:43.953,3.823
15:50:43.953,4.241
15:50:43.953,4.836
15:50:43.953,4.284
15:50:43.953,4.021
15:50:43.953,4.205
15:50:43.969,4.396
15:50:43.969,4.402
15:50:43.969,4.606
15:50:43.969,4.499
15:50:43.969,4.555
15:50:43.969,4.121
15:50:43.969,3.979
15:50:43.969,3.671
15:50:43.969,3.755
15:50:43.975,3.821
15:50:43.975,3.745
15:50:43.975,3.965
15:50:43.975,4.103
15:50:43.975,4.046
15:50:43.975,4.189
15:50:43.975,4.221
15:50:43.975,5.197
15:50:43.981,5.454
15:50:43.981,4.566
15:50:43.981,3.999
15:50:43.981,4.468
15:50:43.985,4.853
15:50:43.985,5.545
15:50:43.985,5.65
15:50:43.985,5.676
15:50:43.985,5.54
15:50:43.985,5.27
15:50:43.985,5.229
15:50:43.985,4.956
15:50:43.985,4.792
15:50:43.985,4.797
15:50:43.985,4.787
15:50:44.001,4.492
15:50:44.001,4.083
15:50:44.001,3.947
15:50:44.001,3.797
15:50:44.001,3.776
15:50:44.001,3.64
15:50:44.001,3.408
15:50:44.001,3.423
15:50:44.001,3.025
15:50:44.001,2.936
15:50:44.001,3.622
15:50:44.001,3.271
15:50:44.001,2.423
15:50:44.001,2.538
15:50:44.001,2.311
15:50:44.001,2.0
15:50:44.001,1.649
15:50:44.016,1.243
15:50:44.018,0.784
15:50:44.018,0.541
15:50:44.018,0.242
15:50:44.018,0.439
15:50:44.018,0.233
15:50:44.018,0.269
15:50:44.018,0.255
15:50:44.018,0.058
15:50:44.018,-0.001
15:50:44.018,0.081
15:50:44.018,0.198
15:50:44.018,0.143
15:50:44.032,0.142
15:50:44.032,0.067
15:50:44.032,-0.027
15:50:44.032,-0.257
15:50:44.032,-0.447
15:50:44.032,-0.862
15:50:44.032,-0.977
15:50:44.032,-1.562
15:50:44.032,-3.184
15:50:44.032,-3.029
15:50:44.032,-2.715
15:50:44.040,-1.623
15:50:44.041,-2.286
15:50:44.041,-3.157
15:50:44.042,-3.844
15:50:44.042,-4.453
15:50:44.044,-4.802
15:50:44.044,-3.88
15:50:44.045,-4.131
15:50:44.046,-4.308
15:50:44.046,-4.132
15:50:44.047,-4.423
15:50:44.048,-4.542
15:50:44.048,-4.44
15:50:44.048,-3.968
15:50:44.048,-3.915
15:50:44.051,-3.628
15:50:44.051,-3.516
15:50:44.051,-3.642
15:50:44.051,-3.679
15:50:44.051,-3.768
15:50:44.051,-3.938
15:50:44.051,-4.108
15:50:44.051,-4.069
15:50:44.051,-4.557
15:50:44.057,-5.611
15:50:44.058,-5.432
15:50:44.058,-4.808
15:50:44.059,-3.628
15:50:44.059,-4.229
15:50:44.059,-4.916
15:50:44.059,-5.351
15:50:44.059,-5.426
15:50:44.059,-5.535
15:50:44.059,-5.257
15:50:44.064,-4.986
15:50:44.064,-4.934
15:50:44.064,-4.463
15:50:44.064,-4.784
15:50:44.064,-4.108
15:50:44.064,-3.959
15:50:44.064,-3.864
15:50:44.064,-3.898
15:50:44.064,-3.652
15:50:44.064,-3.317
15:50:44.064,-3.343
15:50:44.064,-3.278
15:50:44.064,-3.333
15:50:44.064,-2.705
15:50:44.064,-2.966
15:50:44.064,-3.679
15:50:44.064,-2.916
15:50:44.064,-2.216
15:50:44.064,-2.171
15:50:44.064,-2.307
15:50:44.064,-2.024
15:50:44.064,-1.678
15:50:44.080,-1.34
15:50:44.080,-0.93
15:50:44.080,-0.642
15:50:44.080,-0.332
15:50:44.080,-0.333
15:50:44.080,-0.007
15:50:44.080,0.194
15:50:44.080,-0.075
15:50:44.080,-0.027
15:50:44.080,0.107
15:50:44.080,0.038
15:50:44.080,-0.162
15:50:44.080,-0.095
15:50:44.080,0.013
15:50:44.080,0.131
15:50:44.080,0.235
15:50:44.080,0.471
15:50:44.080,0.892
15:50:44.080,0.766
15:50:44.080,1.276
15:50:44.080,2.049
15:50:44.080,3.277
15:50:44.080,3.202
15:50:44.080,2.352
15:50:44.096,1.985
15:50:44.096,3.472
15:50:44.096,4.303
15:50:44.096,4.326
15:50:44.096,4.808
15:50:44.096,4.603
15:50:44.096,3.994
15:50:44.096,4.006
15:50:44.096,4.276
15:50:44.096,4.48
15:50:44.096,4.621
15:50:44.096,4.668
15:50:44.096,4.564
15:50:44.096,4.499
15:50:44.096,4.088
15:50:44.096,3.822
15:50:44.096,3.623
15:50:44.096,3.933
15:50:44.096,3.886
15:50:44.096,4.094
15:50:44.096,4.129
15:50:44.112,4.133
15:50:44.112,4.249
15:50:44.112,5.14
15:50:44.112,5.55
15:50:44.112,4.303
15:50:44.112,3.767
15:50:44.112,4.557
15:50:44.112,5.411
15:50:44.112,5.599
15:50:44.112,5.779
15:50:44.112,5.693
15:50:44.112,5.382
15:50:44.112,4.833
15:50:44.112,5.01
15:50:44.112,4.765
15:50:44.112,4.625
15:50:44.112,4.24
15:50:44.112,3.826
15:50:44.112,3.862
15:50:44.112,3.734
15:50:44.112,3.449
15:50:44.112,3.37
15:50:44.112,3.451
15:50:44.112,3.452
15:50:44.127,3.089
15:50:44.127,2.958
15:50:44.131,3.452
15:50:44.132,3.693
15:50:44.132,3.632
15:50:44.132,2.865
15:50:44.137,2.329
15:50:44.137,2.287
15:50:44.137,2.3
15:50:44.137,2.006
15:50:44.137,1.247
15:50:44.137,0.857
15:50:44.137,0.778
15:50:44.137,0.625
15:50:44.137,0.479
15:50:44.143,0.351
15:50:44.143,0.121
15:50:44.143,0.297
15:50:44.143,0.103
15:50:44.143,0.019
15:50:44.143,0.071
15:50:44.143,0.147
15:50:44.143,0.114
15:50:44.143,0.201
15:50:44.143,0.13
15:50:44.143,0.051
15:50:44.143,-0.045
15:50:44.143,-0.017
15:50:44.143,-0.43
15:50:44.143,-0.543
15:50:44.143,-0.786
15:50:44.143,-0.9
15:50:44.143,-2.029
15:50:44.143,-2.884
15:50:44.143,-2.83
15:50:44.143,-2.455
15:50:44.159,-1.778
15:50:44.159,-2.546
15:50:44.159,-3.28
15:50:44.159,-4.057
15:50:44.159,-4.332
15:50:44.159,-4.644
15:50:44.159,-4.377
15:50:44.159,-4.013
15:50:44.159,-4.12
15:50:44.159,-4.083
15:50:44.159,-4.195
15:50:44.159,-4.581
15:50:44.159,-4.536
15:50:44.159,-4.43
15:50:44.159,-4.024
15:50:44.159,-3.742
15:50:44.159,-3.571
15:50:44.159,-3.622
15:50:44.159,-3.844
15:50:44.159,-3.752
15:50:44.159,-3.916
15:50:44.175,-3.995
15:50:44.175,-3.971
15:50:44.175,-4.278
15:50:44.175,-5.301
15:50:44.175,-5.303
15:50:44.175,-3.755
15:50:44.175,-4.08
15:50:44.175,-4.766
15:50:44.175,-5.457
15:50:44.175,-5.527
15:50:44.175,-5.632
15:50:44.175,-5.489
15:50:44.175,-5.072
15:50:44.175,-4.911
15:50:44.175,-4.82
15:50:44.175,-4.689
15:50:44.175,-4.666
15:50:44.175,-4.443
15:50:44.175,-4.208
15:50:44.175,-3.993
15:50:44.175,-3.711
15:50:44.175,-3.673
15:50:44.191,-3.584
15:50:44.191,-3.231
15:50:44.191,-3.287
15:50:44.191,-3.265
15:50:44.191,-2.808
15:50:44.191,-2.922
15:50:44.191,-3.483
15:50:44.191,-3.137
15:50:44.191,-2.197
15:50:44.191,-2.619
15:50:44.191,-2.342
15:50:44.191,-1.884
15:50:44.191,-1.747
15:50:44.191,-1.217
15:50:44.191,-0.52
15:50:44.191,-0.419
15:50:44.191,-0.348
15:50:44.191,-0.014
15:50:44.191,-0.264
15:50:44.206,-0.237
15:50:44.206,-0.002
15:50:44.206,-0.044
15:50:44.206,0.093
15:50:44.206,0.074
15:50:44.206,0.037
15:50:44.206,-0.132
15:50:44.206,-0.039
15:50:44.206,-0.009
15:50:44.206,0.114
15:50:44.206,0.323
15:50:44.206,0.472
15:50:44.206,0.443
15:50:44.206,0.888
15:50:44.206,1.054
15:50:44.206,1.182
15:50:44.206,2.435
15:50:44.206,3.472
15:50:44.206,2.585
15:50:44.206,1.6
15:50:44.206,2.288
15:50:44.206,3.259
15:50:44.206,4.226
15:50:44.206,4.481
15:50:44.222,4.789
15:50:44.222,4.763
15:50:44.222,4.062
15:50:44.222,4.039
15:50:44.222,4.214
15:50:44.222,4.537
15:50:44.222,4.509
15:50:44.222,4.713
15:50:44.222,4.529
15:50:44.222,4.39
15:50:44.222,3.977
15:50:44.222,3.952
15:50:44.222,3.762
15:50:44.222,3.719
15:50:44.222,3.889
15:50:44.222,3.908
15:50:44.222,4.154
15:50:44.222,4.171
15:50:44.222,4.158
15:50:44.222,4.825
15:50:44.238,5.441
15:50:44.238,5.485
15:50:44.238,4.19
15:50:44.238,3.863
15:50:44.238,4.236
15:50:44.238,5.203
15:50:44.238,5.551
15:50:44.238,5.661
15:50:44.238,5.667
15:50:44.238,5.453
15:50:44.238,5.208
15:50:44.238,5.277
15:50:44.238,4.937
15:50:44.238,4.796
15:50:44.238,4.875
15:50:44.238,4.681
15:50:44.238,4.571
15:50:44.238,4.34
15:50:44.238,4.108
15:50:44.238,3.862
15:50:44.238,3.671
15:50:44.238,3.544
15:50:44.238,3.625
15:50:44.254,3.382
15:50:44.286,3.376
15:50:44.287,3.368
15:50:44.287,2.891
15:50:44.287,3.061
15:50:44.287,3.56
15:50:44.287,3.738
15:50:44.287,2.958
15:50:44.287,2.438
15:50:44.287,2.22
15:50:44.287,2.481
15:50:44.287,2.191
15:50:44.296,1.948
15:50:44.297,1.539
15:50:44.298,1.213
15:50:44.298,0.82
15:50:44.298,0.377
15:50:44.298,0.372
15:50:44.301,0.327
15:50:44.302,0.2
15:50:44.302,0.227
15:50:44.303,0.088
15:50:44.303,0.097
15:50:44.303,0.169
15:50:44.303,0.177
15:50:44.306,0.177
15:50:44.306,0.204
15:50:44.306,0.13
15:50:44.306,-0.125
15:50:44.306,-0.341
15:50:44.306,-0.529
15:50:44.306,-0.821
15:50:44.306,-0.819
15:50:44.306,-1.073
15:50:44.306,-2.135
15:50:44.306,-3.095
15:50:44.315,-3.263
15:50:44.315,-2.14
15:50:44.315,-1.685
15:50:44.318,-2.443
15:50:44.318,-3.651
15:50:44.318,-4.091
15:50:44.318,-4.455
15:50:44.322,-4.702
15:50:44.322,-4.274
15:50:44.323,-4.05
15:50:44.323,-4.124
15:50:44.323,-4.291
15:50:44.323,-4.406
15:50:44.323,-4.557
15:50:44.326,-4.436
15:50:44.327,-4.291
15:50:44.327,-4.119
15:50:44.329,-3.846
15:50:44.329,-3.63
15:50:44.329,-3.464
15:50:44.329,-3.603
15:50:44.332,-3.863
15:50:44.332,-3.606
15:50:44.333,-3.751
15:50:44.333,-4.062
15:50:44.333,-3.991
15:50:44.333,-4.113
15:50:44.333,-4.761
15:50:44.333,-5.488
15:50:44.333,-5.388
15:50:44.333,-4.195
15:50:44.333,-3.904
15:50:44.340,-4.547
15:50:44.340,-5.357
15:50:44.340,-5.604
15:50:44.340,-5.506
15:50:44.340,-5.38
15:50:44.340,-5.181
15:50:44.344,-5.232
15:50:44.345,-4.777
15:50:44.346,-4.612
15:50:44.346,-4.674
15:50:44.346,-4.589
15:50:44.348,-4.241
15:50:44.348,-3.978
15:50:44.350,-3.825
15:50:44.350,-3.676
15:50:44.352,-3.529
15:50:44.353,-3.346
15:50:44.353,-3.175
15:50:44.353,-3.369
15:50:44.353,-2.891
15:50:44.353,-3.189
15:50:44.353,-3.512
15:50:44.353,-3.015
15:50:44.353,-2.366
15:50:44.353,-2.302
15:50:44.353,-2.284
15:50:44.353,-1.775
15:50:44.353,-1.752
15:50:44.353,-1.334
15:50:44.353,-0.892
15:50:44.353,-0.609
15:50:44.353,-0.453
15:50:44.365,-0.367
15:50:44.365,-0.312
15:50:44.368,-0.198
15:50:44.368,-0.182
15:50:44.368,-0.074
15:50:44.368,0.105
15:50:44.368,0.0
15:50:44.368,0.026
15:50:44.368,-0.047
15:50:44.368,-0.016
15:50:44.368,0.01
15:50:44.375,0.139
15:50:44.375,0.198
15:50:44.376,0.415
15:50:44.376,0.623
15:50:44.376,0.738
15:50:44.376,1.038
15:50:44.376,0.898
15:50:44.376,1.286
15:50:44.376,2.397
15:50:44.381,3.259
15:50:44.381,2.978
15:50:44.381,2.407
15:50:44.383,1.868
15:50:44.383,2.686
15:50:44.383,3.851
15:50:44.383,4.332
15:50:44.383,4.821
15:50:44.383,4.688
15:50:44.383,4.525
15:50:44.390,4.113
15:50:44.390,4.012
15:50:44.390,4.38
15:50:44.390,4.397
15:50:44.390,4.554
15:50:44.390,4.654
15:50:44.395,4.618
15:50:44.397,4.342
15:50:44.397,4.359
15:50:44.397,3.984
15:50:44.397,3.859
15:50:44.397,3.796
15:50:44.397,3.813
15:50:44.397,3.773
15:50:44.397,3.91
15:50:44.397,4.099
15:50:44.397,4.104
15:50:44.397,4.212
15:50:44.397,4.71
15:50:44.397,5.471
15:50:44.397,5.587
15:50:44.397,4.842
15:50:44.397,3.813
15:50:44.397,4.411
15:50:44.397,5.13
15:50:44.397,5.616
15:50:44.397,5.624
15:50:44.397,5.536
15:50:44.397,5.497
15:50:44.397,5.184
15:50:44.412,4.959
15:50:44.412,4.945
15:50:44.412,4.868
15:50:44.412,4.704
15:50:44.412,4.656
15:50:44.412,4.502
15:50:44.412,4.157
15:50:44.412,3.829
15:50:44.412,3.88
15:50:44.412,3.706
15:50:44.412,3.65
15:50:44.412,3.25
15:50:44.412,3.382
15:50:44.412,3.477
15:50:44.412,3.021
15:50:44.412,2.943
15:50:44.412,3.393
15:50:44.412,3.71
15:50:44.412,3.204
15:50:44.412,2.528
15:50:44.412,2.319
15:50:44.412,2.164
15:50:44.428,2.039
15:50:44.428,1.346
15:50:44.428,1.371
15:50:44.428,0.781
15:50:44.428,0.722
15:50:44.432,0.636
15:50:44.432,0.457
15:50:44.432,0.25
15:50:44.435,0.16
15:50:44.435,-0.023
15:50:44.435,0.187
15:50:44.435,0.268
15:50:44.435,0.105
15:50:44.435,-0.031
15:50:44.435,0.2
15:50:44.435,0.118
15:50:44.435,0.045
15:50:44.435,-0.024
15:50:44.435,-0.216
15:50:44.435,-0.767
15:50:44.435,-2.259
15:50:44.444,-3.225
15:50:44.444,-2.767
15:50:44.444,-1.642
15:50:44.444,-2.374
15:50:44.444,-3.51
15:50:44.444,-3.996
15:50:44.444,-4.105
15:50:44.444,-4.46
15:50:44.444,-4.64
15:50:44.444,-4.163
15:50:44.444,-3.954
15:50:44.444,-4.123
15:50:44.444,-4.054
15:50:44.444,-4.414
15:50:44.444,-4.561
15:50:44.444,-4.511
15:50:44.444,-4.277
15:50:44.444,-4.033
15:50:44.444,-3.808
15:50:44.444,-3.55
15:50:44.444,-3.515
15:50:44.444,-3.762
15:50:44.444,-3.688
15:50:44.460,-3.818
15:50:44.460,-3.852
15:50:44.460,-4.005
15:50:44.460,-4.135
15:50:44.460,-4.92
15:50:44.460,-5.414
15:50:44.460,-5.437
15:50:44.460,-4.747
15:50:44.460,-3.561
15:50:44.460,-4.093
15:50:44.460,-5.019
15:50:44.460,-5.485
15:50:44.460,-5.531
15:50:44.460,-5.598
15:50:44.460,-5.341
15:50:44.460,-5.186
15:50:44.460,-5.128
15:50:44.460,-4.909
15:50:44.460,-4.89
15:50:44.460,-4.54
15:50:44.460,-4.561
15:50:44.476,-4.228
15:50:44.476,-3.99
15:50:44.476,-3.823
15:50:44.476,-3.856
15:50:44.476,-3.72
15:50:44.476,-3.427
15:50:44.476,-3.378
15:50:44.476,-3.288
15:50:44.476,-3.33
15:50:44.476,-3.043
15:50:44.476,-2.841
15:50:44.476,-3.093
15:50:44.476,-3.71
15:50:44.476,-2.836
15:50:44.476,-1.019
15:50:44.476,-2.684
15:50:44.476,-2.641
15:50:44.476,-1.788
15:50:44.476,-1.793
15:50:44.476,-1.222
15:50:44.476,-0.666
15:50:44.476,-0.533
15:50:44.476,-0.417
15:50:44.492,-0.338
15:50:44.492,-0.057
15:50:44.492,0.207
15:50:44.492,0.017
15:50:44.492,-0.132
15:50:44.492,0.04
15:50:44.492,0.03
15:50:44.492,-0.013
15:50:44.492,-0.249
15:50:44.492,-0.006
15:50:44.492,-0.046
15:50:44.492,0.121
15:50:44.492,0.315
15:50:44.492,0.337
15:50:44.492,0.689
15:50:44.492,0.966
15:50:44.492,1.292
15:50:44.492,1.419
15:50:44.492,2.938
15:50:44.492,3.286
15:50:44.492,2.442
15:50:44.492,2.345
15:50:44.492,3.3
15:50:44.508,4.008
15:50:44.508,4.553
15:50:44.508,4.68
15:50:44.508,4.469
15:50:44.508,4.188
15:50:44.508,4.148
15:50:44.508,4.421
15:50:44.508,4.463
15:50:44.508,4.799
15:50:44.508,4.497
15:50:44.508,4.571
15:50:44.508,4.254
15:50:44.508,3.982
15:50:44.508,3.731
15:50:44.508,3.801
15:50:44.508,3.756
15:50:44.508,3.782
15:50:44.508,3.78
15:50:44.508,4.067
15:50:44.508,4.097
15:50:44.508,4.195
15:50:44.524,4.933
15:50:44.524,5.67
15:50:44.524,4.33
15:50:44.524,3.671
15:50:44.524,4.201
15:50:44.524,4.994
15:50:44.524,5.44
15:50:44.524,5.608
15:50:44.524,5.398
15:50:44.524,5.637
15:50:44.524,5.358
15:50:44.524,5.158
15:50:44.524,5.107
15:50:44.524,4.726
15:50:44.524,4.813
15:50:44.524,4.865
15:50:44.524,4.396
15:50:44.539,4.16
15:50:44.539,3.904
15:50:44.539,3.81
15:50:44.539,3.855
15:50:44.539,3.571
15:50:44.539,3.464
15:50:44.539,3.43
15:50:44.539,3.343
15:50:44.539,3.389
15:50:44.539,2.818
15:50:44.539,3.095
15:50:44.539,3.59
15:50:44.539,3.505
15:50:44.539,2.809
15:50:44.539,2.306
15:50:44.539,2.592
15:50:44.539,2.35
15:50:44.539,2.026
15:50:44.539,2.02
15:50:44.539,1.515
15:50:44.539,1.221
15:50:44.555,0.727
15:50:44.555,0.53
15:50:44.555,0.445
15:50:44.555,0.458
15:50:44.555,0.132
15:50:44.555,0.064
15:50:44.555,0.05
15:50:44.555,0.132
15:50:44.555,0.302
15:50:44.555,0.034
15:50:44.555,-0.239
15:50:44.555,0.332
15:50:44.555,0.236
15:50:44.555,0.052
15:50:44.555,0.007
15:50:44.555,-0.097
15:50:44.555,-0.288
15:50:44.555,-0.535
15:50:44.555,-0.834
15:50:44.555,-1.041
15:50:44.555,-1.098
15:50:44.555,-2.553
15:50:44.555,-3.34
15:50:44.571,-2.71
15:50:44.571,-1.878
15:50:44.571,-1.833
15:50:44.571,-2.869
15:50:44.571,-3.538
15:50:44.571,-3.812
15:50:44.571,-4.396
15:50:44.571,-4.819
15:50:44.571,-4.399
15:50:44.571,-4.021
15:50:44.571,-3.943
15:50:44.571,-4.162
15:50:44.587,-4.283
15:50:44.587,-4.273
15:50:44.587,-4.608
15:50:44.587,-4.435
15:50:44.587,-4.154
15:50:44.587,-4.243
15:50:44.587,-3.829
15:50:44.697,-3.738
15:50:44.697,-3.544
15:50:44.697,-3.715
15:50:44.697,-3.879
15:50:44.697,-3.611
15:50:44.697,-3.693
15:50:44.697,-3.852
15:50:44.697,-4.084
15:50:44.697,-4.129
15:50:44.697,-4.295
15:50:44.697,-5.281
15:50:44.697,-5.339
15:50:44.697,-4.786
15:50:44.713,-3.647
15:50:44.713,-4.212
15:50:44.713,-4.678
15:50:44.713,-5.313
15:50:44.713,-5.635
15:50:44.713,-5.553
15:50:44.713,-5.573
15:50:44.713,-5.27
15:50:44.713,-5.255
15:50:44.713,-4.894
15:50:44.713,-4.848
15:50:44.713,-4.645
15:50:44.713,-4.673
15:50:44.713,-4.372
15:50:44.713,-4.096
15:50:44.728,-3.773
15:50:44.728,-3.653
15:50:44.729,-3.746
15:50:44.729,-3.686
15:50:44.729,-3.357
15:50:44.729,-3.276
15:50:44.729,-3.325
15:50:44.729,-2.868
15:50:44.729,-3.115
15:50:44.729,-3.478
15:50:44.729,-3.241
15:50:44.729,-2.464
15:50:44.729,-2.183
15:50:44.729,-2.34
15:50:44.729,-2.197
15:50:44.729,-1.702
15:50:44.729,-1.301
15:50:44.729,-0.955
15:50:44.729,-0.471
15:50:44.729,-0.289
15:50:44.729,-0.15
15:50:44.729,-0.152
15:50:44.729,-0.137
15:50:44.729,-0.055
15:50:44.745,0.151
15:50:44.745,0.052
15:50:44.745,-0.008
15:50:44.745,0.012
15:50:44.745,-0.081
15:50:44.745,-0.062
15:50:44.745,0.087
15:50:44.745,0.231
15:50:44.745,0.412
15:50:44.745,0.484
15:50:44.745,0.773
15:50:44.745,1.16
15:50:44.745,1.1
15:50:44.745,1.103
15:50:44.745,2.311
15:50:44.745,3.315
15:50:44.745,3.559
15:50:44.761,2.255
15:50:44.761,1.434
15:50:44.761,3.069
15:50:44.761,4.115
15:50:44.761,4.331
15:50:44.761,4.59
15:50:44.761,4.647
15:50:44.761,4.569
15:50:44.761,3.978
15:50:44.761,4.105
15:50:44.761,4.294
15:50:44.761,4.543
15:50:44.761,4.489
15:50:44.761,4.719
15:50:44.761,4.562
15:50:44.761,4.242
15:50:44.761,4.067
15:50:44.761,3.712
15:50:44.761,3.625
15:50:44.775,3.766
15:50:44.776,3.88
15:50:44.776,3.782
15:50:44.776,4.069
15:50:44.776,4.134
15:50:44.776,4.095
15:50:44.776,4.258
15:50:44.776,5.124
15:50:44.776,5.425
15:50:44.776,5.251
15:50:44.776,3.833
15:50:44.776,4.012
15:50:44.776,4.977
15:50:44.776,5.555
15:50:44.776,5.646
15:50:44.776,5.669
15:50:44.776,5.428
15:50:44.776,5.297
15:50:44.776,5.185
15:50:44.776,4.795
15:50:44.776,4.965
15:50:44.776,4.757
15:50:44.776,4.743
15:50:44.776,4.482
15:50:44.792,3.901
15:50:44.792,3.933
15:50:44.792,3.877
15:50:44.792,3.818
15:50:44.792,3.705
15:50:44.792,3.48
15:50:44.792,3.334
15:50:44.792,3.502
15:50:44.792,3.073
15:50:44.792,3.006
15:50:44.792,3.275
15:50:44.792,3.723
15:50:44.792,3.281
15:50:44.792,2.607
15:50:44.792,2.288
15:50:44.792,2.283
15:50:44.792,2.243
15:50:44.792,2.033
15:50:44.792,1.683
15:50:44.792,1.353
15:50:44.792,1.034
15:50:44.808,0.465
15:50:44.808,0.65
15:50:44.808,0.375
15:50:44.808,0.342
15:50:44.808,0.024
15:50:44.808,0.033
15:50:44.808,0.193
15:50:44.808,0.085
15:50:44.808,-0.047
15:50:44.808,0.038
15:50:44.808,0.255
15:50:44.808,0.173
15:50:44.808,0.089
15:50:44.808,0.289
15:50:44.808,-0.172
15:50:44.808,-0.448
15:50:44.808,-0.525
15:50:44.808,-0.866
15:50:44.808,-1.027
15:50:44.808,-1.042
15:50:44.808,-2.484
15:50:44.824,-3.265
15:50:44.824,-2.391
15:50:44.824,-2.113
15:50:44.824,-2.851
15:50:44.824,-3.694
15:50:44.824,-4.138
15:50:44.824,-4.652
15:50:44.824,-4.8
15:50:44.824,-4.168
15:50:44.824,-3.994
15:50:44.824,-4.221
15:50:44.824,-4.4
15:50:44.824,-4.266
15:50:44.824,-4.595
15:50:44.824,-4.473
15:50:44.824,-4.299
15:50:44.824,-3.928
15:50:44.824,-3.84
15:50:44.824,-3.434
15:50:44.824,-3.598
15:50:44.824,-3.725
15:50:44.824,-3.725
15:50:44.841,-3.76
15:50:44.842,-3.88
15:50:44.842,-3.997
15:50:44.842,-4.116
15:50:44.842,-4.271
15:50:44.842,-4.93
15:50:44.842,-5.627
15:50:44.842,-5.234
15:50:44.842,-3.589
15:50:44.842,-3.819
15:50:44.842,-4.429
15:50:44.842,-5.039
15:50:44.856,-5.543
15:50:44.857,-5.572
15:50:44.857,-5.43
15:50:44.858,-5.192
15:50:44.860,-4.847
15:50:44.861,-4.703
15:50:44.861,-4.572
15:50:44.862,-4.569
15:50:44.862,-4.274
15:50:44.862,-3.93
15:50:44.865,-3.79
15:50:44.866,-3.774
15:50:44.867,-3.702
15:50:44.867,-3.574
15:50:44.869,-3.35
15:50:44.869,-3.341
15:50:44.869,-3.306
15:50:44.871,-2.965
15:50:44.873,-2.893
15:50:44.873,-3.493
15:50:44.873,-3.47
15:50:44.873,-2.298
15:50:44.873,-2.305
15:50:44.873,-2.381
15:50:44.873,-2.212
15:50:44.873,-1.751
15:50:44.873,-1.515
15:50:44.873,-1.006
15:50:44.873,-0.383
15:50:44.873,-0.371
15:50:44.873,-0.28
15:50:44.873,-0.236
15:50:44.873,-0.105
15:50:44.873,0.119
15:50:44.873,-0.059
15:50:44.873,-0.071
15:50:44.873,0.136
15:50:44.873,0.147
15:50:44.873,-0.113
15:50:44.887,-0.142
15:50:44.887,-0.08
15:50:44.887,0.012
15:50:44.887,0.032
15:50:44.887,0.154
15:50:44.887,0.307
15:50:44.887,0.6
15:50:44.887,0.605
15:50:44.887,0.916
15:50:44.887,1.082
15:50:44.887,1.685
15:50:44.887,2.504
15:50:44.900,3.208
15:50:44.900,2.853
15:50:44.900,1.724
15:50:44.904,2.501
15:50:44.904,3.285
15:50:44.904,4.051
15:50:44.904,4.332
15:50:44.904,4.971
15:50:44.904,4.461
15:50:44.904,3.973
15:50:44.904,4.001
15:50:44.904,4.441
15:50:44.914,4.41
15:50:44.914,4.564
15:50:44.916,4.668
15:50:44.916,4.548
15:50:44.919,4.362
15:50:44.920,3.98
15:50:44.920,3.771
15:50:44.920,3.735
15:50:44.920,3.737
15:50:44.920,4.051
15:50:44.920,3.743
15:50:44.920,4.071
15:50:44.920,4.103
15:50:44.920,4.114
15:50:44.920,-2.888
15:50:44.920,-2.459
15:50:44.920,-1.74
15:50:44.920,-1.64
15:50:44.920,-0.963
15:50:44.931,-0.727
15:50:44.931,-0.401
15:50:44.931,-0.334
15:50:44.935,-0.141
15:50:44.935,-0.227
15:50:44.939,-0.01
15:50:44.939,-0.152
15:50:44.939,-0.02
15:50:44.939,-0.261
15:50:44.939,-0.083
15:50:44.939,-0.147
15:50:44.939,-0.093
15:50:44.939,0.034
15:50:44.939,-0.141
15:50:44.939,0.241
15:50:44.939,0.495
15:50:44.951,0.584
15:50:44.952,0.797
15:50:44.952,1.009
15:50:44.953,1.26
15:50:44.953,2.854
15:50:44.953,3.347
15:50:44.953,1.965
15:50:44.953,2.232
15:50:44.953,3.581
15:50:44.953,4.227
15:50:44.953,4.535
15:50:44.953,4.568
15:50:44.953,4.036
15:50:44.953,4.194
15:50:44.953,4.473
15:50:44.953,4.586
15:50:44.953,4.589
15:50:44.953,4.476
15:50:44.953,4.163
15:50:44.953,3.98
15:50:44.953,3.797
15:50:44.953,3.755
15:50:44.953,3.763
15:50:44.967,4.052
15:50:44.967,3.986
15:50:44.967,3.878
15:50:44.967,4.131
15:50:44.967,4.232
15:50:44.967,4.955
15:50:44.967,5.544
15:50:44.967,4.881
15:50:44.967,3.76
15:50:44.967,4.033
15:50:44.967,4.841
15:50:44.967,5.676
15:50:44.967,5.542
15:50:44.967,5.523
15:50:44.967,5.504
15:50:44.967,5.202
15:50:44.967,4.949
15:50:44.967,5.058
15:50:44.983,4.902
15:50:44.985,4.755
15:50:44.985,4.37
15:50:44.985,4.109
15:50:44.985,4.103
15:50:44.985,3.869
15:50:44.985,3.733
15:50:44.985,3.727
15:50:44.985,3.288
15:50:44.985,3.385
15:50:44.985,3.545
15:50:44.985,3.012
15:50:44.985,3.183
15:50:44.985,3.68
15:50:44.985,3.29
15:50:44.985,2.993
15:50:44.985,2.284
15:50:44.985,2.169
15:50:44.985,1.988
15:50:44.985,1.559
15:50:44.998,0.917
15:50:44.998,0.532
15:50:44.998,0.584
15:50:44.998,0.431
15:50:44.998,0.273
15:50:44.998,0.362
15:50:44.998,0.196
15:50:44.998,0.046
15:50:44.998,0.052
15:50:44.998,0.118
15:50:44.998,0.104
15:50:44.998,0.056
15:50:44.998,0.269
15:50:44.998,0.211
15:50:44.998,0.16
15:50:44.998,0.081
15:50:44.998,-0.324
15:50:44.998,-0.418
15:50:44.998,-0.601
15:50:44.998,-1.018
15:50:44.998,-1.105
15:50:44.998,-2.009
15:50:44.998,-2.839
15:50:45.014,-3.142
15:50:45.014,-2.289
15:50:45.014,-1.629
15:50:45.014,-3.2
15:50:45.014,-3.601
15:50:45.014,-4.388
15:50:45.014,-4.603
15:50:45.014,-4.464
15:50:45.014,-4.095
15:50:45.014,-4.047
15:50:45.014,-4.155
15:50:45.014,-4.283
15:50:45.014,-4.488
15:50:45.014,-4.444
15:50:45.014,-4.434
15:50:45.014,-4.46
15:50:45.014,-3.986
15:50:45.014,-3.903
15:50:45.014,-3.701
15:50:45.014,-3.408
15:50:45.030,-3.626
15:50:45.030,-3.783
15:50:45.030,-3.735
15:50:45.030,-3.908
15:50:45.030,-3.99
15:50:45.030,-4.161
15:50:45.030,-4.659
15:50:45.030,-5.257
15:50:45.030,-5.413
15:50:45.030,-4.768
15:50:45.030,-3.744
15:50:45.030,-4.118
15:50:45.030,-5.33
15:50:45.030,-5.734
15:50:45.030,-5.55
15:50:45.030,-5.268
15:50:45.030,-5.165
15:50:45.030,-5.129
15:50:45.030,-4.91
15:50:45.030,-4.882
15:50:45.030,-4.693
15:50:45.030,-4.653
15:50:45.046,-4.617
15:50:45.046,-4.374
15:50:45.046,-3.833
15:50:45.046,-3.836
15:50:45.046,-3.74
15:50:45.046,-3.666
15:50:45.046,-3.658
15:50:45.046,-3.157
15:50:45.046,-3.375
15:50:45.046,-3.25
15:50:45.046,-3.046
15:50:45.046,-2.871
15:50:45.046,-3.534
15:50:45.046,-3.188
15:50:45.062,-2.565
15:50:45.062,-2.35
15:50:45.062,-2.378
15:50:45.062,-2.055
15:50:45.062,-1.701
15:50:45.062,-1.501
15:50:45.062,-1.046
15:50:45.062,-0.498
15:50:45.062,-0.279
15:50:45.062,-0.268
15:50:45.062,-0.259
15:50:45.062,0.052
15:50:45.062,-0.001
15:50:45.062,-0.09
15:50:45.062,0.111
15:50:45.062,-0.058
15:50:45.062,0.014
15:50:45.062,-0.032
15:50:45.062,-0.061
15:50:45.062,0.023
15:50:45.062,0.22
15:50:45.062,0.039
15:50:45.062,0.416
15:50:45.078,0.552
15:50:45.078,0.941
15:50:45.078,1.097
15:50:45.081,1.178
15:50:45.081,2.267
15:50:45.081,3.494
15:50:45.081,2.369
15:50:45.081,1.722
15:50:45.081,2.447
15:50:45.081,3.529
15:50:45.081,4.054
15:50:45.081,4.418
15:50:45.081,4.759
15:50:45.081,4.223
15:50:45.081,4.215
15:50:45.081,4.391
15:50:45.081,4.572
15:50:45.081,4.678
15:50:45.081,4.52
15:50:45.081,4.444
15:50:45.094,4.126
15:50:45.094,3.853
15:50:45.094,3.732
15:50:45.094,3.719
15:50:45.094,3.752
15:50:45.094,3.78
15:50:45.094,4.107
15:50:45.094,4.025
15:50:45.094,4.251
15:50:45.094,4.414
15:50:45.094,5.556
15:50:45.094,5.301
15:50:45.094,3.796
15:50:45.094,4.013
15:50:45.094,5.43
15:50:45.094,5.775
15:50:45.094,5.711
15:50:45.094,5.494
15:50:45.094,5.463
15:50:45.094,5.721
15:50:45.094,4.975
15:50:45.094,4.95
15:50:45.094,4.955
15:50:45.094,4.817
15:50:45.109,4.085
15:50:45.109,4.014
15:50:45.109,3.959
15:50:45.109,3.801
15:50:45.109,3.636
15:50:45.109,3.32
15:50:45.109,3.335
15:50:45.109,3.412
15:50:45.109,3.157
15:50:45.109,3.262
15:50:45.109,3.667
15:50:45.109,3.373
15:50:45.109,2.587
15:50:45.109,2.353
15:50:45.109,2.384
15:50:45.109,2.342
15:50:45.109,2.155
15:50:45.109,1.7
15:50:45.109,1.108
15:50:45.109,0.998
15:50:45.109,0.73
15:50:45.109,0.467
15:50:45.109,0.386
15:50:45.125,0.002
15:50:45.128,0.071
15:50:45.128,0.072
15:50:45.128,0.068
15:50:45.128,0.297
15:50:45.128,0.319
15:50:45.128,-0.007
15:50:45.128,-0.003
15:50:45.128,-0.13
15:50:45.128,-0.345
15:50:45.128,-0.524
15:50:45.128,-0.782
15:50:45.128,-0.872
15:50:45.141,-1.131
15:50:45.141,-2.557
15:50:45.141,-3.302
15:50:45.141,-1.984
15:50:45.141,-1.705
15:50:45.141,-2.889
15:50:45.141,-4.07
15:50:45.141,-4.573
15:50:45.141,-4.355
15:50:45.141,-3.85
15:50:45.141,-4.028
15:50:45.157,-4.319
15:50:45.157,-4.22
15:50:45.157,-4.633
15:50:45.157,-4.381
15:50:45.157,-4.394
15:50:45.157,-3.921
15:50:45.157,-3.761
15:50:45.157,-3.596
15:50:45.157,-3.67
15:50:45.157,-3.646
15:50:45.157,-3.733
15:50:45.157,-3.809
15:50:45.157,-4.028
15:50:45.157,-4.032
15:50:45.157,-5.086
15:50:45.157,-5.404
15:50:45.157,-4.063
15:50:45.157,-3.713
15:50:45.157,-4.628
15:50:45.157,-5.063
15:50:45.157,-5.498
15:50:45.157,-5.744
15:50:45.173,-5.533
15:50:45.173,-5.164
15:50:45.173,-5.163
15:50:45.173,-4.817
15:50:45.173,-4.789
15:50:45.173,-4.596
15:50:45.173,-4.784
15:50:45.173,-4.317
15:50:45.173,-3.863
15:50:45.173,-3.903
15:50:45.173,-3.716
15:50:45.173,-3.706
15:50:45.173,-3.507
15:50:45.173,-3.317
15:50:45.173,-3.316
15:50:45.173,-3.286
15:50:45.173,-2.918
15:50:45.173,-2.925
15:50:45.173,-3.409
15:50:45.173,-3.291
15:50:45.173,-2.362
15:50:45.173,-2.311
15:50:45.173,-2.348
15:50:45.173,-1.959
15:50:45.189,-1.682
15:50:45.189,-1.28
15:50:45.189,-0.901
15:50:45.189,-0.437
15:50:45.189,-0.267
15:50:45.189,-0.192
15:50:45.189,-0.157
15:50:45.189,0.115
15:50:45.189,0.118
15:50:45.189,-0.129
15:50:45.189,0.01
15:50:45.189,-0.018
15:50:45.189,-0.166
15:50:45.189,-0.017
15:50:45.189,-0.119
15:50:45.189,0.264
15:50:45.189,0.395
15:50:45.189,0.542
15:50:45.189,0.93
15:50:45.189,1.024
15:50:45.189,1.122
15:50:45.205,2.471
15:50:45.205,3.368
15:50:45.205,3.143
15:50:45.205,2.462
15:50:45.205,1.552
15:50:45.205,2.602
15:50:45.205,3.753
15:50:45.205,4.29
15:50:45.205,4.62
15:50:45.205,4.723
15:50:45.205,4.156
15:50:45.205,4.041
15:50:45.205,4.266
15:50:45.205,4.495
15:50:45.205,4.798
15:50:45.205,4.718
15:50:45.205,4.248
15:50:45.205,4.232
15:50:45.205,3.965
15:50:45.205,3.791
15:50:45.205,3.686
15:50:45.205,3.917
15:50:45.205,3.853
15:50:45.220,3.913
15:50:45.220,3.965
15:50:45.220,4.138
15:50:45.220,4.216
15:50:45.220,4.815
15:50:45.220,5.362
15:50:45.220,5.582
15:50:45.220,4.507
15:50:45.220,3.7
15:50:45.220,4.513
15:50:45.220,5.412
15:50:45.220,5.635
15:50:45.220,5.523
15:50:45.220,5.212
15:50:45.220,5.275
15:50:45.220,4.894
15:50:45.220,4.819
15:50:45.236,4.806
15:50:45.236,4.929
15:50:45.236,4.658
15:50:45.236,4.111
15:50:45.236,3.844
15:50:45.236,4.042
15:50:45.236,3.768
15:50:45.236,3.542
15:50:45.236,3.271
15:50:45.236,3.51
15:50:45.236,3.451
15:50:45.236,2.987
15:50:45.236,3.075
15:50:45.236,3.492
15:50:45.236,3.278
15:50:45.236,2.762
15:50:45.236,2.408
15:50:45.236,2.316
15:50:45.236,2.319
15:50:45.236,1.81
15:50:45.236,1.669
15:50:45.236,1.243
15:50:45.236,0.974
15:50:45.252,0.791
15:50:45.252,0.471
15:50:45.252,0.448
15:50:45.252,0.203
15:50:45.252,0.122
15:50:45.252,0.066
15:50:45.252,0.214
15:50:45.252,0.083
15:50:45.252,0.054
15:50:45.252,0.156
15:50:45.252,0.19
15:50:45.252,0.093
15:50:45.252,0.098
15:50:45.252,0.132
15:50:45.252,-0.091
15:50:45.252,-0.388
15:50:45.252,-0.628
15:50:45.252,-0.822
15:50:45.252,-1.058
15:50:45.268,-1.225
15:50:45.268,-2.748
15:50:45.268,-3.074
15:50:45.268,-2.965
15:50:45.268,-1.646
15:50:45.268,-2.595
15:50:45.268,-3.703
15:50:45.268,-4.048
15:50:45.268,-4.409
15:50:45.268,-3.13
15:50:45.268,-2.275
15:50:45.268,-3.619
15:50:45.268,-3.949
15:50:45.268,-4.495
15:50:45.268,-4.653
15:50:45.268,-4.214
15:50:45.268,-3.978
15:50:45.268,-4.2
15:50:45.268,-4.218
15:50:45.268,-4.419
15:50:45.268,-4.432
15:50:45.268,-4.379
15:50:45.284,-3.872
15:50:45.284,-3.926
15:50:45.284,-3.527
15:50:45.284,-3.757
15:50:45.284,-3.749
15:50:45.284,-3.889
15:50:45.284,-4.138
15:50:45.284,-4.051
15:50:45.284,-4.824
15:50:45.284,-5.642
15:50:45.284,-5.11
15:50:45.284,-4.125
15:50:45.284,-4.878
15:50:45.284,-5.723
15:50:45.284,-5.448
15:50:45.284,-5.513
15:50:45.284,-5.097
15:50:45.284,-4.671
15:50:45.284,-4.669
15:50:45.284,-4.276
15:50:45.284,-3.868
15:50:45.284,-3.922
15:50:45.284,-3.804
15:50:45.300,-3.708
15:50:45.300,-3.479
15:50:45.300,-3.471
15:50:45.300,-3.332
15:50:45.300,-3.363
15:50:45.300,-3.228
15:50:45.300,-2.949
15:50:45.300,-3.183
15:50:45.300,-3.501
15:50:45.300,-3.263
15:50:45.300,-2.609
15:50:45.300,-2.19
15:50:45.300,-2.292
15:50:45.300,-1.829
15:50:45.300,-1.368
15:50:45.300,-0.917
15:50:45.300,-0.327
15:50:45.300,-0.309
15:50:45.300,-0.2
15:50:45.316,-0.126
15:50:45.316,-0.004
15:50:45.316,0.013
15:50:45.316,0.081
15:50:45.316,0.113
15:50:45.316,0.01
15:50:45.316,-0.288
15:50:45.316,-0.131
15:50:45.316,0.068
15:50:45.316,0.113
15:50:45.316,0.106
15:50:45.316,0.29
15:50:45.316,0.937
15:50:45.316,1.272
15:50:45.316,1.958
15:50:45.316,3.264
15:50:45.316,2.501
15:50:45.316,1.693
15:50:45.316,3.149
15:50:45.316,3.929
15:50:45.316,4.898
15:50:45.316,4.462
15:50:45.316,4.14
15:50:45.332,4.203
15:50:45.332,4.329
15:50:45.332,4.477
15:50:45.332,4.75
15:50:45.332,4.562
15:50:45.332,4.478
15:50:45.332,3.901
15:50:45.332,3.722
15:50:45.332,3.965
15:50:45.332,3.877
15:50:45.332,4.034
15:50:45.332,4.122
15:50:45.332,4.118
15:50:45.332,4.353
15:50:45.332,4.886
15:50:45.332,5.485
15:50:45.332,5.34
15:50:45.332,3.884
15:50:45.332,4.279
15:50:45.332,4.699
15:50:45.332,5.288
15:50:45.347,5.558
15:50:45.347,5.73
15:50:45.347,5.828
15:50:45.347,5.246
15:50:45.347,5.22
15:50:45.347,4.993
15:50:45.347,4.912
15:50:45.347,4.732
15:50:45.347,4.974
15:50:45.347,4.632
15:50:45.347,4.172
15:50:45.347,4.091
15:50:45.347,3.935
15:50:45.347,3.9
15:50:45.347,3.66
15:50:45.347,3.633
15:50:45.347,3.223
15:50:45.364,3.485
15:50:45.364,3.051
15:50:45.364,3.012
15:50:45.364,3.523
15:50:45.364,3.723
15:50:45.368,3.189
15:50:45.369,2.737
15:50:45.369,2.287
15:50:45.369,2.342
15:50:45.369,2.216
15:50:45.369,1.805
15:50:45.369,1.32
15:50:45.369,1.058
15:50:45.369,0.798
15:50:45.369,0.662
15:50:45.369,0.435
15:50:45.379,0.411
15:50:45.379,0.279
15:50:45.379,0.393
15:50:45.379,-0.022
15:50:45.379,0.216
15:50:45.379,0.121
15:50:45.379,0.088
15:50:45.379,0.112
15:50:45.379,0.255
15:50:45.379,0.147
15:50:45.379,0.046
15:50:45.379,-0.1
15:50:45.379,-0.298
15:50:45.379,-0.201
15:50:45.395,-0.504
15:50:45.395,-0.78
15:50:45.395,-0.908
15:50:45.395,-1.9
15:50:45.395,-2.853
15:50:45.395,-3.254
15:50:45.395,-2.81
15:50:45.395,-1.616
15:50:45.403,-2.576
15:50:45.403,-3.22
15:50:45.403,-3.528
15:50:45.403,-4.34
15:50:45.403,-4.496
15:50:45.406,-4.587
15:50:45.406,-4.168
15:50:45.406,-4.103
15:50:45.409,-4.08
15:50:45.409,-4.389
15:50:45.409,-4.313
15:50:45.411,-4.345
15:50:45.412,-4.515
15:50:45.413,-3.868
15:50:45.413,-3.833
15:50:45.413,-3.628
15:50:45.413,-3.608
15:50:45.418,-3.835
15:50:45.418,-3.726
15:50:45.420,-3.739
15:50:45.420,-3.882
15:50:45.420,-3.926
15:50:45.420,-4.042
15:50:45.420,-4.376
15:50:45.420,-5.296
15:50:45.420,-5.4
15:50:45.427,-4.816
15:50:45.427,-3.745
15:50:45.427,-4.172
15:50:45.427,-4.544
15:50:45.427,-5.195
15:50:45.427,-5.512
15:50:45.434,-5.503
15:50:45.434,-5.424
15:50:45.434,-5.039
15:50:45.437,-4.868
15:50:45.438,-5.011
15:50:45.438,-4.576
15:50:45.438,-4.445
15:50:45.441,-4.201
15:50:45.441,-3.995
15:50:45.444,-3.671
15:50:45.445,-3.662
15:50:45.446,-3.273
15:50:45.448,-3.195
15:50:45.448,-3.276
15:50:45.450,-3.188
15:50:45.451,-2.881
15:50:45.451,-2.991
15:50:45.451,-3.459
15:50:45.454,-3.478
15:50:45.455,-3.069
15:50:45.455,-2.385
15:50:45.505,-2.36
15:50:45.507,-2.269
15:50:45.507,-2.1
15:50:45.507,-1.798
15:50:45.507,-0.539
15:50:45.507,-0.372
15:50:45.507,-0.278
15:50:45.507,0.072
15:50:45.507,-0.13
15:50:45.507,0.063
15:50:45.507,0.204
15:50:45.507,0.046
15:50:45.520,-0.005
15:50:45.521,-0.175
15:50:45.522,0.054
15:50:45.523,-0.149
15:50:45.523,-0.095
15:50:45.523,0.384
15:50:45.526,0.971
15:50:45.526,0.987
15:50:45.526,1.332
15:50:45.526,2.617
15:50:45.526,3.57
15:50:45.526,2.831
15:50:45.526,1.552
15:50:45.532,2.411
15:50:45.532,3.59
15:50:45.534,3.899
15:50:45.534,4.268
15:50:45.534,4.858
15:50:45.534,4.716
15:50:45.534,4.118
15:50:45.537,4.032
15:50:45.537,4.294
15:50:45.537,4.48
15:50:45.537,4.568
15:50:45.537,4.59
15:50:45.537,4.477
15:50:45.537,4.257
15:50:45.537,4.06
15:50:45.537,3.824
15:50:45.537,3.764
15:50:45.537,3.721
15:50:45.537,3.873
15:50:45.537,3.83
15:50:45.537,3.944
15:50:45.537,4.116
15:50:45.537,4.067
15:50:45.537,4.249
15:50:45.537,4.761
15:50:45.553,5.673
15:50:45.553,5.614
15:50:45.553,4.034
15:50:45.553,3.873
15:50:45.553,4.551
15:50:45.553,5.494
15:50:45.553,5.701
15:50:45.553,5.558
15:50:45.553,5.517
15:50:45.553,5.415
15:50:45.553,4.936
15:50:45.553,4.795
15:50:45.569,5.036
15:50:45.569,4.793
15:50:45.569,4.395
15:50:45.569,4.106
15:50:45.569,4.068
15:50:45.574,3.949
15:50:45.574,3.662
15:50:45.574,3.466
15:50:45.574,3.211
15:50:45.574,3.323
15:50:45.574,3.518
15:50:45.574,2.981
15:50:45.574,2.963
15:50:45.574,3.439
15:50:45.574,3.853
15:50:45.574,2.808
15:50:45.574,2.406
15:50:45.574,2.099
15:50:45.585,2.402
15:50:45.585,2.11
15:50:45.585,2.006
15:50:45.585,1.746
15:50:45.585,1.126
15:50:45.585,0.598
15:50:45.585,0.66
15:50:45.585,0.337
15:50:45.585,0.347
15:50:45.585,0.222
15:50:45.585,0.416
15:50:45.585,0.243
15:50:45.585,-0.041
15:50:45.585,0.018
15:50:45.585,0.025
15:50:45.585,0.071
15:50:45.585,0.144
15:50:45.585,0.157
15:50:45.585,0.104
15:50:45.585,-0.004
15:50:45.585,-0.172
15:50:45.585,-0.212
15:50:45.585,-0.685
15:50:45.585,-0.716
15:50:45.601,-0.803
15:50:45.603,-1.031
15:50:45.604,-2.008
15:50:45.604,-3.508
15:50:45.605,-2.915
15:50:45.606,-1.607
15:50:45.606,-1.718
15:50:45.606,-2.981
15:50:45.606,-3.762
15:50:45.606,-4.189
15:50:45.606,-4.493
15:50:45.606,-4.492
15:50:45.606,-4.219
15:50:45.613,-4.057
15:50:45.613,-4.033
15:50:45.613,-4.301
15:50:45.613,-4.545
15:50:45.613,-4.417
15:50:45.617,-4.218
15:50:45.617,-3.942
15:50:45.617,-3.561
15:50:45.617,-3.616
15:50:45.617,-3.829
15:50:45.617,-3.788
15:50:45.617,-3.728
15:50:45.617,-3.973
15:50:45.617,-3.982
15:50:45.617,-4.002
15:50:45.617,-4.242
15:50:45.617,-5.11
15:50:45.617,-5.635
15:50:45.617,-5.135
15:50:45.617,-3.638
15:50:45.617,-4.121
15:50:45.617,-4.671
15:50:45.617,-5.478
15:50:45.617,-5.638
15:50:45.617,-5.589
15:50:45.617,-5.332
15:50:45.633,-5.164
15:50:45.633,-5.145
15:50:45.633,-4.847
15:50:45.633,-4.713
15:50:45.633,-4.677
15:50:45.633,-4.479
15:50:45.633,-4.111
15:50:45.633,-3.829
15:50:45.633,-3.891
15:50:45.633,-3.762
15:50:45.633,-3.788
15:50:45.633,-3.563
15:50:45.633,-3.365
15:50:45.633,-3.269
15:50:45.633,-3.246
15:50:45.633,-3.077
15:50:45.633,-2.703
15:50:45.633,-2.897
15:50:45.633,-3.518
15:50:45.633,-3.29
15:50:45.633,-2.363
15:50:45.633,-2.257
15:50:45.633,-2.333
15:50:45.649,-1.929
15:50:45.649,-1.71
15:50:45.649,-1.344
15:50:45.649,-0.8
15:50:45.649,-0.468
15:50:45.649,-0.346
15:50:45.649,-0.255
15:50:45.649,-0.183
15:50:45.649,0.051
15:50:45.649,-0.075
15:50:45.649,0.001
15:50:45.649,-0.031
15:50:45.649,-0.069
15:50:45.649,0.069
15:50:45.649,-0.194
15:50:45.649,-0.143
15:50:45.649,0.044
15:50:45.649,-0.039
15:50:45.649,0.262
15:50:45.649,0.389
15:50:45.649,0.718
15:50:45.649,0.551
15:50:45.649,0.726
15:50:45.649,1.473
15:50:45.665,1.021
15:50:45.665,2.325
15:50:45.665,3.534
15:50:45.665,3.143
15:50:45.665,1.743
15:50:45.665,1.952
15:50:45.665,2.964
15:50:45.665,3.981
15:50:45.665,4.335
15:50:45.665,4.744
15:50:45.665,4.561
15:50:45.665,4.156
15:50:45.665,4.022
15:50:45.665,4.306
15:50:45.665,4.539
15:50:45.665,4.284
15:50:45.665,4.626
15:50:45.665,4.651
15:50:45.665,4.522
15:50:45.665,4.065
15:50:45.665,3.951
15:50:45.665,3.881
15:50:45.665,3.521
15:50:45.665,3.879
15:50:45.680,-1.285
15:50:45.680,-2.938
15:50:45.680,-3.517
15:50:45.680,-2.73
15:50:45.680,-1.53
15:50:45.680,-2.032
15:50:45.680,-2.962
15:50:45.680,-3.7
15:50:45.680,-4.208
15:50:45.680,-4.483
15:50:45.680,-4.584
15:50:45.680,-4.516
15:50:45.680,-3.978
15:50:45.689,-4.088
15:50:45.689,-4.24
15:50:45.689,-4.144
15:50:45.689,-4.594
15:50:45.689,-4.509
15:50:45.689,-4.205
15:50:45.689,-4.16
15:50:45.689,-3.829
15:50:45.689,-3.752
15:50:45.689,-3.408
15:50:45.689,-3.708
15:50:45.689,-3.743
15:50:45.696,-3.664
15:50:45.696,-3.787
15:50:45.696,-3.947
15:50:45.696,-4.043
15:50:45.696,-4.079
15:50:45.696,-4.757
15:50:45.696,-5.662
15:50:45.696,-5.429
15:50:45.696,-4.055
15:50:45.696,-3.541
15:50:45.696,-4.137
15:50:45.696,-5.29
15:50:45.696,-5.61
15:50:45.696,-5.406
15:50:45.696,-5.616
15:50:45.696,-5.382
15:50:45.696,-5.085
15:50:45.696,-4.739
15:50:45.696,-4.72
15:50:45.696,-4.915
15:50:45.696,-4.743
15:50:45.712,-4.415
15:50:45.713,-3.919
15:50:45.713,-3.908
15:50:45.713,-3.7
15:50:45.713,-3.619
15:50:45.713,-3.515
15:50:45.713,-3.231
15:50:45.713,-3.196
15:50:45.713,-3.351
15:50:45.713,-3.074
15:50:45.713,-2.893
15:50:45.713,-3.343
15:50:45.713,-3.698
15:50:45.713,-2.808
15:50:45.713,-2.06
15:50:45.713,-2.411
15:50:45.713,-2.143
15:50:45.713,-2.139
15:50:45.713,-1.757
15:50:45.713,-1.363
15:50:45.713,-0.879
15:50:45.713,-0.525
15:50:45.713,-0.4
15:50:45.728,-0.3
15:50:45.728,-0.136
15:50:45.730,-0.257
15:50:45.730,-0.082
15:50:45.730,0.071
15:50:45.730,-0.081
15:50:45.730,0.003
15:50:45.730,0.092
15:50:45.730,-0.054
15:50:45.730,-0.069
15:50:45.730,-0.065
15:50:45.730,0.052
15:50:45.730,0.314
15:50:45.730,0.359
15:50:45.730,0.664
15:50:45.730,0.922
15:50:45.730,0.89
15:50:45.730,1.107
15:50:45.730,2.425
15:50:45.730,3.5
15:50:45.730,2.591
15:50:45.730,1.541
15:50:45.730,1.972
15:50:45.730,3.58
15:50:45.744,4.13
15:50:45.744,4.179
15:50:45.744,4.595
15:50:45.744,4.721
15:50:45.744,4.384
15:50:45.744,4.203
15:50:45.744,4.153
15:50:45.744,4.347
15:50:45.744,4.631
15:50:45.744,4.622
15:50:45.744,4.608
15:50:45.744,4.382
15:50:45.744,4.25
15:50:45.744,3.999
15:50:45.744,3.675
15:50:45.744,3.799
15:50:45.744,3.88
15:50:45.760,3.951
15:50:45.760,3.928
15:50:45.760,4.05
15:50:45.760,4.154
15:50:45.760,4.618
15:50:45.760,5.452
15:50:45.760,5.399
15:50:45.760,4.829
15:50:45.760,3.766
15:50:45.760,4.454
15:50:45.760,5.479
15:50:45.760,5.494
15:50:45.760,5.621
15:50:45.760,5.095
15:50:45.760,4.967
15:50:45.760,4.889
15:50:45.760,4.869
15:50:45.760,4.604
15:50:45.760,4.192
15:50:45.760,4.083
15:50:45.760,3.902
15:50:45.760,3.718
15:50:45.760,3.542
15:50:45.776,3.382
15:50:45.776,3.347
15:50:45.776,3.177
15:50:45.776,3.022
15:50:45.776,3.341
15:50:45.776,3.826
15:50:45.776,2.964
15:50:45.776,2.389
15:50:45.776,2.304
15:50:45.776,2.214
15:50:45.776,1.767
15:50:45.776,1.255
15:50:45.776,0.599
15:50:45.776,0.505
15:50:45.776,0.368
15:50:45.776,0.281
15:50:45.776,0.151
15:50:45.776,0.149
15:50:45.776,0.205
15:50:45.776,0.364
15:50:45.776,0.047
15:50:45.776,0.131
15:50:45.792,-0.181
15:50:45.792,-0.297
15:50:45.792,-0.456
15:50:45.792,-0.713
15:50:45.792,-0.891
15:50:45.792,-2.698
15:50:45.792,-3.11
15:50:45.792,-2.179
15:50:45.792,-1.958
15:50:45.792,-2.961
15:50:45.792,-4.0
15:50:45.792,-4.553
15:50:45.792,-4.466
15:50:45.792,-4.022
15:50:45.792,-4.052
15:50:45.792,-4.207
15:50:45.792,-4.535
15:50:45.792,-4.497
15:50:45.792,-4.359
15:50:45.792,-4.004
15:50:45.792,-3.798
15:50:45.807,-3.503
15:50:45.808,-3.753
15:50:45.808,-3.725
15:50:45.808,-3.846
15:50:45.808,-3.991
15:50:45.808,-4.059
15:50:45.808,-4.389
15:50:45.808,-5.476
15:50:45.808,-5.261
15:50:45.808,-4.095
15:50:45.808,-3.991
15:50:45.808,-4.699
15:50:45.808,-5.46
15:50:45.808,-5.474
15:50:45.808,-5.301
15:50:45.808,-5.139
15:50:45.808,-4.925
15:50:45.808,-4.8
15:50:45.808,-4.713
15:50:45.808,-4.407
15:50:45.808,-3.916
15:50:45.808,-3.987
15:50:45.824,-3.783
15:50:45.824,-3.577
15:50:45.824,-3.311
15:50:45.824,-3.289
15:50:45.824,-3.434
15:50:45.824,-2.766
15:50:45.824,-3.074
15:50:45.824,-3.772
15:50:45.824,-3.034
15:50:45.824,-2.511
15:50:45.824,-2.434
15:50:45.824,-1.606
15:50:45.824,-1.437
15:50:45.824,-0.817
15:50:45.824,-0.467
15:50:45.824,-0.33
15:50:45.824,-0.306
15:50:45.824,-0.34
15:50:45.824,-0.119
15:50:45.824,-0.039
15:50:45.824,0.067
15:50:45.824,0.002
15:50:45.824,0.026
15:50:45.840,-0.016
15:50:45.840,-0.091
15:50:45.840,-0.084
15:50:45.840,-0.09
15:50:45.840,0.02
15:50:45.840,0.322
15:50:45.840,0.416
15:50:45.840,0.895
15:50:45.840,1.143
15:50:45.840,1.697
15:50:45.840,3.265
15:50:45.840,3.074
15:50:45.840,2.006
15:50:45.840,2.821
15:50:45.840,3.718
15:50:45.840,4.47
15:50:45.840,4.847
15:50:45.840,4.244
15:50:45.840,4.089
15:50:45.840,4.137
15:50:45.856,4.349
15:50:45.856,4.669
15:50:45.856,4.601
15:50:45.856,4.258
15:50:45.856,4.14
15:50:45.856,3.725
15:50:45.856,3.652
15:50:45.856,3.855
15:50:45.856,3.935
15:50:45.856,4.104
15:50:45.856,4.094
15:50:45.856,4.556
15:50:45.856,5.374
15:50:45.856,4.119
15:50:45.872,4.213
15:50:45.872,4.565
15:50:45.872,5.481
15:50:45.872,5.594
15:50:45.872,5.741
15:50:45.872,5.518
15:50:45.872,5.332
15:50:45.872,5.158
15:50:45.872,4.939
15:50:45.872,4.956
15:50:45.872,4.91
15:50:45.872,4.752
15:50:45.872,4.433
15:50:45.888,4.111
15:50:45.888,4.028
15:50:45.888,3.821
15:50:45.888,3.642
15:50:45.888,3.504
15:50:45.888,3.615
15:50:45.888,3.45
15:50:45.888,3.35
15:50:45.888,3.39
15:50:45.897,2.921
15:50:45.897,3.153
15:50:45.897,3.675
15:50:45.897,3.298
15:50:45.897,3.09
15:50:45.897,2.466
15:50:45.897,2.316
15:50:45.897,2.238
15:50:45.904,2.178
15:50:45.904,1.886
15:50:45.904,1.135
15:50:45.904,1.032
15:50:45.904,0.399
15:50:45.904,0.359
15:50:45.904,0.507
15:50:45.904,0.231
15:50:45.904,0.179
15:50:45.904,0.216
15:50:45.904,0.134
15:50:45.904,0.086
15:50:45.904,0.028
15:50:45.904,0.1
15:50:45.904,0.232
15:50:45.920,0.051
15:50:45.920,-0.042
15:50:45.920,-0.65
15:50:45.920,-0.359
15:50:45.920,-0.589
15:50:45.920,-0.936
15:50:45.920,-1.039
15:50:45.920,-2.241
15:50:45.920,-3.247
15:50:45.920,-3.367
15:50:45.920,-1.362
15:50:45.920,-1.665
15:50:45.920,-3.118
15:50:45.920,-3.669
15:50:45.920,-3.955
15:50:45.920,-4.1
15:50:45.920,-4.854
15:50:45.920,-4.582
15:50:45.920,-3.92
15:50:45.920,-4.029
15:50:45.920,-4.162
15:50:45.920,-4.268
15:50:45.935,-4.471
15:50:45.935,-4.499
15:50:45.935,-4.509
15:50:45.935,-4.017
15:50:45.935,-3.811
15:50:45.935,-3.789
15:50:45.941,-3.554
15:50:45.941,-3.56
15:50:45.943,-3.768
15:50:45.943,-3.789
15:50:45.943,-3.831
15:50:45.943,-3.976
15:50:45.943,-4.003
15:50:45.943,-4.038
15:50:45.951,-4.187
15:50:45.951,-5.222
15:50:45.951,-5.633
15:50:45.951,-4.965
15:50:45.951,-3.754
15:50:45.951,-3.741
15:50:45.951,-4.482
15:50:45.951,-5.323
15:50:45.951,-5.687
15:50:45.951,-5.764
15:50:45.951,-5.425
15:50:45.951,-5.19
15:50:45.951,-5.137
15:50:45.951,-4.969
15:50:45.951,-4.95
15:50:45.951,-4.654
15:50:45.951,-4.561
15:50:45.951,-4.663
15:50:45.951,-4.105
15:50:45.951,-3.878
15:50:45.967,-3.828
15:50:45.967,-3.644
15:50:45.967,-3.486
15:50:45.967,-3.44
15:50:45.967,-3.296
15:50:45.967,-3.369
15:50:45.967,-3.301
15:50:45.967,-2.957
15:50:45.967,-3.146
15:50:45.967,-3.699
15:50:45.967,-3.184
15:50:45.967,-2.429
15:50:45.967,-2.259
15:50:45.967,-2.315
15:50:45.967,-1.973
15:50:45.967,-1.693
15:50:45.967,-1.253
15:50:45.967,-0.92
15:50:45.983,-0.528
15:50:45.983,-0.397
15:50:45.983,-0.157
15:50:45.983,0.004
15:50:45.983,-0.27
15:50:45.983,0.043
15:50:45.983,-0.026
15:50:45.983,-0.095
15:50:45.983,0.02
15:50:45.983,0.02
15:50:45.983,-0.093
15:50:45.983,-0.119
15:50:45.983,0.044
15:50:45.983,0.14
15:50:45.983,0.253
15:50:45.983,0.466
15:50:45.983,0.628
15:50:45.983,0.943
15:50:45.983,0.899
15:50:45.983,1.073
15:50:45.983,2.88
15:50:45.983,3.491
15:50:45.983,1.965
15:50:45.983,1.755
15:50:45.999,3.071
15:50:45.999,3.831
15:50:45.999,4.374
15:50:45.999,4.422
15:50:45.999,4.684
15:50:45.999,4.343
15:50:45.999,4.05
15:50:45.999,4.116
15:50:45.999,4.35
15:50:45.999,4.405
15:50:45.999,4.669
15:50:45.999,4.538
15:50:45.999,4.493
15:50:45.999,4.231
15:50:45.999,3.994
15:50:45.999,3.956
15:50:45.999,3.702
15:50:45.999,3.933
15:50:45.999,4.017
15:50:45.999,3.962
15:50:45.999,4.199
15:50:45.999,4.1
15:50:45.999,4.775
15:50:46.015,5.233
15:50:46.015,5.603
15:50:46.016,4.663
15:50:46.017,3.812
15:50:46.017,4.187
15:50:46.017,4.966
15:50:46.017,-0.677
15:50:46.017,-1.018
15:50:46.017,-1.066
15:50:46.017,-2.283
15:50:46.017,-3.362
15:50:46.017,-2.967
15:50:46.017,-1.489
15:50:46.017,-2.662
15:50:46.017,-3.559
15:50:46.017,-4.118
15:50:46.017,-4.348
15:50:46.017,-4.634
15:50:46.017,-4.57
15:50:46.017,-4.021
15:50:46.030,-4.018
15:50:46.030,-4.239
15:50:46.030,-4.328
15:50:46.030,-4.599
15:50:46.030,-4.374
15:50:46.030,-4.324
15:50:46.030,-3.96
15:50:46.030,-3.816
15:50:46.030,-3.588
15:50:46.030,-3.546
15:50:46.030,-3.656
15:50:46.030,-3.835
15:50:46.030,-3.709
15:50:46.030,-3.849
15:50:46.030,-4.212
15:50:46.030,-4.156
15:50:46.030,-4.973
15:50:46.030,-5.533
15:50:46.030,-5.044
15:50:46.030,-3.571
15:50:46.030,-3.979
15:50:46.030,-4.662
15:50:46.030,-5.119
15:50:46.046,-5.546
15:50:46.046,-5.447
15:50:46.046,-5.424
15:50:46.046,-5.449
15:50:46.046,-5.107
15:50:46.046,-4.776
15:50:46.046,-4.781
15:50:46.062,-4.699
15:50:46.062,-4.742
15:50:46.062,-4.665
15:50:46.062,-4.358
15:50:46.062,-3.96
15:50:46.062,-3.945
15:50:46.062,-3.72
15:50:46.062,-3.834
15:50:46.062,-3.587
15:50:46.062,-3.354
15:50:46.062,-3.372
15:50:46.062,-3.444
15:50:46.062,-3.099
15:50:46.062,-2.882
15:50:46.062,-3.38
15:50:46.062,-3.048
15:50:46.062,-2.171
15:50:46.062,-2.498
15:50:46.062,-2.397
15:50:46.062,-2.123
15:50:46.062,-1.644
15:50:46.078,-1.291
15:50:46.078,-0.745
15:50:46.078,-0.624
15:50:46.078,-0.443
15:50:46.078,-0.136
15:50:46.078,-0.309
15:50:46.084,0.062
15:50:46.084,0.079
15:50:46.084,-0.251
15:50:46.084,0.114
15:50:46.084,-0.026
15:50:46.084,0.092
15:50:46.084,-0.001
15:50:46.084,-0.247
15:50:46.084,0.002
15:50:46.084,0.117
15:50:46.084,0.362
15:50:46.084,0.541
15:50:46.084,0.966
15:50:46.084,1.177
15:50:46.094,2.258
15:50:46.094,3.257
15:50:46.094,3.341
15:50:46.094,2.028
15:50:46.094,1.842
15:50:46.094,3.335
15:50:46.094,4.103
15:50:46.094,4.315
15:50:46.094,4.738
15:50:46.094,4.788
15:50:46.094,4.278
15:50:46.094,4.045
15:50:46.094,4.2
15:50:46.094,4.319
15:50:46.094,4.766
15:50:46.094,4.704
15:50:46.094,4.597
15:50:46.094,4.482
15:50:46.094,4.334
15:50:46.094,4.059
15:50:46.094,3.683
15:50:46.094,3.842
15:50:46.110,3.851
15:50:46.110,4.154
15:50:46.110,4.069
15:50:46.110,4.278
15:50:46.110,4.258
15:50:46.110,5.007
15:50:46.110,5.652
15:50:46.110,5.017
15:50:46.110,3.691
15:50:46.110,4.044
15:50:46.110,5.046
15:50:46.110,5.599
15:50:46.110,5.74
15:50:46.110,5.608
15:50:46.110,5.324
15:50:46.110,5.243
15:50:46.110,5.557
15:50:46.110,4.871
15:50:46.110,4.884
15:50:46.110,4.823
15:50:46.110,4.616
15:50:46.110,4.303
15:50:46.126,4.144
15:50:46.126,4.091
15:50:46.128,3.921
15:50:46.128,3.705
15:50:46.128,3.701
15:50:46.128,3.421
15:50:46.131,3.387
15:50:46.133,3.389
15:50:46.134,2.981
15:50:46.135,3.167
15:50:46.135,3.659
15:50:46.135,2.803
15:50:46.135,2.226
15:50:46.135,2.311
15:50:46.135,2.468
15:50:46.135,2.109
15:50:46.142,1.846
15:50:46.142,1.43
15:50:46.142,1.254
15:50:46.142,0.635
15:50:46.142,0.509
15:50:46.142,0.479
15:50:46.142,0.393
15:50:46.142,0.236
15:50:46.142,0.26
15:50:46.142,0.149
15:50:46.142,0.151
15:50:46.142,0.111
15:50:46.142,-0.029
15:50:46.142,0.114
15:50:46.142,0.13
15:50:46.142,0.062
15:50:46.142,0.073
15:50:46.142,-0.065
15:50:46.142,-0.185
15:50:46.142,-0.441
15:50:46.142,-0.708
15:50:46.142,-0.934
15:50:46.142,-0.897
15:50:46.142,-1.44
15:50:46.157,-3.049
15:50:46.157,-3.091
15:50:46.157,-2.489
15:50:46.157,-1.371
15:50:46.157,-2.34
15:50:46.157,-3.396
15:50:46.157,-3.743
15:50:46.157,-3.987
15:50:46.157,-4.602
15:50:46.157,-4.688
15:50:46.157,-4.176
15:50:46.157,-3.999
15:50:46.157,-4.174
15:50:46.157,-4.262
15:50:46.157,-4.274
15:50:46.157,-4.565
15:50:46.157,-4.446
15:50:46.157,-4.315
15:50:46.157,-3.908
15:50:46.157,-3.841
15:50:46.157,-3.429
15:50:46.157,-3.656
15:50:46.157,-3.83
15:50:46.157,-3.56
15:50:46.157,-3.873
15:50:46.173,-3.969
15:50:46.173,-4.028
15:50:46.173,-4.172
15:50:46.173,-5.216
15:50:46.173,-5.412
15:50:46.173,-4.41
15:50:46.173,-3.679
15:50:46.173,-4.15
15:50:46.173,-4.606
15:50:46.173,-5.459
15:50:46.173,-5.424
15:50:46.173,-5.334
15:50:46.173,-5.249
15:50:46.173,-5.195
15:50:46.173,-4.813
15:50:46.173,-4.874
15:50:46.173,-4.7
15:50:46.173,-4.609
15:50:46.173,-4.549
15:50:46.173,-4.134
15:50:46.173,-4.134
15:50:46.173,-3.863
15:50:46.173,-3.665
15:50:46.189,-3.712
15:50:46.189,-3.274
15:50:46.189,-3.174
15:50:46.189,-3.407
15:50:46.189,-3.161
15:50:46.189,-2.689
15:50:46.189,-3.19
15:50:46.189,-3.437
15:50:46.189,-2.095
15:50:46.189,-2.432
15:50:46.189,-2.571
15:50:46.189,-2.113
15:50:46.189,-1.613
15:50:46.189,-1.628
15:50:46.189,-0.518
15:50:46.189,-0.28
15:50:46.189,0.134
15:50:46.189,-0.099
15:50:46.189,-0.079
15:50:46.189,0.138
15:50:46.189,0.011
15:50:46.189,0.019
15:50:46.189,0.002
15:50:46.189,-0.083
15:50:46.189,-0.177
15:50:46.189,0.105
15:50:46.204,0.279
15:50:46.204,0.34
15:50:46.204,0.693
15:50:46.204,1.095
15:50:46.204,1.048
15:50:46.204,1.358
15:50:46.204,2.66
15:50:46.204,3.329
15:50:46.204,3.012
15:50:46.204,2.208
15:50:46.204,1.95
15:50:46.204,3.583
15:50:46.204,4.183
15:50:46.204,4.574
15:50:46.204,4.783
15:50:46.204,4.498
15:50:46.204,4.188
15:50:46.204,4.097
15:50:46.204,4.137
15:50:46.204,4.297
15:50:46.220,4.431
15:50:46.268,4.614
15:50:46.268,4.914
15:50:46.268,4.397
15:50:46.268,4.484
15:50:46.268,4.026
15:50:46.268,4.019
15:50:46.268,3.66
15:50:46.284,3.635
15:50:46.284,3.793
15:50:46.284,4.005
15:50:46.284,3.688
15:50:46.284,3.989
15:50:46.284,4.167
15:50:46.284,4.119
15:50:46.284,4.219
15:50:46.284,5.078
15:50:46.284,5.689
15:50:46.284,5.408
15:50:46.284,3.853
15:50:46.284,3.83
15:50:46.284,4.648
15:50:46.284,5.181
15:50:46.284,5.579
15:50:46.284,5.664
15:50:46.284,5.571
15:50:46.284,5.295
15:50:46.284,5.368
15:50:46.284,4.994
15:50:46.300,4.815
15:50:46.301,4.798
15:50:46.301,4.783
15:50:46.301,4.432
15:50:46.301,4.023
15:50:46.301,4.038
15:50:46.301,3.75
15:50:46.301,3.558
15:50:46.301,3.669
15:50:46.301,3.154
15:50:46.301,3.518
15:50:46.301,3.296
15:50:46.301,2.926
15:50:46.301,3.0
15:50:46.301,3.325
15:50:46.301,3.303
15:50:46.301,2.82
15:50:46.301,2.123
15:50:46.301,2.256
15:50:46.301,2.252
15:50:46.315,1.88
15:50:46.316,1.632
15:50:46.316,1.468
15:50:46.316,0.873
15:50:46.316,0.474
15:50:46.316,0.5
15:50:46.316,0.381
15:50:46.316,0.424
15:50:46.316,0.201
15:50:46.316,0.086
15:50:46.316,0.194
15:50:46.316,0.167
15:50:46.316,0.087
15:50:46.316,0.099
15:50:46.316,0.243
15:50:46.316,0.23
15:50:46.316,0.136
15:50:46.316,-0.226
15:50:46.316,0.056
15:50:46.316,-0.266
15:50:46.316,-0.621
15:50:46.316,-0.849
15:50:46.316,-0.967
15:50:46.316,-0.991
15:50:46.332,-2.075
15:50:46.332,-3.293
15:50:46.332,-3.283
15:50:46.332,-2.397
15:50:46.332,-1.692
15:50:46.332,-2.556
15:50:46.332,-3.238
15:50:46.332,-4.035
15:50:46.332,-4.552
15:50:46.332,-4.683
15:50:46.332,-4.596
15:50:46.332,-3.879
15:50:46.332,-4.079
15:50:46.332,-4.129
15:50:46.332,-4.392
15:50:46.332,-4.18
15:50:46.332,-4.497
15:50:46.332,-4.513
15:50:46.332,-4.395
15:50:46.332,-3.877
15:50:46.332,-3.873
15:50:46.332,-3.784
15:50:46.348,-3.553
15:50:46.348,-3.521
15:50:46.348,-3.794
15:50:46.348,-3.664
15:50:46.348,-3.794
15:50:46.348,-3.925
15:50:46.348,-4.037
15:50:46.348,-4.154
15:50:46.348,-4.596
15:50:46.348,-5.32
15:50:46.348,-5.455
15:50:46.348,-4.29
15:50:46.348,-3.642
15:50:46.348,-4.008
15:50:46.348,-5.169
15:50:46.348,-5.639
15:50:46.348,-5.613
15:50:46.348,-5.644
15:50:46.348,-5.333
15:50:46.348,-5.096
15:50:46.348,-4.727
15:50:46.363,-5.0
15:50:46.363,-4.686
15:50:46.363,-4.592
15:50:46.363,-4.353
15:50:46.363,-4.124
15:50:46.363,-4.002
15:50:46.363,-3.645
15:50:46.363,-3.586
15:50:46.363,-3.566
15:50:46.363,-3.284
15:50:46.363,-3.331
15:50:46.363,-3.342
15:50:46.363,-3.121
15:50:46.363,-2.947
15:50:46.363,-2.911
15:50:46.363,-3.272
15:50:46.363,-3.609
15:50:46.363,-2.893
15:50:46.363,-2.233
15:50:46.363,-2.14
15:50:46.363,-2.314
15:50:46.363,-2.0
15:50:46.363,-1.698
15:50:46.380,-1.357
15:50:46.380,-0.759
15:50:46.380,-0.333
15:50:46.380,-0.232
15:50:46.380,-0.054
15:50:46.380,-0.186
15:50:46.380,-0.132
15:50:46.380,0.027
15:50:46.380,-0.058
15:50:46.380,0.139
15:50:46.380,4.389
15:50:46.380,4.604
15:50:46.380,4.702
15:50:46.380,4.647
15:50:46.380,4.06
15:50:46.380,4.016
15:50:46.380,3.733
15:50:46.380,3.647
15:50:46.380,3.808
15:50:46.380,3.917
15:50:46.380,3.921
15:50:46.380,4.035
15:50:46.395,4.056
15:50:46.395,4.162
15:50:46.395,4.377
15:50:46.395,5.523
15:50:46.395,5.531
15:50:46.395,3.956
15:50:46.395,3.901
15:50:46.403,4.738
15:50:46.403,5.751
15:50:46.404,5.688
15:50:46.404,5.483
15:50:46.405,5.413
15:50:46.405,5.196
15:50:46.405,4.94
15:50:46.405,4.766
15:50:46.405,4.85
15:50:46.405,4.818
15:50:46.411,4.251
15:50:46.411,4.233
15:50:46.411,3.976
15:50:46.411,3.722
15:50:46.415,3.705
15:50:46.415,3.441
15:50:46.415,3.313
15:50:46.415,3.449
15:50:46.415,3.157
15:50:46.415,3.01
15:50:46.415,3.453
15:50:46.415,3.553
15:50:46.415,2.864
15:50:46.415,2.38
15:50:46.415,2.278
15:50:46.415,2.456
15:50:46.415,2.211
15:50:46.415,1.822
15:50:46.415,1.401
15:50:46.427,0.962
15:50:46.427,0.726
15:50:46.427,0.365
15:50:46.427,0.44
15:50:46.427,0.063
15:50:46.427,0.22
15:50:46.427,-0.031
15:50:46.427,-0.045
15:50:46.427,0.049
15:50:46.427,0.047
15:50:46.427,0.16
15:50:46.427,0.221
15:50:46.427,0.032
15:50:46.439,-0.12
15:50:46.439,-0.285
15:50:46.439,-0.516
15:50:46.439,-1.088
15:50:46.443,-0.971
15:50:46.444,-1.002
15:50:46.444,-2.449
15:50:46.444,-3.444
15:50:46.444,-3.175
15:50:46.444,-2.062
15:50:46.444,-2.08
15:50:46.444,-2.786
15:50:46.444,-3.689
15:50:46.452,-4.141
15:50:46.452,-4.277
15:50:46.452,-4.742
15:50:46.452,-4.232
15:50:46.455,-4.013
15:50:46.455,-4.099
15:50:46.455,-4.28
15:50:46.455,-4.329
15:50:46.455,-4.566
15:50:46.455,-4.593
15:50:46.459,-4.411
15:50:46.459,-4.219
15:50:46.459,-3.959
15:50:46.459,-3.78
15:50:46.459,-3.745
15:50:46.459,-3.58
15:50:46.459,-3.705
15:50:46.459,-3.672
15:50:46.459,-3.801
15:50:46.459,-3.895
15:50:46.459,-4.002
15:50:46.459,-4.045
15:50:46.459,-4.951
15:50:46.459,-5.498
15:50:46.459,-5.072
15:50:46.459,-4.153
15:50:46.459,-3.963
15:50:46.459,-4.401
15:50:46.459,-5.213
15:50:46.459,-5.608
15:50:46.459,-5.528
15:50:46.459,-5.652
15:50:46.459,-5.287
15:50:46.475,-5.152
15:50:46.477,-4.899
15:50:46.478,-4.795
15:50:46.479,-4.549
15:50:46.480,-4.871
15:50:46.481,-4.467
15:50:46.482,-4.091
15:50:46.483,-3.897
15:50:46.483,-3.749
15:50:46.484,-3.671
15:50:46.486,-3.609
15:50:46.486,-3.423
15:50:46.486,-3.127
15:50:46.489,-3.36
15:50:46.489,-3.263
15:50:46.491,-2.793
15:50:46.491,-3.19
15:50:46.491,-3.621
15:50:46.493,-3.153
15:50:46.493,-2.088
15:50:46.493,-2.581
15:50:46.496,-2.346
15:50:46.496,-2.228
15:50:46.498,-1.815
15:50:46.499,-1.704
15:50:46.500,-1.336
15:50:46.500,-0.914
15:50:46.502,-0.483
15:50:46.502,-0.513
15:50:46.504,-0.291
15:50:46.505,-0.142
15:50:46.505,0.117
15:50:46.507,0.026
15:50:46.508,-0.148
15:50:46.508,0.026
15:50:46.510,-0.051
15:50:46.510,0.011
15:50:46.511,0.007
15:50:46.512,-0.027
15:50:46.513,0.014
15:50:46.513,-0.059
15:50:46.515,0.267
15:50:46.515,0.556
15:50:46.515,0.599
15:50:46.515,1.114
15:50:46.519,1.52
15:50:46.520,3.209
15:50:46.520,3.073
15:50:46.520,1.692
15:50:46.523,2.419
15:50:46.523,4.088
15:50:46.525,4.362
15:50:46.525,4.756
15:50:46.525,4.326
15:50:46.525,4.003
15:50:46.525,4.284
15:50:46.525,4.376
15:50:46.525,4.518
15:50:46.525,4.682
15:50:46.525,4.51
15:50:46.525,4.542
15:50:46.534,4.075
15:50:46.534,4.061
15:50:46.534,3.675
15:50:46.534,3.92
15:50:46.534,3.756
15:50:46.538,4.034
15:50:46.538,4.204
15:50:46.540,4.112
15:50:46.541,4.267
15:50:46.542,5.201
15:50:46.543,5.698
15:50:46.544,4.369
15:50:46.544,4.274
15:50:46.544,4.979
15:50:46.544,5.66
15:50:46.548,5.472
15:50:46.548,5.468
15:50:46.548,5.33
15:50:46.548,5.022
15:50:46.551,4.945
15:50:46.551,4.821
15:50:46.553,4.847
15:50:46.553,4.789
15:50:46.555,4.431
15:50:46.556,4.042
15:50:46.556,3.904
15:50:46.556,4.185
15:50:46.556,3.962
15:50:46.556,3.585
15:50:46.556,3.343
15:50:46.556,3.377
15:50:46.556,3.415
15:50:46.556,3.125
15:50:46.556,2.955
15:50:46.556,3.215
15:50:46.556,3.643
15:50:46.556,3.308
15:50:46.556,2.69
15:50:46.556,2.164
15:50:46.556,2.256
15:50:46.556,2.316
15:50:46.556,1.898
15:50:46.570,1.445
15:50:46.571,1.011
15:50:46.571,0.582
15:50:46.571,0.578
15:50:46.571,0.446
15:50:46.571,0.344
15:50:46.571,0.349
15:50:46.571,0.152
15:50:46.571,0.07
15:50:46.571,0.014
15:50:46.579,0.088
15:50:46.579,0.106
15:50:46.581,0.255
15:50:46.581,0.098
15:50:46.582,0.021
15:50:46.583,0.033
15:50:46.584,-0.046
15:50:46.584,-0.325
15:50:46.586,-0.331
15:50:46.587,-0.613
15:50:46.588,-0.997
15:50:46.588,-1.316
15:50:46.588,-1.879
15:50:46.591,-3.164
15:50:46.591,-2.777
15:50:46.592,-1.445
15:50:46.593,-1.891
15:50:46.593,-3.137
15:50:46.593,-3.988
15:50:46.593,-4.292
15:50:46.593,-4.494
15:50:46.593,-4.615
15:50:46.593,-4.291
15:50:46.598,-4.027
15:50:46.598,-4.067
15:50:46.598,-4.286
15:50:46.598,-4.359
15:50:46.602,-4.394
15:50:46.602,-4.531
15:50:46.604,-4.421
15:50:46.605,-4.012
15:50:46.606,-3.861
15:50:46.606,-3.586
15:50:46.606,-3.395
15:50:46.606,-3.856
15:50:46.606,-3.865
15:50:46.606,-3.693
15:50:46.606,-3.963
15:50:46.606,-4.049
15:50:46.613,-4.277
15:50:46.614,-5.232
15:50:46.615,-5.714
15:50:46.615,-4.669
15:50:46.617,-3.465
15:50:46.618,-3.688
15:50:46.618,-4.544
15:50:46.619,-5.378
15:50:46.620,-5.555
15:50:46.620,-5.398
15:50:46.622,-5.174
15:50:46.622,-5.08
15:50:46.624,-4.88
15:50:46.625,-4.961
15:50:46.625,-4.579
15:50:46.627,-4.67
15:50:46.628,-4.61
15:50:46.628,-4.31
15:50:46.630,-4.086
15:50:46.630,-3.777
15:50:46.630,-3.729
15:50:46.632,-3.611
15:50:46.632,-3.577
15:50:46.634,-3.435
15:50:46.634,-3.139
15:50:46.636,-3.352
15:50:46.637,-3.156
15:50:46.638,-2.721
15:50:46.638,-3.043
15:50:46.640,-3.488
15:50:46.641,-3.255
15:50:46.641,-2.207
15:50:46.641,-2.688
15:50:46.641,-2.556
15:50:46.644,-1.469
15:50:46.644,-0.264
15:50:46.646,-0.007
15:50:46.646,-0.126
15:50:46.646,-0.061
15:50:46.648,-0.026
15:50:46.648,0.049
15:50:46.650,0.03
15:50:46.650,-0.253
15:50:46.650,-0.203
15:50:46.650,-0.039
15:50:46.650,0.012
15:50:46.650,0.229
15:50:46.655,0.331
15:50:46.656,0.599
15:50:46.657,0.852
15:50:46.657,1.073
15:50:46.657,1.353
15:50:46.657,1.879
15:50:46.657,2.832
15:50:46.661,3.292
15:50:46.661,2.159
15:50:46.661,1.928
15:50:46.661,3.027
15:50:46.661,3.955
15:50:46.666,4.279
15:50:46.667,4.651
15:50:46.667,4.798
15:50:46.669,4.468
15:50:46.670,4.096
15:50:46.670,3.998
15:50:46.671,4.272
15:50:46.671,4.347
15:50:46.673,4.474
15:50:46.673,4.699
15:50:46.674,4.685
15:50:46.674,4.264
15:50:46.677,4.038
15:50:46.678,3.866
15:50:46.678,3.686
15:50:46.678,3.716
15:50:46.678,3.775
15:50:46.678,3.818
15:50:46.681,3.738
15:50:46.681,3.909
15:50:46.681,4.211
15:50:46.681,4.023
15:50:46.681,4.251
15:50:46.681,4.831
15:50:46.681,5.687
15:50:46.681,4.731
15:50:46.681,3.696
15:50:46.681,4.808
15:50:46.689,5.656
15:50:46.689,5.666
15:50:46.689,5.304
15:50:46.692,5.595
15:50:46.692,5.384
15:50:46.693,5.071
15:50:46.693,5.11
15:50:46.693,4.691
15:50:46.695,4.831
15:50:46.695,4.792
15:50:46.697,4.044
15:50:46.698,4.115
15:50:46.698,3.983
15:50:46.698,3.791
15:50:46.698,3.73
15:50:46.698,3.748
15:50:46.698,3.382
15:50:46.698,3.419
15:50:46.698,3.252
15:50:46.698,2.978
15:50:46.698,3.239
15:50:46.698,3.503
15:50:46.698,3.638
15:50:46.698,2.601
15:50:46.698,2.328
15:50:46.698,2.264
15:50:46.698,2.251
15:50:46.698,1.859
15:50:46.698,1.733
15:50:46.698,1.283
15:50:46.698,1.12
15:50:46.713,0.628
15:50:46.713,0.511
15:50:46.713,0.324
15:50:46.713,0.373
15:50:46.713,0.348
15:50:46.713,0.148
15:50:46.713,-0.048
15:50:46.713,0.015
15:50:46.713,0.101
15:50:46.713,0.073
15:50:46.713,0.203
15:50:46.713,0.283
15:50:46.713,0.061
15:50:46.713,0.049
15:50:46.713,-0.13
15:50:46.713,-0.17
15:50:46.713,-0.507
15:50:46.713,-0.507
15:50:46.713,-0.94
15:50:46.713,-1.019
15:50:46.713,-1.337
15:50:46.713,-3.178
15:50:46.713,-3.283
15:50:46.713,-2.48
15:50:46.729,-1.789
15:50:46.729,-1.978
15:50:46.729,-2.644
15:50:46.729,-4.262
15:50:46.729,-4.696
15:50:46.729,-4.704
15:50:46.729,-4.268
15:50:46.729,-3.861
15:50:46.729,-4.051
15:50:46.729,-4.109
15:50:46.729,-4.321
15:50:46.729,-4.424
15:50:46.729,-4.591
15:50:46.729,-4.478
15:50:46.729,-4.103
15:50:46.729,-3.898
15:50:46.729,-3.637
15:50:46.729,-3.526
15:50:46.729,-3.677
15:50:46.729,-3.584
15:50:46.729,-3.8
15:50:46.729,-3.996
15:50:46.729,-4.018
15:50:46.744,-4.161
15:50:46.744,-5.095
15:50:46.744,-5.346
15:50:46.744,-4.052
15:50:46.744,-3.963
15:50:46.744,-2.165
15:50:46.744,-1.508
15:50:46.744,-2.926
15:50:46.744,-3.925
15:50:46.744,-4.229
15:50:46.744,-4.604
15:50:46.744,-4.616
15:50:46.744,-4.227
15:50:46.744,-3.996
15:50:46.744,-4.188
15:50:46.744,-4.254
15:50:46.744,-4.541
15:50:46.744,-4.473
15:50:46.744,-4.386
15:50:46.744,-3.98
15:50:46.744,-3.865
15:50:46.744,-3.748
15:50:46.744,-3.534
15:50:46.744,-3.707
15:50:46.744,-3.805
15:50:46.744,-3.836
15:50:46.760,-3.82
15:50:46.760,-4.057
15:50:46.760,-4.021
15:50:46.760,-4.101
15:50:46.760,-4.915
15:50:46.760,-5.406
15:50:46.760,-5.607
15:50:46.760,-4.227
15:50:46.760,-3.597
15:50:46.760,-4.29
15:50:46.760,-5.489
15:50:46.760,-5.401
15:50:46.760,-5.543
15:50:46.760,-5.567
15:50:46.760,-5.431
15:50:46.760,-5.109
15:50:46.760,-5.08
15:50:46.776,-4.814
15:50:46.776,-4.878
15:50:46.776,-4.557
15:50:46.776,-4.614
15:50:46.776,-4.361
15:50:46.776,-3.869
15:50:46.776,-3.845
15:50:46.776,-3.734
15:50:46.776,-3.483
15:50:46.776,-3.309
15:50:46.776,-3.351
15:50:46.776,-3.287
15:50:46.776,-2.909
15:50:46.776,-2.98
15:50:46.776,-3.444
15:50:46.776,-2.824
15:50:46.776,-2.168
15:50:46.776,-2.485
15:50:46.776,-2.284
15:50:46.776,-1.883
15:50:46.776,-1.312
15:50:46.776,-1.194
15:50:46.776,-0.628
15:50:46.792,-0.479
15:50:46.792,-0.292
15:50:46.792,-0.13
15:50:46.792,-0.141
15:50:46.792,0.14
15:50:46.792,-0.101
15:50:46.792,-0.096
15:50:46.792,-0.003
15:50:46.792,0.077
15:50:46.792,-0.057
15:50:46.792,0.078
15:50:46.792,0.045
15:50:46.792,0.145
15:50:46.792,0.304
15:50:46.792,0.373
15:50:46.792,0.72
15:50:46.792,0.855
15:50:46.792,1.124
15:50:46.792,2.494
15:50:46.792,3.437
15:50:46.792,2.11
15:50:46.792,1.94
15:50:46.792,3.404
15:50:46.792,4.183
15:50:46.792,4.279
15:50:46.808,4.605
15:50:46.808,4.674
15:50:46.808,4.186
15:50:46.808,4.054
15:50:46.808,4.177
15:50:46.808,4.346
15:50:46.808,4.67
15:50:46.808,4.633
15:50:46.808,4.575
15:50:46.808,4.578
15:50:46.808,4.222
15:50:46.808,3.994
15:50:46.808,3.916
15:50:46.808,3.685
15:50:46.808,3.792
15:50:46.808,3.825
15:50:46.808,3.863
15:50:46.808,4.136
15:50:46.808,3.927
15:50:46.808,4.182
15:50:46.808,4.234
15:50:46.808,4.877
15:50:46.824,5.81
15:50:46.824,5.191
15:50:46.824,3.927
15:50:46.824,3.896
15:50:46.824,4.833
15:50:46.824,5.661
15:50:46.824,5.656
15:50:46.824,5.614
15:50:46.824,5.845
15:50:46.824,4.727
15:50:46.824,4.941
15:50:46.824,4.954
15:50:46.824,4.824
15:50:46.824,4.517
15:50:46.824,4.176
15:50:46.824,4.16
15:50:46.824,3.857
15:50:46.824,3.658
15:50:46.824,3.465
15:50:46.824,3.351
15:50:46.824,3.419
15:50:46.824,2.959
15:50:46.824,3.003
15:50:46.824,3.542
15:50:46.841,3.199
15:50:46.842,3.088
15:50:46.843,2.471
15:50:46.843,2.425
15:50:46.843,2.008
15:50:46.845,1.035
15:50:46.845,1.466
15:50:46.845,0.639
15:50:46.845,0.369
15:50:46.845,0.347
15:50:46.845,0.047
15:50:46.845,0.206
15:50:46.845,0.014
15:50:46.845,0.054
15:50:46.845,-0.033
15:50:46.845,0.214
15:50:46.845,0.013
15:50:46.845,0.11
15:50:46.845,-0.102
15:50:46.856,-0.267
15:50:46.856,-0.46
15:50:46.856,-1.022
15:50:46.856,-0.776
15:50:46.856,-0.913
15:50:46.861,-2.295
15:50:46.861,-3.286
15:50:46.861,-2.943
15:50:46.861,-2.299
15:50:46.861,-1.586
15:50:46.861,-3.574
15:50:46.865,-4.179
15:50:46.865,-4.774
15:50:46.865,-4.551
15:50:46.867,-4.178
15:50:46.868,-4.088
15:50:46.868,-4.147
15:50:46.868,-4.208
15:50:46.868,-4.477
15:50:46.868,-4.306
15:50:46.868,-4.302
15:50:46.868,-4.004
15:50:46.872,-3.765
15:50:46.873,-3.689
15:50:46.873,-3.55
15:50:46.873,-3.589
15:50:46.873,-3.7
15:50:46.873,-3.89
15:50:46.873,-3.944
15:50:46.873,-3.985
15:50:46.873,-4.166
15:50:46.879,-5.101
15:50:46.879,-5.446
15:50:46.879,-4.653
15:50:46.882,-3.797
15:50:46.882,-4.212
15:50:46.882,-4.906
15:50:46.882,-5.42
15:50:46.882,-5.417
15:50:46.882,-5.464
15:50:46.882,-5.061
15:50:46.882,-4.741
15:50:46.882,-4.877
15:50:46.888,-4.712
15:50:46.888,-4.615
15:50:46.888,-4.458
15:50:46.888,-4.189
15:50:46.888,-3.968
15:50:46.888,-3.899
15:50:46.888,-3.771
15:50:46.888,-3.661
15:50:46.888,-3.606
15:50:46.888,-3.229
15:50:46.888,-3.312
15:50:46.888,-3.368
15:50:46.888,-2.873
15:50:46.888,-2.901
15:50:46.888,-3.26
15:50:46.888,-3.17
15:50:46.888,-2.36
15:50:46.888,-2.135
15:50:46.888,-2.924
15:50:46.888,-2.446
15:50:46.888,-1.785
15:50:46.888,-1.814
15:50:46.904,-1.314
15:50:46.904,-0.768
15:50:46.904,-0.505
15:50:46.904,-0.252
15:50:46.908,-0.146
15:50:46.909,-0.165
15:50:46.910,-0.209
15:50:46.910,0.166
15:50:46.910,-0.073
15:50:46.910,-0.112
15:50:46.910,0.017
15:50:46.913,-0.055
15:50:46.915,-0.064
15:50:46.915,0.027
15:50:46.915,0.196
15:50:46.915,0.313
15:50:46.915,0.326
15:50:46.920,0.75
15:50:46.921,1.127
15:50:46.921,1.092
15:50:46.924,3.091
15:50:46.924,3.385
15:50:46.926,2.751
15:50:46.926,1.633
15:50:46.926,2.178
15:50:46.929,3.448
15:50:46.929,4.022
15:50:46.929,4.485
15:50:46.929,4.722
15:50:46.929,4.647
15:50:46.929,4.41
15:50:46.929,4.265
15:50:46.935,4.418
15:50:46.935,4.411
15:50:46.935,4.757
15:50:46.935,4.557
15:50:46.935,4.387
15:50:46.935,4.057
15:50:46.935,4.027
15:50:46.935,3.723
15:50:46.935,3.777
15:50:46.935,3.794
15:50:46.935,3.892
15:50:46.935,4.122
15:50:46.935,4.097
15:50:46.935,4.105
15:50:46.935,4.62
15:50:46.935,5.518
15:50:46.935,5.329
15:50:46.947,3.884
15:50:46.948,4.352
15:50:46.949,5.132
15:50:46.949,5.684
15:50:46.949,5.704
15:50:46.952,5.591
15:50:46.953,5.225
15:50:46.956,5.394
15:50:46.956,4.966
15:50:46.956,4.963
15:50:46.956,4.692
15:50:46.956,4.994
15:50:46.956,4.56
15:50:46.956,4.007
15:50:46.956,4.084
15:50:46.956,3.936
15:50:46.956,3.51
15:50:46.956,3.34
15:50:46.956,3.324
15:50:46.956,3.405
15:50:46.956,3.238
15:50:46.967,3.232
15:50:46.967,3.56
15:50:46.967,3.348
15:50:46.967,2.256
15:50:46.967,2.307
15:50:46.967,2.283
15:50:46.967,1.741
15:50:46.967,1.602
15:50:46.967,0.952
15:50:46.967,0.69
15:50:46.967,0.619
15:50:46.967,0.489
15:50:46.967,0.357
15:50:46.967,0.041
15:50:46.967,0.212
15:50:46.967,0.113
15:50:46.967,0.105
15:50:46.967,0.219
15:50:46.967,0.097
15:50:46.967,-0.052
15:50:46.983,0.217
15:50:46.984,0.163
15:50:46.984,0.196
15:50:46.984,0.029
15:50:46.984,-0.19
15:50:46.984,-0.375
15:50:46.984,-0.544
15:50:46.984,-0.916
15:50:46.984,-1.036
15:50:46.984,-1.826
15:50:46.984,-3.549
15:50:46.984,-2.289
15:50:46.984,-1.125
15:50:46.984,-2.052
15:50:46.984,-3.656
15:50:46.984,-4.197
15:50:46.984,-4.42
15:50:46.984,-4.41
15:50:46.984,-4.177
15:50:46.984,-4.181
15:50:46.984,-4.253
15:50:46.984,-4.438
15:50:47.046,-4.649
15:50:47.046,-4.34
15:50:47.046,-4.315
15:50:47.046,-3.93
15:50:47.061,-3.794
15:50:47.061,-3.482
15:50:47.061,-3.801
15:50:47.061,-3.81
15:50:47.064,-3.718
15:50:47.064,-4.167
15:50:47.064,-4.103
15:50:47.064,-4.076
15:50:47.064,-4.986
15:50:47.064,-5.599
15:50:47.064,-4.478
15:50:47.064,-3.663
15:50:47.064,-4.409
15:50:47.064,-5.266
15:50:47.064,-5.583
15:50:47.064,-5.486
15:50:47.064,-5.424
15:50:47.064,-5.095
15:50:47.064,-5.012
15:50:47.064,-4.962
15:50:47.064,-4.865
15:50:47.077,-4.646
15:50:47.077,-4.583
15:50:47.077,-4.302
15:50:47.077,-4.15
15:50:47.077,-4.044
15:50:47.077,-3.661
15:50:47.077,-3.69
15:50:47.077,-3.493
15:50:47.077,-3.302
15:50:47.077,-3.195
15:50:47.077,-3.02
15:50:47.077,-2.911
15:50:47.077,-3.181
15:50:47.077,-3.583
15:50:47.077,-3.226
15:50:47.077,-2.533
15:50:47.077,-2.362
15:50:47.077,-2.402
15:50:47.077,-1.827
15:50:47.077,-1.477
15:50:47.093,-1.27
15:50:47.093,-0.877
15:50:47.093,-0.312
15:50:47.093,-0.338
15:50:47.093,-0.217
15:50:47.093,-0.061
15:50:47.093,-0.081
15:50:47.093,-0.054
15:50:47.093,-0.08
15:50:47.093,-0.001
15:50:47.093,-0.137
15:50:47.093,-0.017
15:50:47.093,0.013
15:50:47.093,0.171
15:50:47.093,0.534
15:50:47.093,0.931
15:50:47.093,1.228
15:50:47.093,1.729
15:50:47.093,3.348
15:50:47.093,3.26
15:50:47.093,1.81
15:50:47.093,1.818
15:50:47.109,3.825
15:50:47.109,4.325
15:50:47.109,4.503
15:50:47.109,4.65
15:50:47.109,3.965
15:50:47.109,4.337
15:50:47.109,4.414
15:50:47.109,4.581
15:50:47.109,4.682
15:50:47.109,4.578
15:50:47.109,4.291
15:50:47.109,3.986
15:50:47.109,3.893
15:50:47.109,3.624
15:50:47.109,3.832
15:50:47.109,3.858
15:50:47.109,3.884
15:50:47.109,3.979
15:50:47.109,4.037
15:50:47.109,4.036
15:50:47.109,4.156
15:50:47.109,4.46
15:50:47.125,5.705
15:50:47.125,5.217
15:50:47.125,4.106
15:50:47.125,5.394
15:50:47.125,5.783
15:50:47.125,5.483
15:50:47.125,5.628
15:50:47.125,5.355
15:50:47.125,5.239
15:50:47.125,5.043
15:50:47.125,4.965
15:50:47.125,4.79
15:50:47.125,4.606
15:50:47.125,4.154
15:50:47.125,3.861
15:50:47.125,3.919
15:50:47.125,3.298
15:50:47.125,3.283
15:50:47.125,3.365
15:50:47.125,3.05
15:50:47.125,3.012
15:50:47.140,3.619
15:50:47.140,3.359
15:50:47.140,2.447
15:50:47.140,2.272
15:50:47.140,2.483
15:50:47.140,2.182
15:50:47.140,1.756
15:50:47.140,1.505
15:50:47.140,0.778
15:50:47.140,0.792
15:50:47.140,0.581
15:50:47.140,0.463
15:50:47.140,0.418
15:50:47.140,0.022
15:50:47.140,0.174
15:50:47.140,0.202
15:50:47.140,0.064
15:50:47.140,0.031
15:50:47.140,0.157
15:50:47.140,0.192
15:50:47.140,0.103
15:50:47.156,0.045
15:50:47.157,-0.173
15:50:47.157,-0.605
15:50:47.157,-0.773
15:50:47.157,-0.98
15:50:47.157,-1.002
15:50:47.157,-2.863
15:50:47.157,-2.811
15:50:47.157,-2.014
15:50:47.157,-2.096
15:50:47.157,-3.353
15:50:47.157,-3.813
15:50:47.157,-4.293
15:50:47.157,-4.69
15:50:47.157,-4.012
15:50:47.157,-4.222
15:50:47.157,-4.146
15:50:47.157,-4.365
15:50:47.157,-4.426
15:50:47.157,-4.497
15:50:47.157,-4.403
15:50:47.157,-4.139
15:50:47.157,-3.899
15:50:47.157,-3.642
15:50:47.172,-3.608
15:50:47.172,-3.67
15:50:47.172,-3.657
15:50:47.172,-3.849
15:50:47.172,-3.814
15:50:47.172,-3.902
15:50:47.172,-4.074
15:50:47.172,-4.248
15:50:47.172,-4.978
15:50:47.172,-5.377
15:50:47.172,-4.878
15:50:47.172,-3.754
15:50:47.172,-4.076
15:50:47.172,-4.761
15:50:47.172,-4.852
15:50:47.172,-5.668
15:50:47.172,-5.623
15:50:47.172,-5.339
15:50:47.172,-5.03
15:50:47.172,-4.979
15:50:47.172,-5.016
15:50:47.188,-4.745
15:50:47.188,-4.551
15:50:47.188,-4.423
15:50:47.188,-4.354
15:50:47.188,-3.919
15:50:47.188,-3.672
15:50:47.188,-3.633
15:50:47.188,-3.473
15:50:47.188,-3.271
15:50:47.188,-3.318
15:50:47.188,-3.357
15:50:47.188,-3.04
15:50:47.188,-2.945
15:50:47.188,-3.29
15:50:47.188,-3.607
15:50:47.188,-2.62
15:50:47.188,-2.376
15:50:47.188,-2.589
15:50:47.188,-2.237
15:50:47.188,-2.027
15:50:47.188,-1.7
15:50:47.188,-0.992
15:50:47.188,-0.715
15:50:47.188,-0.343
15:50:47.204,-0.418
15:50:47.204,-0.348
15:50:47.204,-0.141
15:50:47.204,0.042
15:50:47.204,0.011
15:50:47.204,0.021
15:50:47.204,0.017
15:50:47.204,-0.046
15:50:47.204,-0.119
15:50:47.204,-0.037
15:50:47.204,0.214
15:50:47.204,0.029
15:50:47.204,0.289
15:50:47.204,0.687
15:50:47.204,0.852
15:50:47.204,0.941
15:50:47.204,1.252
15:50:47.204,2.475
15:50:47.204,3.427
15:50:47.204,2.305
15:50:47.204,1.857
15:50:47.204,2.379
15:50:47.219,3.528
15:50:47.219,4.258
15:50:47.219,4.684
15:50:47.219,4.681
15:50:47.219,4.283
15:50:47.219,3.953
15:50:47.219,4.289
15:50:47.219,4.352
15:50:47.219,4.509
15:50:47.219,4.771
15:50:47.219,4.58
15:50:47.219,4.479
15:50:47.219,4.213
15:50:47.219,3.806
15:50:47.219,3.71
15:50:47.219,3.731
15:50:47.219,4.029
15:50:47.219,3.72
15:50:47.219,3.978
15:50:47.219,4.086
15:50:47.219,4.087
15:50:47.219,4.13
15:50:47.219,4.432
15:50:47.219,5.442
15:50:47.235,5.547
15:50:47.235,4.432
15:50:47.235,3.866
15:50:47.235,4.248
15:50:47.235,4.919
15:50:47.235,5.754
15:50:47.235,5.583
15:50:47.235,5.63
15:50:47.235,5.451
15:50:47.235,5.258
15:50:47.235,5.135
15:50:47.235,5.121
15:50:47.235,5.117
15:50:47.235,4.686
15:50:47.235,4.638
15:50:47.235,4.433
15:50:47.235,4.122
15:50:47.235,4.028
15:50:47.235,3.833
15:50:47.235,3.817
15:50:47.235,3.838
15:50:47.235,3.348
15:50:47.235,3.352
15:50:47.251,3.435
15:50:47.251,3.142
15:50:47.251,3.068
15:50:47.251,3.303
15:50:47.251,3.729
15:50:47.251,2.78
15:50:47.251,2.486
15:50:47.251,2.328
15:50:47.251,2.445
15:50:47.251,2.144
15:50:47.251,1.785
15:50:47.251,1.586
15:50:47.251,1.078
15:50:47.251,0.687
15:50:47.251,0.568
15:50:47.251,0.455
15:50:47.251,0.363
15:50:47.251,0.075
15:50:47.251,0.055
15:50:47.251,0.074
15:50:47.251,0.291
15:50:47.251,0.021
15:50:47.251,-0.04
15:50:47.251,0.117
15:50:47.267,0.209
15:50:47.267,0.119
15:50:47.267,0.252
15:50:47.267,-0.05
15:50:47.267,-0.283
15:50:47.267,-0.383
15:50:47.267,-0.674
15:50:47.267,-0.781
15:50:47.267,-0.945
15:50:47.267,-1.209
15:50:47.267,-2.212
15:50:47.275,-3.54
15:50:47.275,-3.002
15:50:47.275,-1.898
15:50:47.275,-1.907
15:50:47.275,-3.038
15:50:47.275,-3.829
15:50:47.275,-4.059
15:50:47.275,-4.479
15:50:47.275,-4.721
15:50:47.283,-4.411
15:50:47.283,-3.991
15:50:47.283,-4.103
15:50:47.283,-4.031
15:50:47.285,-4.219
15:50:47.285,-4.224
15:50:47.287,-4.702
15:50:47.287,-4.355
15:50:47.287,-4.313
15:50:47.287,-4.005
15:50:47.287,-3.885
15:50:47.287,-3.507
15:50:47.287,-3.528
15:50:47.287,-3.788
15:50:47.287,-3.767
15:50:47.287,-3.708
15:50:47.287,-3.829
15:50:47.287,-3.932
15:50:47.287,-4.082
15:50:47.287,-4.044
15:50:47.287,-4.915
15:50:47.287,-5.625
15:50:47.299,-5.169
15:50:47.299,-3.8
15:50:47.299,-3.949
15:50:47.299,-4.511
15:50:47.299,-5.45
15:50:47.299,-5.604
15:50:47.299,-5.387
15:50:47.299,-5.542
15:50:47.299,-5.332
15:50:47.299,-5.067
15:50:47.299,-4.742
15:50:47.299,-4.923
15:50:47.299,-4.71
15:50:47.299,-4.484
15:50:47.299,-4.428
15:50:47.299,-4.041
15:50:47.299,-3.845
15:50:47.299,-3.592
15:50:47.299,-3.556
15:50:47.299,-3.349
15:50:47.315,-3.309
15:50:47.316,-3.293
15:50:47.316,-2.92
15:50:47.316,-3.022
15:50:47.316,-3.524
15:50:47.316,-3.31
15:50:47.316,-2.409
15:50:47.316,-2.255
15:50:47.316,-2.535
15:50:47.316,-1.893
15:50:47.316,-1.735
15:50:47.316,-0.757
15:50:47.316,-0.363
15:50:47.316,-0.379
15:50:47.316,-0.352
15:50:47.316,-0.16
15:50:47.316,-0.123
15:50:47.316,0.017
15:50:47.316,-0.01
15:50:47.316,0.025
15:50:47.316,0.063
15:50:47.316,-0.04
15:50:47.331,-0.131
15:50:47.331,-0.148
15:50:47.331,0.035
15:50:47.331,-0.01
15:50:47.331,0.331
15:50:47.331,0.826
15:50:47.331,0.442
15:50:47.331,0.668
15:50:47.331,0.988
15:50:47.331,1.204
15:50:47.331,2.045
15:50:47.331,3.368
15:50:47.331,3.375
15:50:47.331,1.972
15:50:47.331,1.643
15:50:47.331,2.957
15:50:47.331,4.047
15:50:47.331,4.343
15:50:47.331,4.735
15:50:47.331,4.688
15:50:47.331,4.124
15:50:47.331,4.018
15:50:47.331,4.473
15:50:47.331,4.359
15:50:47.346,4.63
15:50:47.346,4.643
15:50:47.346,4.657
15:50:47.346,4.289
15:50:47.346,3.956
15:50:47.346,3.796
15:50:47.346,3.61
15:50:47.346,3.732
15:50:47.346,3.781
15:50:47.346,3.923
15:50:47.346,4.147
15:50:47.346,4.145
15:50:47.346,4.217
15:50:47.346,4.324
15:50:47.346,5.081
15:50:47.346,5.699
15:50:47.346,4.691
15:50:47.346,3.681
15:50:47.346,4.152
15:50:47.346,4.782
15:50:47.346,5.405
15:50:47.346,5.585
15:50:47.362,5.652
15:50:47.362,5.676
15:50:47.362,5.436
15:50:47.362,5.298
15:50:47.362,4.985
15:50:47.362,4.776
15:50:47.362,4.772
15:50:47.362,4.905
15:50:47.362,4.243
15:50:47.362,4.163
15:50:47.362,4.156
15:50:47.362,3.893
15:50:47.362,3.779
15:50:47.362,3.679
15:50:47.362,3.452
15:50:47.362,3.279
15:50:47.362,3.383
15:50:47.378,3.156
15:50:47.378,3.132
15:50:47.378,3.27
15:50:47.378,3.558
15:50:47.378,3.404
15:50:47.378,2.523
15:50:47.378,2.245
15:50:47.378,2.349
15:50:47.378,2.437
15:50:47.378,1.821
15:50:47.378,1.379
15:50:47.378,0.575
15:50:47.378,0.506
15:50:47.378,0.492
15:50:47.378,0.302
15:50:47.378,0.329
15:50:47.378,0.1
15:50:47.378,0.18
15:50:47.378,0.119
15:50:47.394,0.2
15:50:47.394,0.026
15:50:47.394,0.148
15:50:47.394,0.203
15:50:47.394,0.191
15:50:47.394,0.148
15:50:47.394,0.01
15:50:47.394,-0.026
15:50:47.394,-0.451
15:50:47.394,-0.633
15:50:47.394,-0.887
15:50:47.394,-0.64
15:50:47.394,-2.291
15:50:47.394,-3.179
15:50:47.394,-3.33
15:50:47.394,-2.612
15:50:47.394,-1.778
15:50:47.394,-3.161
15:50:47.394,-3.737
15:50:47.394,-4.148
15:50:47.394,-4.374
15:50:47.394,-4.666
15:50:47.394,-4.116
15:50:47.410,-4.102
15:50:47.448,-4.159
15:50:47.448,-4.746
15:50:47.452,-4.436
15:50:47.452,-4.41
15:50:47.452,-4.217
15:50:47.452,-3.979
15:50:47.452,-3.672
15:50:47.457,-3.5
15:50:47.457,-3.589
15:50:47.459,-3.903
15:50:47.459,-3.505
15:50:47.461,-3.664
15:50:47.461,-3.938
15:50:47.461,-4.091
15:50:47.464,-4.13
15:50:47.464,-4.42
15:50:47.464,-5.239
15:50:47.464,-5.491
15:50:47.468,-4.65
15:50:47.468,-3.56
15:50:47.468,-4.066
15:50:47.468,-4.907
15:50:47.468,-5.501
15:50:47.473,-5.442
15:50:47.473,-5.493
15:50:47.473,-5.503
15:50:47.473,-5.169
15:50:47.473,-4.854
15:50:47.473,-4.814
15:50:47.473,-4.63
15:50:47.473,-4.611
15:50:47.473,-4.246
15:50:47.473,-4.013
15:50:47.473,-3.905
15:50:47.473,-3.759
15:50:47.473,-3.737
15:50:47.473,-3.639
15:50:47.473,-3.303
15:50:47.473,-3.479
15:50:47.473,-3.355
15:50:47.473,-3.175
15:50:47.489,-2.861
15:50:47.489,-2.974
15:50:47.489,-3.518
15:50:47.489,-2.522
15:50:47.489,-2.175
15:50:47.489,-2.471
15:50:47.489,-2.335
15:50:47.489,-1.893
15:50:47.489,-0.831
15:50:47.489,-0.347
15:50:47.489,-0.205
15:50:47.489,-0.159
15:50:47.489,-0.331
15:50:47.489,-0.24
15:50:47.489,-0.036
15:50:47.489,-0.023
15:50:47.489,-0.103
15:50:47.489,0.055
15:50:47.502,-0.209
15:50:47.502,-0.071
15:50:47.502,0.045
15:50:47.504,0.156
15:50:47.504,0.478
15:50:47.504,0.822
15:50:47.504,1.067
15:50:47.504,1.095
15:50:47.504,2.525
15:50:47.504,2.872
15:50:47.504,1.679
15:50:47.504,2.332
15:50:47.504,3.758
15:50:47.504,4.395
15:50:47.504,4.46
15:50:47.504,4.741
15:50:47.504,4.365
15:50:47.504,4.014
15:50:47.504,4.318
15:50:47.504,4.54
15:50:47.504,4.519
15:50:47.504,4.51
15:50:47.504,4.588
15:50:47.504,4.511
15:50:47.504,4.194
15:50:47.520,3.989
15:50:47.520,3.76
15:50:47.520,3.563
15:50:47.520,3.834
15:50:47.520,3.817
15:50:47.520,3.879
15:50:47.520,4.122
15:50:47.520,4.031
15:50:47.520,4.161
15:50:47.520,4.66
15:50:47.520,5.526
15:50:47.520,4.489
15:50:47.520,3.788
15:50:47.520,4.29
15:50:47.520,5.651
15:50:47.520,5.64
15:50:47.520,5.718
15:50:47.520,5.187
15:50:47.520,4.942
15:50:47.520,4.876
15:50:47.520,5.108
15:50:47.520,4.836
15:50:47.520,4.639
15:50:47.520,4.182
15:50:47.536,3.827
15:50:47.536,3.752
15:50:47.536,3.508
15:50:47.536,3.34
15:50:47.536,3.445
15:50:47.536,3.34
15:50:47.536,2.939
15:50:47.536,3.545
15:50:47.536,3.283
15:50:47.536,2.665
15:50:47.536,2.349
15:50:47.536,2.216
15:50:47.536,1.922
15:50:47.536,1.399
15:50:47.536,0.935
15:50:47.536,0.509
15:50:47.536,0.614
15:50:47.536,0.255
15:50:47.536,0.346
15:50:47.536,0.164
15:50:47.536,0.212
15:50:47.552,0.218
15:50:47.552,0.034
15:50:47.552,0.25
15:50:47.552,0.084
15:50:47.552,0.062
15:50:47.552,-0.208
15:50:47.552,-0.546
15:50:47.552,-0.794
15:50:47.552,-0.889
15:50:47.552,-1.939
15:50:47.552,-3.434
15:50:47.552,-2.963
15:50:47.552,-1.661
15:50:47.552,-2.168
15:50:47.552,-3.021
15:50:47.552,-3.905
15:50:47.552,-4.252
15:50:47.552,-4.686
15:50:47.552,-4.54
15:50:47.552,-4.069
15:50:47.552,-3.918
15:50:47.552,-4.385
15:50:47.552,-4.338
15:50:47.552,-4.49
15:50:47.568,-4.379
15:50:47.568,-4.107
15:50:47.568,-3.874
15:50:47.568,-3.547
15:50:47.568,-3.496
15:50:47.568,-3.722
15:50:47.568,-3.888
15:50:47.568,-3.682
15:50:47.568,-3.791
15:50:47.568,-3.977
15:50:47.568,-4.318
15:50:47.568,-4.441
15:50:47.568,-5.568
15:50:47.568,-5.337
15:50:47.568,-3.481
15:50:47.568,-4.306
15:50:47.568,-5.061
15:50:47.568,-5.459
15:50:47.568,-5.553
15:50:47.568,-5.363
15:50:47.568,-5.163
15:50:47.568,-5.169
15:50:47.568,-4.833
15:50:47.568,-4.925
15:50:47.583,-4.606
15:50:47.583,-4.308
15:50:47.583,-3.966
15:50:47.583,-3.903
15:50:47.583,-3.781
15:50:47.583,-3.738
15:50:47.583,-3.496
15:50:47.583,-3.149
15:50:47.583,-3.331
15:50:47.583,-2.922
15:50:47.583,-2.818
15:50:47.583,-3.602
15:50:47.583,-3.202
15:50:47.583,-2.521
15:50:47.583,-2.175
15:50:47.583,-2.426
15:50:47.583,-2.164
15:50:47.583,-1.837
15:50:47.583,-1.25
15:50:47.599,-0.868
15:50:47.599,-0.378
15:50:47.599,-0.546
15:50:47.599,-0.297
15:50:47.599,-0.264
15:50:47.599,-0.225
15:50:47.599,-0.101
15:50:47.599,0.009
15:50:47.599,0.062
15:50:47.599,-0.017
15:50:47.599,-0.052
15:50:47.599,-0.108
15:50:47.599,-0.006
15:50:47.599,0.013
15:50:47.599,0.282
15:50:47.599,0.558
15:50:47.599,0.708
15:50:47.599,0.679
15:50:47.599,1.309
15:50:47.599,2.295
15:50:47.599,3.455
15:50:47.599,1.986
15:50:47.599,1.954
15:50:47.615,2.874
15:50:47.615,3.899
15:50:47.615,4.172
15:50:47.615,4.405
15:50:47.615,4.651
15:50:47.615,4.182
15:50:47.615,4.131
15:50:47.615,4.311
15:50:47.615,4.317
15:50:47.615,4.679
15:50:47.615,4.564
15:50:47.615,4.493
15:50:47.615,4.217
15:50:47.615,3.944
15:50:47.615,3.757
15:50:47.615,3.8
15:50:47.615,3.843
15:50:47.615,3.935
15:50:47.615,4.124
15:50:47.615,4.081
15:50:47.615,4.175
15:50:47.631,4.73
15:50:47.631,5.669
15:50:47.631,4.562
15:50:47.631,3.899
15:50:47.631,4.79
15:50:47.631,5.361
15:50:47.631,5.493
15:50:47.631,5.414
15:50:47.631,5.378
15:50:47.631,5.254
15:50:47.631,4.795
15:50:47.631,4.817
15:50:47.631,4.848
15:50:47.631,4.596
15:50:47.631,4.163
15:50:47.631,4.203
15:50:47.631,3.976
15:50:47.631,3.779
15:50:47.631,3.712
15:50:47.631,3.705
15:50:47.631,3.348
15:50:47.631,3.142
15:50:47.631,3.193
15:50:47.631,2.856
15:50:47.647,3.222
15:50:47.647,3.661
15:50:47.647,3.638
15:50:47.647,3.072
15:50:47.647,2.251
15:50:47.647,1.991
15:50:47.647,2.586
15:50:47.647,1.974
15:50:47.647,1.652
15:50:47.647,1.373
15:50:47.647,0.957
15:50:47.647,0.616
15:50:47.647,0.575
15:50:47.647,0.412
15:50:47.647,0.252
15:50:47.647,0.314
15:50:47.647,0.628
15:50:47.647,0.053
15:50:47.647,0.013
15:50:47.647,0.093
15:50:47.647,0.236
15:50:47.647,0.038
15:50:47.647,0.002
15:50:47.647,0.281
15:50:47.647,0.033
15:50:47.663,-0.109
15:50:47.663,-0.316
15:50:47.663,-0.375
15:50:47.663,-0.54
15:50:47.663,-0.781
15:50:47.663,-0.842
15:50:47.663,-1.017
15:50:47.663,-2.6
15:50:47.663,-3.342
15:50:47.663,-2.747
15:50:47.663,-1.676
15:50:47.663,-2.269
15:50:47.663,-3.518
15:50:47.663,-4.057
15:50:47.663,-4.372
15:50:47.663,-4.579
15:50:47.663,-4.366
15:50:47.663,-3.964
15:50:47.663,-4.146
15:50:47.663,-4.121
15:50:47.663,-4.378
15:50:47.663,-4.206
15:50:47.663,-4.598
15:50:47.679,-4.435
15:50:47.679,-4.213
15:50:47.679,-3.928
15:50:47.679,-3.965
15:50:47.679,-3.494
15:50:47.679,-3.517
15:50:47.679,-3.717
15:50:47.679,-3.915
15:50:47.679,-3.655
15:50:47.679,-3.862
15:50:47.679,-4.082
15:50:47.679,-4.095
15:50:47.679,-4.228
15:50:47.679,-5.03
15:50:47.679,-5.407
15:50:47.679,-4.473
15:50:47.679,-3.586
15:50:47.679,-4.074
15:50:47.679,-4.638
15:50:47.679,-5.304
15:50:47.679,-5.558
15:50:47.679,-5.462
15:50:47.679,-5.554
15:50:47.695,-5.227
15:50:47.695,-5.112
15:50:47.695,-4.928
15:50:47.695,-4.824
15:50:47.695,-4.652
15:50:47.695,-4.622
15:50:47.695,-4.437
15:50:47.695,-3.825
15:50:47.695,-3.808
15:50:47.695,-3.764
15:50:47.695,-3.806
15:50:47.695,-3.454
15:50:47.695,-3.252
15:50:47.695,-3.208
15:50:47.695,-3.329
15:50:47.695,-2.78
15:50:47.695,-3.139
15:50:47.695,-3.613
15:50:47.695,-3.152
15:50:47.695,-2.358
15:50:47.695,-2.149
15:50:47.695,-2.269
15:50:47.695,-2.123
15:50:47.695,-1.73
15:50:47.711,-1.389
15:50:47.711,-1.245
15:50:47.711,-0.72
15:50:47.711,-0.532
15:50:47.711,-0.291
15:50:47.711,-0.361
15:50:47.711,-0.144
15:50:47.711,0.066
15:50:47.711,-0.037
15:50:47.711,0.075
15:50:47.711,0.012
15:50:47.711,0.066
15:50:47.711,-0.172
15:50:47.711,-0.162
15:50:47.711,0.053
15:50:47.711,-0.081
15:50:47.711,0.179
15:50:47.711,0.33
15:50:47.711,0.616
15:50:47.711,0.573
15:50:47.726,1.023
15:50:47.726,1.199
15:50:47.726,1.664
15:50:47.726,3.129
15:50:47.726,3.393
15:50:47.726,2.221
15:50:47.726,1.574
15:50:47.726,2.488
15:50:47.726,3.687
15:50:47.726,4.336
15:50:47.726,4.442
15:50:47.726,4.627
15:50:47.726,4.336
15:50:47.726,3.962
15:50:47.726,4.266
15:50:47.726,4.328
15:50:47.726,4.534
15:50:47.726,4.745
15:50:47.726,4.54
15:50:47.726,4.308
15:50:47.726,4.013
15:50:47.726,3.798
15:50:47.742,3.622
15:50:47.742,3.825
15:50:47.742,3.93
15:50:47.742,3.807
15:50:47.742,3.896
15:50:47.742,4.091
15:50:47.742,4.096
15:50:47.742,4.366
15:50:47.742,5.153
15:50:47.742,5.503
15:50:47.742,4.962
15:50:47.742,3.854
15:50:47.742,4.306
15:50:47.742,5.088
15:50:47.742,5.608
15:50:47.742,5.615
15:50:47.742,5.74
15:50:47.742,5.47
15:50:47.742,5.227
15:50:47.742,5.044
15:50:47.742,4.857
15:50:47.805,4.937
15:50:47.820,4.773
15:50:47.820,4.619
15:50:47.820,4.063
15:50:47.820,3.978
15:50:47.820,3.91
15:50:47.820,3.791
15:50:47.820,3.577
15:50:47.820,3.412
15:50:47.820,3.283
15:50:47.820,3.486
15:50:47.820,3.064
15:50:47.820,3.025
15:50:47.820,3.642
15:50:47.820,3.172
15:50:47.820,2.554
15:50:47.820,2.141
15:50:47.820,2.385
15:50:47.820,1.81
15:50:47.820,1.8
15:50:47.820,1.45
15:50:47.837,0.661
15:50:47.837,0.595
15:50:47.837,0.424
15:50:47.837,0.431
15:50:47.837,0.303
15:50:47.837,0.297
15:50:47.837,0.017
15:50:47.837,0.118
15:50:47.837,-0.016
15:50:47.837,0.014
15:50:47.837,0.218
15:50:47.837,0.236
15:50:47.837,0.158
15:50:47.837,-0.251
15:50:47.837,0.034
15:50:47.837,-0.331
15:50:47.837,-0.549
15:50:47.837,-0.683
15:50:47.837,-0.785
15:50:47.837,-1.305
15:50:47.853,-2.376
15:50:47.853,-3.275
15:50:47.853,-2.95
15:50:47.853,-1.711
15:50:47.853,-2.189
15:50:47.853,-3.331
15:50:47.853,-3.888
15:50:47.853,-4.431
15:50:47.853,-4.486
15:50:47.853,-4.527
15:50:47.853,-4.035
15:50:47.853,-4.112
15:50:47.853,-4.347
15:50:47.853,-4.431
15:50:47.853,-4.489
15:50:47.853,-4.306
15:50:47.853,-4.01
15:50:47.864,-3.656
15:50:47.864,-3.584
15:50:47.864,-3.609
15:50:47.864,-3.665
15:50:47.867,-3.674
15:50:47.867,-3.651
15:50:47.867,-3.887
15:50:47.869,-3.986
15:50:47.869,-4.007
15:50:47.869,-4.463
15:50:47.872,-5.009
15:50:47.872,-5.579
15:50:47.873,-4.673
15:50:47.873,-3.61
15:50:47.873,-4.211
15:50:47.873,-4.87
15:50:47.873,-5.176
15:50:47.873,-5.538
15:50:47.873,-5.539
15:50:47.873,-5.558
15:50:47.873,-5.343
15:50:47.873,-4.984
15:50:47.873,-4.957
15:50:47.873,-4.677
15:50:47.873,-4.861
15:50:47.873,-4.435
15:50:47.873,-4.229
15:50:47.873,-4.011
15:50:47.873,-3.865
15:50:47.885,-3.782
15:50:47.885,-3.548
15:50:47.885,-3.465
15:50:47.885,-3.29
15:50:47.885,-3.295
15:50:47.885,-3.273
15:50:47.885,-2.792
15:50:47.885,-3.07
15:50:47.885,-3.288
15:50:47.885,-3.62
15:50:47.885,-2.972
15:50:47.885,-2.628
15:50:47.885,-2.296
15:50:47.885,-2.28
15:50:47.885,-2.007
15:50:47.885,-1.794
15:50:47.885,-1.316
15:50:47.885,-0.929
15:50:47.885,-0.591
15:50:47.885,-0.534
15:50:47.885,-0.246
15:50:47.885,-0.171
15:50:47.900,-0.291
15:50:47.901,-0.191
15:50:47.902,0.038
15:50:47.903,-0.035
15:50:47.904,0.065
15:50:47.904,0.07
15:50:47.906,0.051
15:50:47.906,0.022
15:50:47.906,-0.133
15:50:47.908,-0.071
15:50:47.908,0.507
15:50:47.910,0.036
15:50:47.910,0.135
15:50:47.912,0.67
15:50:47.913,0.727
15:50:47.913,0.871
15:50:47.914,0.94
15:50:47.915,2.016
15:50:47.916,2.917
15:50:47.917,3.184
15:50:47.917,3.203
15:50:47.917,1.713
15:50:47.921,2.434
15:50:47.921,3.815
15:50:47.921,4.317
15:50:47.923,4.564
15:50:47.926,4.709
15:50:47.926,4.517
15:50:47.926,4.052
15:50:47.928,4.04
15:50:47.928,4.378
15:50:47.928,4.44
15:50:47.931,4.589
15:50:47.933,4.56
15:50:47.934,4.432
15:50:47.935,4.119
15:50:47.935,3.971
15:50:47.937,3.805
15:50:47.937,3.689
15:50:47.937,3.808
15:50:47.937,3.855
15:50:47.937,3.869
15:50:47.937,3.951
15:50:47.937,4.033
15:50:47.937,4.117
15:50:47.944,4.309
15:50:47.944,4.867
15:50:47.944,5.449
15:50:47.944,5.404
15:50:47.947,4.05
15:50:47.949,3.883
15:50:47.949,4.917
15:50:47.949,5.59
15:50:47.949,5.516
15:50:47.949,5.58
15:50:47.949,5.513
15:50:47.949,5.383
15:50:47.956,5.201
15:50:47.957,4.798
15:50:47.957,4.896
15:50:47.957,4.805
15:50:47.957,4.775
15:50:47.957,4.528
15:50:47.961,4.318
15:50:47.961,4.091
15:50:47.961,3.895
15:50:47.961,3.86
15:50:47.964,3.563
15:50:47.964,3.558
15:50:47.964,3.347
15:50:47.964,3.519
15:50:47.964,3.355
15:50:47.964,2.851
15:50:47.964,2.936
15:50:47.964,3.247
15:50:47.964,3.65
15:50:47.964,2.688
15:50:47.964,2.168
15:50:47.964,2.41
15:50:47.964,2.401
15:50:47.964,1.857
15:50:47.964,1.709
15:50:47.974,1.435
15:50:47.974,0.623
15:50:47.975,0.511
15:50:47.975,0.592
15:50:47.975,0.288
15:50:47.975,0.156
15:50:47.975,0.18
15:50:47.975,0.208
15:50:47.975,0.076
15:50:47.975,0.11
15:50:47.980,0.148
15:50:47.980,0.1
15:50:47.980,0.076
15:50:47.980,0.252
15:50:47.980,-0.053
15:50:47.980,-0.055
15:50:47.980,-0.47
15:50:47.980,-0.311
15:50:47.980,-0.934
15:50:47.980,-0.998
15:50:47.980,-1.018
15:50:47.980,-2.123
15:50:47.980,-2.894
15:50:47.980,-3.517
15:50:47.980,-2.697
15:50:47.980,-1.494
15:50:47.980,-2.454
15:50:47.980,-3.091
15:50:47.980,-4.069
15:50:47.980,-4.358
15:50:47.980,-4.714
15:50:47.996,-4.24
15:50:47.996,-4.046
15:50:47.996,-4.052
15:50:47.996,-4.163
15:50:47.996,-4.499
15:50:47.996,-4.457
15:50:48.001,-4.289
15:50:48.001,-3.981
15:50:48.001,-3.861
15:50:48.001,-3.773
15:50:48.001,-3.598
15:50:48.001,-3.626
15:50:48.001,-3.743
15:50:48.001,-3.734
15:50:48.001,-3.883
15:50:48.001,-3.982
15:50:48.001,-4.075
15:50:48.001,-4.099
15:50:48.001,-4.928
15:50:48.001,-5.541
15:50:48.001,-5.17
15:50:48.001,-3.823
15:50:48.012,-4.145
15:50:48.012,-5.141
15:50:48.012,-5.395
15:50:48.012,-5.617
15:50:48.012,-5.499
15:50:48.012,-5.226
15:50:48.012,-5.261
15:50:48.012,-5.006
15:50:48.012,-4.861
15:50:48.012,-4.795
15:50:48.012,-4.786
15:50:48.012,-4.65
15:50:48.012,-4.413
15:50:48.012,-3.914
15:50:48.012,-3.868
15:50:48.012,-3.782
15:50:48.012,-3.599
15:50:48.012,-3.465
15:50:48.012,-3.237
15:50:48.012,-3.304
15:50:48.012,-3.073
15:50:48.028,-2.792
15:50:48.028,-3.514
15:50:48.028,-3.048
15:50:48.028,-2.782
15:50:48.028,-2.562
15:50:48.028,-2.246
15:50:48.028,-2.208
15:50:48.028,-1.877
15:50:48.028,-1.187
15:50:48.028,-0.636
15:50:48.028,-0.487
15:50:48.028,-0.154
15:50:48.028,-0.405
15:50:48.028,-0.023
15:50:48.028,-0.069
15:50:48.028,-0.01
15:50:48.028,-0.034
15:50:48.028,-0.265
15:50:48.028,-0.014
15:50:48.028,0.072
15:50:48.028,-0.135
15:50:48.028,-0.009
15:50:48.043,0.01
15:50:48.043,0.077
15:50:48.043,0.39
15:50:48.043,0.518
15:50:48.043,0.907
15:50:48.043,1.029
15:50:48.043,1.168
15:50:48.043,2.233
15:50:48.043,2.895
15:50:48.043,3.234
15:50:48.043,2.098
15:50:48.043,1.726
15:50:48.043,2.738
15:50:48.043,3.879
15:50:48.043,4.337
15:50:48.043,4.387
15:50:48.043,4.788
15:50:48.043,4.233
15:50:48.043,4.003
15:50:48.043,4.24
15:50:48.043,4.408
15:50:48.043,4.485
15:50:48.059,4.701
15:50:48.059,4.602
15:50:48.059,4.651
15:50:48.059,4.125
15:50:48.059,3.98
15:50:48.059,3.706
15:50:48.059,3.788
15:50:48.059,3.614
15:50:48.059,3.992
15:50:48.059,3.795
15:50:48.059,3.924
15:50:48.059,4.099
15:50:48.059,4.133
15:50:48.059,4.19
15:50:48.059,4.345
15:50:48.059,5.4
15:50:48.059,5.45
15:50:48.059,5.004
15:50:48.059,3.8
15:50:48.059,4.061
15:50:48.059,4.614
15:50:48.059,5.53
15:50:48.059,5.72
15:50:48.075,5.52
15:50:48.075,5.54
15:50:48.075,5.419
15:50:48.075,5.243
15:50:48.075,4.962
15:50:48.075,4.985
15:50:48.075,4.809
15:50:48.075,4.719
15:50:48.075,4.612
15:50:48.075,4.085
15:50:48.075,3.803
15:50:48.075,3.877
15:50:48.075,3.88
15:50:48.075,3.752
15:50:48.075,3.613
15:50:48.075,3.231
15:50:48.075,3.465
15:50:48.075,3.453
15:50:48.075,3.15
15:50:48.075,3.105
15:50:48.075,3.558
15:50:48.075,3.776
15:50:48.075,2.811
15:50:48.091,2.587
15:50:48.091,2.313
15:50:48.091,2.339
15:50:48.091,2.128
15:50:48.091,1.822
15:50:48.091,1.541
15:50:48.091,1.457
15:50:48.091,0.875
15:50:48.091,0.653
15:50:48.091,0.613
15:50:48.091,0.527
15:50:48.091,0.298
15:50:48.091,0.311
15:50:48.091,0.113
15:50:48.091,0.211
15:50:48.091,0.135
15:50:48.091,0.029
15:50:48.091,0.187
15:50:48.091,0.233
15:50:48.091,0.223
15:50:48.091,0.09
15:50:48.091,0.222
15:50:48.091,-0.014
15:50:48.108,-0.296
15:50:48.108,-0.677
15:50:48.108,-0.676
15:50:48.108,-0.82
15:50:48.108,-1.724
15:50:48.108,-2.49
15:50:48.108,-3.148
15:50:48.108,-2.246
15:50:48.108,-2.008
15:50:48.108,-3.975
15:50:48.108,-4.198
15:50:48.108,-4.547
15:50:48.108,-4.678
15:50:48.108,-4.105
15:50:48.108,-4.093
15:50:48.108,-4.117
15:50:48.108,-4.202
15:50:48.108,-4.477
15:50:48.108,-4.662
15:50:48.108,-4.466
15:50:48.108,-4.36
15:50:48.108,-3.942
15:50:48.108,-3.813
15:50:48.108,-3.581
15:50:48.108,-3.512
15:50:48.123,-3.482
15:50:48.123,-3.715
15:50:48.125,-3.727
15:50:48.125,-3.768
15:50:48.125,-4.145
15:50:48.128,-4.079
15:50:48.128,-4.871
15:50:48.128,-5.683
15:50:48.128,-4.011
15:50:48.128,-3.816
15:50:48.128,-4.846
15:50:48.128,-5.378
15:50:48.128,-5.418
15:50:48.128,-5.53
15:50:48.128,-5.112
15:50:48.128,-5.204
15:50:48.128,-4.903
15:50:48.128,-4.869
15:50:48.128,-4.764
15:50:48.128,-4.584
15:50:48.140,-3.998
15:50:48.140,-3.843
15:50:48.140,-3.825
15:50:48.140,-4.586
15:50:48.140,-4.065
15:50:48.140,-4.047
15:50:48.140,-3.941
15:50:48.140,-4.295
15:50:48.140,-4.357
15:50:48.140,-4.63
15:50:48.140,-4.456
15:50:48.140,-4.414
15:50:48.140,-4.012
15:50:48.140,-3.89
15:50:48.140,-3.659
15:50:48.140,-3.628
15:50:48.140,-3.56
15:50:48.140,-3.813
15:50:48.140,-3.673
15:50:48.140,-4.007
15:50:48.140,-4.033
15:50:48.140,-4.106
15:50:48.155,-4.546
15:50:48.155,-5.348
15:50:48.155,-5.324
15:50:48.155,-3.671
15:50:48.155,-4.233
15:50:48.155,-4.949
15:50:48.155,-5.664
15:50:48.155,-5.489
15:50:48.155,-5.374
15:50:48.155,-5.281
15:50:48.155,-5.143
15:50:48.155,-4.882
15:50:48.155,-4.773
15:50:48.155,-4.816
15:50:48.155,-4.707
15:50:48.155,-4.437
15:50:48.155,-3.936
15:50:48.155,-3.813
15:50:48.171,-3.821
15:50:48.171,-3.815
15:50:48.171,-3.59
15:50:48.171,-3.216
15:50:48.171,-3.498
15:50:48.171,-3.212
15:50:48.171,-2.84
15:50:48.171,-2.756
15:50:48.171,-3.474
15:50:48.171,-3.194
15:50:48.171,-1.841
15:50:48.171,-2.983
15:50:48.171,-2.686
15:50:48.171,-1.708
15:50:48.171,-1.588
15:50:48.171,-0.882
15:50:48.171,-0.441
15:50:48.171,-0.403
15:50:48.171,-0.259
15:50:48.187,0.009
15:50:48.187,-0.281
15:50:48.187,0.18
15:50:48.187,-0.054
15:50:48.187,-0.052
15:50:48.187,0.103
15:50:48.187,-0.099
15:50:48.187,-0.059
15:50:48.187,0.05
15:50:48.187,0.164
15:50:48.187,0.255
15:50:48.187,0.484
15:50:48.187,0.839
15:50:48.187,0.999
15:50:48.187,1.068
15:50:48.187,1.671
15:50:48.187,2.576
15:50:48.187,3.569
15:50:48.187,2.336
15:50:48.187,1.636
15:50:48.187,2.631
15:50:48.187,3.752
15:50:48.187,4.258
15:50:48.187,4.279
15:50:48.203,4.939
15:50:48.203,4.489
15:50:48.203,4.075
15:50:48.203,4.198
15:50:48.203,4.304
15:50:48.203,4.615
15:50:48.203,4.661
15:50:48.203,4.662
15:50:48.203,4.36
15:50:48.203,3.985
15:50:48.203,3.845
15:50:48.203,3.635
15:50:48.203,3.737
15:50:48.203,3.872
15:50:48.203,3.896
15:50:48.203,4.127
15:50:48.203,4.141
15:50:48.203,4.207
15:50:48.203,5.679
15:50:48.203,5.189
15:50:48.203,4.007
15:50:48.203,4.015
15:50:48.203,4.674
15:50:48.219,5.382
15:50:48.219,5.654
15:50:48.219,5.541
15:50:48.219,5.262
15:50:48.219,5.255
15:50:48.219,5.18
15:50:48.219,4.75
15:50:48.219,4.849
15:50:48.219,4.445
15:50:48.219,4.116
15:50:48.219,3.859
15:50:48.219,3.665
15:50:48.219,3.676
15:50:48.219,3.397
15:50:48.219,3.299
15:50:48.219,2.993
15:50:48.219,3.348
15:50:48.219,3.566
15:50:48.219,3.055
15:50:48.219,2.218
15:50:48.219,2.016
15:50:48.219,2.379
15:50:48.219,1.731
15:50:48.235,1.154
15:50:48.235,0.614
15:50:48.235,0.548
15:50:48.235,0.456
15:50:48.235,0.456
15:50:48.235,0.174
15:50:48.235,0.175
15:50:48.235,0.201
15:50:48.235,0.087
15:50:48.235,0.198
15:50:48.235,0.031
15:50:48.235,0.138
15:50:48.235,0.25
15:50:48.235,0.187
15:50:48.235,-0.146
15:50:48.235,-0.21
15:50:48.235,-0.307
15:50:48.235,-0.575
15:50:48.235,-0.651
15:50:48.235,-0.949
15:50:48.235,-2.105
15:50:48.235,-3.296
15:50:48.235,-3.158
15:50:48.235,-2.016
15:50:48.251,-1.975
15:50:48.251,-2.612
15:50:48.251,-3.545
15:50:48.251,-4.138
15:50:48.251,-4.63
15:50:48.251,-4.683
15:50:48.251,-4.186
15:50:48.251,-3.906
15:50:48.251,-4.026
15:50:48.251,-4.191
15:50:48.251,-4.293
15:50:48.251,-4.532
15:50:48.251,-4.64
15:50:48.251,-4.58
15:50:48.251,-4.258
15:50:48.251,-3.734
15:50:48.251,-3.76
15:50:48.251,-3.587
15:50:48.251,-3.471
15:50:48.251,-3.825
15:50:48.251,-3.625
15:50:48.251,-3.899
15:50:48.251,-4.046
15:50:48.251,-4.062
15:50:48.267,-4.043
15:50:48.269,-4.999
15:50:48.269,-5.532
15:50:48.269,-4.452
15:50:48.269,-3.661
15:50:48.269,-4.713
15:50:48.269,-5.437
15:50:48.269,-5.682
15:50:48.269,-5.64
15:50:48.269,-5.334
15:50:48.269,-5.032
15:50:48.269,-4.802
15:50:48.269,-4.906
15:50:48.269,-4.614
15:50:48.269,-4.595
15:50:48.269,-4.076
15:50:48.269,-3.841
15:50:48.269,-3.681
15:50:48.269,-3.827
15:50:48.269,-3.603
15:50:48.269,-3.476
15:50:48.283,-3.216
15:50:48.283,-3.386
15:50:48.283,-2.856
15:50:48.283,-3.035
15:50:48.283,-3.163
15:50:48.283,-3.63
15:50:48.283,-2.905
15:50:48.283,-1.943
15:50:48.283,-2.718
15:50:48.283,-2.409
15:50:48.283,-1.936
15:50:48.283,-1.634
15:50:48.283,-1.632
15:50:48.283,-1.108
15:50:48.283,-0.734
15:50:48.283,-0.398
15:50:48.283,-0.362
15:50:48.283,-0.315
15:50:48.283,-0.233
15:50:48.283,0.041
15:50:48.283,-0.004
15:50:48.283,-0.075
15:50:48.283,0.056
15:50:48.283,0.122
15:50:48.298,-0.021
15:50:48.298,-0.168
15:50:48.298,0.051
15:50:48.298,0.087
15:50:48.298,0.35
15:50:48.298,0.451
15:50:48.298,0.982
15:50:48.298,1.039
15:50:48.298,3.202
15:50:48.298,2.957
15:50:48.298,1.817
15:50:48.298,2.719
15:50:48.298,4.028
15:50:48.298,4.451
15:50:48.298,4.887
15:50:48.298,4.61
15:50:48.298,4.241
15:50:48.298,4.068
15:50:48.298,4.433
15:50:48.298,4.537
15:50:48.298,4.598
15:50:48.298,4.541
15:50:48.298,4.564
15:50:48.298,4.203
15:50:48.314,3.97
15:50:48.314,3.893
15:50:48.314,3.728
15:50:48.314,3.795
15:50:48.314,3.891
15:50:48.314,3.973
15:50:48.314,4.129
15:50:48.314,4.125
15:50:48.314,4.121
15:50:48.314,5.27
15:50:48.314,5.487
15:50:48.314,5.428
15:50:48.314,3.929
15:50:48.314,3.934
15:50:48.314,4.837
15:50:48.314,5.643
15:50:48.314,5.808
15:50:48.314,5.637
15:50:48.314,5.553
15:50:48.314,5.219
15:50:48.314,5.184
15:50:48.314,4.985
15:50:48.314,4.83
15:50:48.314,4.934
15:50:48.314,4.704
15:50:48.330,5.026
15:50:48.330,4.242
15:50:48.330,4.091
15:50:48.330,3.904
15:50:48.330,3.884
15:50:48.330,3.716
15:50:48.330,3.457
15:50:48.330,3.258
15:50:48.330,3.447
15:50:48.330,3.235
15:50:48.330,3.056
15:50:48.330,3.191
15:50:48.330,3.645
15:50:48.330,2.933
15:50:48.330,2.37
15:50:48.330,2.204
15:50:48.330,2.414
15:50:48.330,2.288
15:50:48.330,1.69
15:50:48.330,1.344
15:50:48.330,0.767
15:50:48.330,0.557
15:50:48.330,0.344
15:50:48.330,0.388
15:50:48.330,0.33
15:50:48.346,0.196
15:50:48.346,0.009
15:50:48.346,0.18
15:50:48.346,0.155
15:50:48.346,0.016
15:50:48.346,0.263
15:50:48.346,0.15
15:50:48.346,-0.124
15:50:48.346,-0.202
15:50:48.346,-0.572
15:50:48.346,-0.605
15:50:48.346,-0.886
15:50:48.346,-1.093
15:50:48.346,-1.393
15:50:48.346,-2.649
15:50:48.346,-3.278
15:50:48.346,-2.907
15:50:48.346,-1.517
15:50:48.346,-2.385
15:50:48.346,-3.3
15:50:48.361,-4.018
15:50:48.361,-4.243
15:50:48.361,-4.523
15:50:48.361,-4.561
15:50:48.361,-4.099
15:50:48.361,-4.003
15:50:48.361,-4.156
15:50:48.369,-4.377
15:50:48.370,-4.509
15:50:48.370,-4.389
15:50:48.372,-4.346
15:50:48.372,-4.204
15:50:48.372,-3.883
15:50:48.374,-3.922
15:50:48.374,-3.554
15:50:48.374,-3.559
15:50:48.377,-3.748
15:50:48.379,-3.701
15:50:48.380,-3.901
15:50:48.381,-4.06
15:50:48.381,-4.133
15:50:48.381,-4.639
15:50:48.381,-5.483
15:50:48.381,-5.251
15:50:48.381,-3.54
15:50:48.381,-4.368
15:50:48.381,-4.867
15:50:48.381,-5.449
15:50:48.381,-5.401
15:50:48.381,-5.641
15:50:48.391,-5.301
15:50:48.391,-5.026
15:50:48.391,-4.792
15:50:48.393,-4.922
15:50:48.393,-4.576
15:50:48.393,-4.767
15:50:48.393,-4.421
15:50:48.393,-4.065
15:50:48.393,-3.866
15:50:48.393,-3.828
15:50:48.393,-3.656
15:50:48.393,-3.629
15:50:48.393,-3.567
15:50:48.393,-3.199
15:50:48.393,-3.295
15:50:48.393,-3.313
15:50:48.393,-2.892
15:50:48.393,-2.934
15:50:48.393,-3.506
15:50:48.393,-2.689
15:50:48.393,-2.108
15:50:48.393,-2.627
15:50:48.393,-2.329
15:50:48.393,-1.729
15:50:48.393,-1.664
15:50:48.393,-1.267
15:50:48.409,-0.478
15:50:48.409,-0.395
15:50:48.412,-0.198
15:50:48.412,-0.168
15:50:48.412,0.033
15:50:48.412,-0.067
15:50:48.412,-0.09
15:50:48.412,-0.018
15:50:48.412,-0.019
15:50:48.412,-0.081
15:50:48.412,-0.188
15:50:48.412,-0.036
15:50:48.412,0.108
15:50:48.421,0.196
15:50:48.421,0.399
15:50:48.421,0.546
15:50:48.425,0.892
15:50:48.425,0.992
15:50:48.425,1.147
15:50:48.425,2.847
15:50:48.425,3.546
15:50:48.425,1.877
15:50:48.425,2.194
15:50:48.425,3.531
15:50:48.425,4.388
15:50:48.425,4.658
15:50:48.425,4.742
15:50:48.425,4.264
15:50:48.425,4.054
15:50:48.441,4.243
15:50:48.441,4.323
15:50:48.441,4.426
15:50:48.441,4.776
15:50:48.441,4.567
15:50:48.441,4.523
15:50:48.441,4.249
15:50:48.441,4.196
15:50:48.441,3.725
15:50:48.441,3.546
15:50:48.441,3.745
15:50:48.441,3.982
15:50:48.441,3.773
15:50:48.441,3.993
15:50:48.441,4.064
15:50:48.441,4.294
15:50:48.441,5.073
15:50:48.441,5.632
15:50:48.441,4.513
15:50:48.441,3.679
15:50:48.441,4.93
15:50:48.457,5.615
15:50:48.457,5.647
15:50:48.457,5.574
15:50:48.457,5.605
15:50:48.457,5.393
15:50:48.457,4.75
15:50:48.462,4.935
15:50:48.462,4.827
15:50:48.462,4.743
15:50:48.462,4.202
15:50:48.462,4.0
15:50:48.462,3.825
15:50:48.462,3.853
15:50:48.462,3.599
15:50:48.462,3.408
15:50:48.472,3.316
15:50:48.472,3.501
15:50:48.472,3.064
15:50:48.472,2.94
15:50:48.472,3.685
15:50:48.472,3.432
15:50:48.472,2.612
15:50:48.472,2.45
15:50:48.472,2.36
15:50:48.472,1.851
15:50:48.472,1.787
15:50:48.472,1.514
15:50:48.472,1.251
15:50:48.472,0.639
15:50:48.472,0.533
15:50:48.472,0.42
15:50:48.472,0.217
15:50:48.472,-0.04
15:50:48.472,-0.042
15:50:48.472,0.385
15:50:48.472,0.042
15:50:48.472,0.182
15:50:48.472,0.218
15:50:48.472,0.042
15:50:48.489,0.267
15:50:48.489,0.12
15:50:48.489,0.1
15:50:48.489,-0.171
15:50:48.489,-0.344
15:50:48.489,-0.524
15:50:48.489,-0.91
15:50:48.489,-0.965
15:50:48.489,-1.308
15:50:48.489,-2.762
15:50:48.489,-3.469
15:50:48.489,-2.464
15:50:48.489,-1.642
15:50:48.489,-2.699
15:50:48.489,-3.531
15:50:48.489,-4.159
15:50:48.489,-4.608
15:50:48.501,-4.405
15:50:48.501,-3.969
15:50:48.501,-4.15
15:50:48.501,-4.209
15:50:48.551,-4.292
15:50:48.551,-4.598
15:50:48.567,-4.401
15:50:48.567,-4.052
15:50:48.567,-3.751
15:50:48.567,-3.66
15:50:48.567,-3.622
15:50:48.567,-3.716
15:50:48.567,-3.683
15:50:48.567,-3.63
15:50:48.567,-3.992
15:50:48.567,-4.065
15:50:48.567,-4.048
15:50:48.567,-4.557
15:50:48.567,-5.488
15:50:48.567,-5.403
15:50:48.567,-3.903
15:50:48.567,-4.149
15:50:48.567,-5.114
15:50:48.567,-5.43
15:50:48.567,-5.527
15:50:48.567,-5.498
15:50:48.567,-5.444
15:50:48.567,-5.166
15:50:48.583,-4.757
15:50:48.583,-4.793
15:50:48.583,-4.706
15:50:48.583,-4.794
15:50:48.583,-4.527
15:50:48.587,-3.774
15:50:48.587,-3.845
15:50:48.587,-3.641
15:50:48.587,-3.535
15:50:48.587,-3.225
15:50:48.587,-3.272
15:50:48.587,-3.363
15:50:48.587,-2.957
15:50:48.587,-2.897
15:50:48.587,-3.439
15:50:48.587,-2.965
15:50:48.587,-2.325
15:50:48.587,-2.206
15:50:48.587,-2.365
15:50:48.587,-2.236
15:50:48.587,-1.582
15:50:48.598,-1.435
15:50:48.598,-0.914
15:50:48.598,-0.498
15:50:48.598,-0.396
15:50:48.598,-0.272
15:50:48.598,-0.054
15:50:48.598,-0.059
15:50:48.598,-0.05
15:50:48.598,-0.042
15:50:48.598,0.021
15:50:48.598,0.09
15:50:48.598,-0.038
15:50:48.598,-0.033
15:50:48.598,-0.3
15:50:48.598,-0.123
15:50:48.598,0.17
15:50:48.598,0.295
15:50:48.598,0.339
15:50:48.598,0.487
15:50:48.598,0.849
15:50:48.614,0.964
15:50:48.614,1.091
15:50:48.614,2.021
15:50:48.614,3.065
15:50:48.614,3.311
15:50:48.614,2.693
15:50:48.614,1.796
15:50:48.614,3.21
15:50:48.614,3.902
15:50:48.614,4.368
15:50:48.614,4.762
15:50:48.614,4.238
15:50:48.614,4.302
15:50:48.614,4.307
15:50:48.614,4.418
15:50:48.614,4.717
15:50:48.614,4.49
15:50:48.614,4.38
15:50:48.614,3.999
15:50:48.614,3.576
15:50:48.614,3.727
15:50:48.614,3.882
15:50:48.614,3.876
15:50:48.630,3.831
15:50:48.630,4.173
15:50:48.630,4.174
15:50:48.630,4.473
15:50:48.630,5.158
15:50:48.630,5.608
15:50:48.630,4.547
15:50:48.630,3.843
15:50:48.630,4.422
15:50:48.630,4.885
15:50:48.630,5.572
15:50:48.630,5.593
15:50:48.630,5.75
15:50:48.630,5.206
15:50:48.630,5.219
15:50:48.630,5.137
15:50:48.630,5.073
15:50:48.630,4.647
15:50:48.630,4.947
15:50:48.630,4.802
15:50:48.630,4.214
15:50:48.630,3.937
15:50:48.630,3.832
15:50:48.647,3.883
15:50:48.647,3.579
15:50:48.647,3.551
15:50:48.647,3.467
15:50:48.647,3.33
15:50:48.647,3.262
15:50:48.647,3.194
15:50:48.647,3.659
15:50:48.647,3.154
15:50:48.647,2.358
15:50:48.647,2.21
15:50:48.647,2.247
15:50:48.647,2.377
15:50:48.647,1.829
15:50:48.647,1.649
15:50:48.647,1.171
15:50:48.647,0.866
15:50:48.647,0.588
15:50:48.647,0.334
15:50:48.647,0.37
15:50:48.647,-0.022
15:50:48.647,0.465
15:50:48.662,0.095
15:50:48.662,0.269
15:50:48.662,0.041
15:50:48.662,0.197
15:50:48.662,0.097
15:50:48.662,0.184
15:50:48.662,0.064
15:50:48.662,-0.005
15:50:48.662,-0.277
15:50:48.662,-0.598
15:50:48.662,-1.026
15:50:48.662,-1.018
15:50:48.662,-2.588
15:50:48.662,-3.368
15:50:48.662,-2.031
15:50:48.662,-1.639
15:50:48.662,-2.711
15:50:48.662,-3.794
15:50:48.662,-3.995
15:50:48.662,-4.512
15:50:48.662,-4.68
15:50:48.662,-4.311
15:50:48.662,-3.948
15:50:48.678,-4.059
15:50:48.678,-4.217
15:50:48.678,-4.141
15:50:48.678,-4.662
15:50:48.678,-4.607
15:50:48.678,-4.405
15:50:48.678,-4.36
15:50:48.678,-3.755
15:50:48.678,-3.801
15:50:48.678,-3.562
15:50:48.678,-3.626
15:50:48.678,-3.761
15:50:48.678,-3.7
15:50:48.678,-3.719
15:50:48.678,-3.825
15:50:48.678,-3.974
15:50:48.678,-4.235
15:50:48.678,-4.38
15:50:48.678,-4.915
15:50:48.678,-5.533
15:50:48.678,-5.13
15:50:48.678,-3.556
15:50:48.694,-4.253
15:50:48.694,-4.804
15:50:48.694,-5.343
15:50:48.694,-5.447
15:50:48.694,-5.514
15:50:48.694,-5.597
15:50:48.694,-4.958
15:50:48.694,-4.988
15:50:48.694,-4.847
15:50:48.694,-4.839
15:50:48.694,-4.575
15:50:48.694,-4.62
15:50:48.694,-4.062
15:50:48.694,-3.774
15:50:48.694,-3.883
15:50:48.694,-3.783
15:50:48.694,-3.614
15:50:48.694,-3.404
15:50:48.694,-3.237
15:50:48.694,-3.39
15:50:48.694,-3.237
15:50:48.710,-2.772
15:50:48.711,-3.043
15:50:48.711,-3.571
15:50:48.711,-3.284
15:50:48.711,-2.523
15:50:48.711,-2.097
15:50:48.711,-2.553
15:50:48.711,-2.305
15:50:48.711,-1.711
15:50:48.711,-1.638
15:50:48.711,-1.291
15:50:48.711,-0.871
15:50:48.711,-0.4
15:50:48.711,-0.494
15:50:48.711,-0.118
15:50:48.711,-0.107
15:50:48.711,0.149
15:50:48.711,0.013
15:50:48.711,0.009
15:50:48.711,0.171
15:50:48.711,0.038
15:50:48.711,-0.227
15:50:48.711,0.013
15:50:48.726,0.129
15:50:48.726,0.271
15:50:48.726,0.522
15:50:48.726,0.922
15:50:48.726,1.434
15:50:48.726,1.2
15:50:48.726,3.144
15:50:48.726,3.627
15:50:48.726,3.197
15:50:48.726,1.427
15:50:48.726,2.496
15:50:48.734,4.039
15:50:48.734,4.199
15:50:48.734,4.331
15:50:48.734,4.738
15:50:48.734,4.681
15:50:48.734,3.822
15:50:48.734,4.256
15:50:48.734,4.567
15:50:48.734,4.613
15:50:48.734,4.559
15:50:48.734,4.448
15:50:48.742,3.886
15:50:48.742,3.81
15:50:48.742,3.666
15:50:48.742,3.932
15:50:48.742,3.845
15:50:48.742,4.133
15:50:48.742,4.127
15:50:48.742,4.189
15:50:48.742,4.78
15:50:48.742,5.659
15:50:48.742,4.247
15:50:48.742,3.691
15:50:48.742,3.885
15:50:48.742,4.882
15:50:48.742,5.688
15:50:48.742,5.591
15:50:48.742,5.427
15:50:48.742,5.492
15:50:48.742,5.243
15:50:48.742,4.959
15:50:48.742,4.853
15:50:48.742,4.811
15:50:48.758,4.693
15:50:48.758,4.131
15:50:48.758,3.959
15:50:48.758,3.89
15:50:48.758,3.642
15:50:48.758,3.616
15:50:48.758,3.303
15:50:48.758,3.451
15:50:48.758,3.347
15:50:48.758,2.911
15:50:48.758,3.101
15:50:48.758,3.4
15:50:48.758,3.36
15:50:48.758,2.638
15:50:48.758,2.405
15:50:48.758,2.275
15:50:48.758,2.421
15:50:48.758,1.911
15:50:48.758,1.553
15:50:48.758,0.984
15:50:48.758,0.559
15:50:48.758,0.615
15:50:48.758,0.232
15:50:48.758,0.404
15:50:48.774,0.295
15:50:48.805,0.448
15:50:48.805,0.01
15:50:48.805,0.099
15:50:48.818,0.055
15:50:48.818,0.073
15:50:48.818,0.206
15:50:48.818,-0.03
15:50:48.818,-0.179
15:50:48.821,-0.109
15:50:48.821,-0.418
15:50:48.821,-0.897
15:50:48.821,-0.835
15:50:48.821,-1.604
15:50:48.821,-3.058
15:50:48.821,-2.948
15:50:48.821,-1.816
15:50:48.821,-2.801
15:50:48.821,-3.818
15:50:48.821,-4.296
15:50:48.837,-4.813
15:50:48.837,-4.264
15:50:48.837,-3.986
15:50:48.837,-4.154
15:50:48.837,-4.265
15:50:48.837,-4.426
15:50:48.837,-4.447
15:50:48.837,-4.366
15:50:48.837,-4.341
15:50:48.837,-3.912
15:50:48.837,-3.911
15:50:48.837,-3.628
15:50:48.837,-3.614
15:50:48.837,-3.834
15:50:48.837,-3.695
15:50:48.837,-4.082
15:50:48.852,-4.028
15:50:48.853,-4.004
15:50:48.853,-4.295
15:50:48.853,-5.108
15:50:48.853,-5.452
15:50:48.853,-5.212
15:50:48.853,-3.623
15:50:48.853,-4.155
15:50:48.853,-5.041
15:50:48.853,-5.509
15:50:48.853,-5.568
15:50:48.853,-5.567
15:50:48.862,-5.345
15:50:48.862,-5.162
15:50:48.862,-5.099
15:50:48.862,-4.84
15:50:48.862,-4.576
15:50:48.862,-4.613
15:50:48.862,-4.383
15:50:48.862,-3.849
15:50:48.868,-3.817
15:50:48.869,-3.68
15:50:48.870,-3.526
15:50:48.870,-3.535
15:50:48.870,-3.309
15:50:48.870,-3.3
15:50:48.870,-3.216
15:50:48.870,-2.928
15:50:48.870,-3.636
15:50:48.875,-3.288
15:50:48.876,-2.926
15:50:48.876,-2.079
15:50:48.876,-2.291
15:50:48.876,-2.204
15:50:48.876,-1.623
15:50:48.876,-1.661
15:50:48.876,-1.198
15:50:48.876,-0.647
15:50:48.876,-0.355
15:50:48.876,-0.447
15:50:48.876,-0.23
15:50:48.876,-0.199
15:50:48.884,-0.227
15:50:48.885,-0.173
15:50:48.885,-0.192
15:50:48.885,-0.085
15:50:48.885,0.185
15:50:48.885,0.109
15:50:48.885,-0.055
15:50:48.885,0.26
15:50:48.885,0.267
15:50:48.885,0.472
15:50:48.885,0.657
15:50:48.885,1.203
15:50:48.885,1.198
15:50:48.885,1.206
15:50:48.885,2.471
15:50:48.885,3.24
15:50:48.895,2.289
15:50:48.895,1.966
15:50:48.895,3.266
15:50:48.895,4.313
15:50:48.895,4.506
15:50:48.898,4.732
15:50:48.898,4.544
15:50:48.900,4.081
15:50:48.900,4.186
15:50:48.900,4.423
15:50:48.900,4.559
15:50:48.904,4.764
15:50:48.904,4.534
15:50:48.905,4.511
15:50:48.905,4.182
15:50:48.908,3.859
15:50:48.909,3.854
15:50:48.910,3.77
15:50:48.910,3.82
15:50:48.910,3.845
15:50:48.910,4.101
15:50:48.910,4.129
15:50:48.910,4.107
15:50:48.910,5.081
15:50:48.916,5.436
15:50:48.916,5.518
15:50:48.918,3.926
15:50:48.918,3.876
15:50:48.921,4.655
15:50:48.921,5.349
15:50:48.921,5.715
15:50:48.921,5.649
15:50:48.926,5.695
15:50:48.926,5.323
15:50:48.928,5.055
15:50:48.928,4.983
15:50:48.928,4.953
15:50:48.928,4.648
15:50:48.931,4.798
15:50:48.932,4.218
15:50:48.932,4.164
15:50:48.932,3.953
15:50:48.932,3.861
15:50:48.932,3.672
15:50:48.932,3.55
15:50:48.932,3.411
15:50:48.932,3.149
15:50:48.932,3.596
15:50:48.940,2.852
15:50:48.940,3.298
15:50:48.940,3.65
15:50:48.940,3.157
15:50:48.940,2.386
15:50:48.940,2.301
15:50:48.940,2.398
15:50:48.940,1.924
15:50:48.948,1.572
15:50:48.948,1.174
15:50:48.948,0.503
15:50:48.948,0.477
15:50:48.948,0.461
15:50:48.948,0.331
15:50:48.954,0.284
15:50:48.954,0.214
15:50:48.954,0.131
15:50:48.954,0.036
15:50:48.954,0.089
15:50:48.954,0.077
15:50:48.954,0.165
15:50:48.954,0.318
15:50:48.954,0.127
15:50:48.954,-0.101
15:50:48.954,-0.198
15:50:48.964,-0.461
15:50:48.964,-0.744
15:50:48.964,-0.86
15:50:48.964,-1.196
15:50:48.964,-2.788
15:50:48.964,-3.052
15:50:48.964,-2.431
15:50:48.964,-3.689
15:50:48.964,-4.474
15:50:48.964,-4.635
15:50:48.964,-4.334
15:50:48.964,-3.939
15:50:48.964,-4.008
15:50:48.964,-4.153
15:50:48.964,-4.352
15:50:48.964,-4.471
15:50:48.964,-4.566
15:50:48.964,-4.309
15:50:48.964,-4.05
15:50:48.964,-3.84
15:50:48.964,-3.623
15:50:48.979,-3.654
15:50:48.979,-3.599
15:50:48.979,-3.761
15:50:48.979,-3.64
15:50:48.979,-3.932
15:50:48.979,-4.03
15:50:48.979,-4.108
15:50:48.979,-4.607
15:50:48.979,-5.469
15:50:48.979,-5.476
15:50:48.979,-5.159
15:50:48.979,-3.772
15:50:48.979,-3.855
15:50:48.979,-4.712
15:50:48.979,-5.245
15:50:48.979,-5.662
15:50:48.979,-5.545
15:50:48.979,-5.488
15:50:48.979,-5.32
15:50:48.979,-5.134
15:50:48.979,-4.947
15:50:48.979,-4.967
15:50:48.979,-4.694
15:50:48.979,-4.679
15:50:48.995,-4.224
15:50:48.995,-4.055
15:50:48.995,-3.848
15:50:48.995,-3.719
15:50:48.995,-3.529
15:50:48.995,-3.549
15:50:48.995,-3.247
15:50:48.995,-3.314
15:50:48.995,-3.099
15:50:48.995,-2.895
15:50:48.995,-3.405
15:50:48.995,-2.996
15:50:48.995,-2.511
15:50:48.995,-2.635
15:50:48.995,-2.393
15:50:48.995,-2.248
15:50:48.995,-1.324
15:50:48.995,-1.08
15:50:48.995,-0.621
15:50:48.995,-0.313
15:50:48.995,-0.353
15:50:48.995,-0.233
15:50:48.995,-0.214
15:50:49.011,-0.203
15:50:49.011,0.038
15:50:49.011,-0.134
15:50:49.011,0.124
15:50:49.011,-0.092
15:50:49.015,-0.18
15:50:49.015,-0.055
15:50:49.015,0.016
15:50:49.015,0.033
15:50:49.015,0.254
15:50:49.015,0.646
15:50:49.015,0.828
15:50:49.015,1.0
15:50:49.015,1.125
15:50:49.015,2.375
15:50:49.015,3.352
15:50:49.015,2.255
15:50:49.015,1.807
15:50:49.015,3.196
15:50:49.015,4.095
15:50:49.015,4.561
15:50:49.027,4.602
15:50:49.027,4.525
15:50:49.027,4.366
15:50:49.027,4.254
15:50:49.027,4.258
15:50:49.027,4.274
15:50:49.027,4.686
15:50:49.027,4.699
15:50:49.027,4.563
15:50:49.027,4.233
15:50:49.027,4.116
15:50:49.027,3.978
15:50:49.027,3.696
15:50:49.027,3.825
15:50:49.027,4.068
15:50:49.027,3.743
15:50:49.027,4.034
15:50:49.027,4.089
15:50:49.027,4.215
15:50:49.027,4.352
15:50:49.027,4.969
15:50:49.027,5.767
15:50:49.043,4.933
15:50:49.043,3.603
15:50:49.043,4.222
15:50:49.043,5.129
15:50:49.043,5.71
15:50:49.043,5.656
15:50:49.043,5.61
15:50:49.043,5.637
15:50:49.043,5.192
15:50:49.043,5.195
15:50:49.043,4.947
15:50:49.043,4.722
15:50:49.043,4.899
15:50:49.043,4.682
15:50:49.043,4.234
15:50:49.043,4.048
15:50:49.043,3.95
15:50:49.043,3.865
15:50:49.043,3.689
15:50:49.043,3.546
15:50:49.059,3.316
15:50:49.059,3.396
15:50:49.059,3.037
15:50:49.059,3.085
15:50:49.059,3.346
15:50:49.059,3.637
15:50:49.059,3.236
15:50:49.059,2.322
15:50:49.059,2.303
15:50:49.059,2.296
15:50:49.059,2.126
15:50:49.059,1.838
15:50:49.059,1.23
15:50:49.059,0.997
15:50:49.059,0.572
15:50:49.059,0.37
15:50:49.059,0.353
15:50:49.059,0.359
15:50:49.059,0.012
15:50:49.059,0.073
15:50:49.059,0.2
15:50:49.059,0.017
15:50:49.059,0.222
15:50:49.074,0.094
15:50:49.075,0.069
15:50:49.075,-0.113
15:50:49.075,-0.176
15:50:49.075,-0.543
15:50:49.075,-0.826
15:50:49.075,-0.904
15:50:49.075,-3.05
15:50:49.075,-3.24
15:50:49.075,-2.692
15:50:49.075,-1.624
15:50:49.075,-2.498
15:50:49.075,-3.614
15:50:49.075,-3.949
15:50:49.075,-4.225
15:50:49.075,-4.674
15:50:49.075,-4.481
15:50:49.075,-3.966
15:50:49.075,-4.135
15:50:49.075,-4.029
15:50:49.075,-4.266
15:50:49.075,-4.601
15:50:49.075,-4.377
15:50:49.090,-4.398
15:50:49.090,-4.027
15:50:49.090,-3.744
15:50:49.090,-3.589
15:50:49.090,-3.616
15:50:49.090,-3.738
15:50:49.090,-3.694
15:50:49.090,-3.889
15:50:49.090,-3.994
15:50:49.090,-4.003
15:50:49.090,-4.09
15:50:49.090,-5.043
15:50:49.090,-5.421
15:50:49.090,-5.239
15:50:49.090,-4.027
15:50:49.090,-3.903
15:50:49.090,-4.404
15:50:49.090,-5.145
15:50:49.090,-5.633
15:50:49.090,-5.646
15:50:49.090,-5.705
15:50:49.090,-4.964
15:50:49.090,-4.903
15:50:49.090,-4.968
15:50:49.107,-4.58
15:50:49.107,-4.425
15:50:49.107,-4.407
15:50:49.107,-4.405
15:50:49.107,-4.004
15:50:49.107,-3.795
15:50:49.107,-3.681
15:50:49.107,-3.607
15:50:49.107,-3.492
15:50:49.107,-3.297
15:50:49.107,-3.211
15:50:49.107,-3.366
15:50:49.107,-2.763
15:50:49.107,-2.902
15:50:49.107,-3.478
15:50:49.107,-3.46
15:50:49.107,-2.59
15:50:49.107,-2.319
15:50:49.107,-2.706
15:50:49.107,-2.298
15:50:49.107,-1.873
15:50:49.107,-1.725
15:50:49.107,-1.295
15:50:49.107,-0.891
15:50:49.107,-0.585
15:50:49.123,-0.395
15:50:49.123,-0.328
15:50:49.123,-0.252
15:50:49.123,-0.128
15:50:49.123,-0.125
15:50:49.123,-0.069
15:50:49.123,0.112
15:50:49.123,-0.058
15:50:49.130,-0.009
15:50:49.130,-0.026
15:50:49.131,-0.107
15:50:49.131,-0.058
15:50:49.131,0.156
15:50:49.131,0.203
15:50:49.131,0.436
15:50:49.131,0.584
15:50:49.131,0.787
15:50:49.131,1.068
15:50:49.131,1.163
15:50:49.131,2.033
15:50:49.131,3.152
15:50:49.138,3.078
15:50:49.138,2.154
15:50:49.138,1.704
15:50:49.138,2.81
15:50:49.138,3.537
15:50:49.138,4.26
15:50:49.138,4.624
15:50:49.138,4.737
15:50:49.138,4.357
15:50:49.138,4.161
15:50:49.138,4.187
15:50:49.138,4.279
15:50:49.138,4.508
15:50:49.138,4.692
15:50:49.138,4.505
15:50:49.138,4.476
15:50:49.138,4.255
15:50:49.138,4.013
15:50:49.138,3.771
15:50:49.138,3.723
15:50:49.138,3.727
15:50:49.138,3.893
15:50:49.154,4.017
15:50:49.154,4.106
15:50:49.154,4.182
15:50:49.154,4.417
15:50:49.154,5.048
15:50:49.154,5.583
15:50:49.154,5.269
15:50:49.154,3.935
15:50:49.154,4.058
15:50:49.154,4.421
15:50:49.154,5.525
15:50:49.154,5.7
15:50:49.154,5.635
15:50:49.154,5.623
15:50:49.154,5.385
15:50:49.154,5.341
15:50:49.154,4.954
15:50:49.154,4.869
15:50:49.154,4.596
15:50:49.154,4.8
15:50:49.154,4.68
15:50:49.154,4.263
15:50:49.154,3.825
15:50:49.170,3.775
15:50:49.170,3.792
15:50:49.170,3.782
15:50:49.170,3.334
15:50:49.170,3.33
15:50:49.170,3.294
15:50:49.170,3.176
15:50:49.170,2.919
15:50:49.170,3.447
15:50:49.170,2.861
15:50:49.170,2.268
15:50:49.170,2.152
15:50:49.170,2.376
15:50:49.170,2.02
15:50:49.170,1.663
15:50:49.170,1.096
15:50:49.170,0.682
15:50:49.170,0.564
15:50:49.170,0.551
15:50:49.186,0.256
15:50:49.186,0.125
15:50:49.186,0.199
15:50:49.186,0.108
15:50:49.186,0.198
15:50:49.186,0.156
15:50:49.186,0.041
15:50:49.186,0.189
15:50:49.186,-0.006
15:50:49.186,0.266
15:50:49.186,-0.01
15:50:49.186,-0.411
15:50:49.186,-0.48
15:50:49.186,-0.626
15:50:49.186,-0.824
15:50:49.186,-0.995
15:50:49.186,-1.326
15:50:49.186,-2.337
15:50:49.186,-3.368
15:50:49.186,-3.174
15:50:49.186,-1.843
15:50:49.186,-2.125
15:50:49.186,-3.122
15:50:49.202,-3.881
15:50:49.202,-4.36
15:50:49.202,-4.524
15:50:49.202,-4.405
15:50:49.202,-4.143
15:50:49.202,-4.139
15:50:49.202,-4.221
15:50:49.202,-4.129
15:50:49.202,-4.565
15:50:49.202,-4.618
15:50:49.202,-4.415
15:50:49.202,-4.049
15:50:49.202,-3.737
15:50:49.202,-3.84
15:50:49.202,-3.584
15:50:49.202,-3.602
15:50:49.202,-3.799
15:50:49.202,-3.634
15:50:49.202,-3.854
15:50:49.202,-4.07
15:50:49.202,-3.928
15:50:49.202,-4.007
15:50:49.202,-4.582
15:50:49.218,-5.345
15:50:49.218,-5.484
15:50:49.218,-4.367
15:50:49.218,-3.607
15:50:49.218,-3.824
15:50:49.218,-5.237
15:50:49.218,-5.73
15:50:49.218,-5.468
15:50:49.218,-5.579
15:50:49.218,-5.26
15:50:49.218,-5.281
15:50:49.218,-4.889
15:50:49.218,-4.73
15:50:49.218,-4.817
15:50:49.218,-4.601
15:50:49.218,-4.37
15:50:49.218,-3.917
15:50:49.218,-3.718
15:50:49.218,-3.834
15:50:49.218,-3.614
15:50:49.218,-3.418
15:50:49.218,-3.175
15:50:49.218,-3.202
15:50:49.218,-3.2
15:50:49.234,-2.933
15:50:49.234,-3.42
15:50:49.234,-3.337
15:50:49.234,-2.485
15:50:49.234,-2.556
15:50:49.234,-2.345
15:50:49.234,-2.251
15:50:49.234,-1.89
15:50:49.234,-1.561
15:50:49.234,-1.371
15:50:49.234,-0.672
15:50:49.234,-0.514
15:50:49.234,-0.42
15:50:49.234,-0.253
15:50:49.234,-0.175
15:50:49.234,-0.182
15:50:49.234,-0.034
15:50:49.234,-0.041
15:50:49.234,0.035
15:50:49.234,-0.03
15:50:49.234,0.116
15:50:49.234,-0.314
15:50:49.234,-0.159
15:50:49.234,0.028
15:50:49.249,0.105
15:50:49.251,0.304
15:50:49.251,0.49
15:50:49.251,0.647
15:50:49.251,0.974
15:50:49.251,1.129
15:50:49.251,1.896
15:50:49.251,2.755
15:50:49.251,3.285
15:50:49.251,2.998
15:50:49.251,2.088
15:50:49.251,1.52
15:50:49.251,3.16
15:50:49.251,3.676
15:50:49.251,4.279
15:50:49.251,4.695
15:50:49.251,4.535
15:50:49.251,4.304
15:50:49.265,4.08
15:50:49.265,4.118
15:50:49.265,4.319
15:50:49.265,4.513
15:50:49.265,4.666
15:50:49.265,4.738
15:50:49.265,4.541
15:50:49.265,4.434
15:50:49.265,4.158
15:50:49.265,3.955
15:50:49.265,3.72
15:50:49.265,3.619
15:50:49.265,3.992
15:50:49.265,3.976
15:50:49.265,3.759
15:50:49.265,4.006
15:50:49.265,4.101
15:50:49.265,4.228
15:50:49.265,4.232
15:50:49.265,5.025
15:50:49.265,5.792
15:50:49.265,5.219
15:50:49.265,3.947
15:50:49.281,3.688
15:50:49.281,4.306
15:50:49.373,5.663
15:50:49.376,5.794
15:50:49.376,5.567
15:50:49.376,5.496
15:50:49.376,5.646
15:50:49.376,5.199
15:50:49.376,4.976
15:50:49.376,4.62
15:50:49.376,4.923
15:50:49.376,4.757
15:50:49.376,4.832
15:50:49.376,4.292
15:50:49.376,4.091
15:50:49.385,3.991
15:50:49.385,3.99
15:50:49.385,3.782
15:50:49.385,3.569
15:50:49.385,3.405
15:50:49.385,3.495
15:50:49.385,3.316
15:50:49.385,3.296
15:50:49.385,3.032
15:50:49.385,3.277
15:50:49.392,3.683
15:50:49.393,3.352
15:50:49.393,2.548
15:50:49.393,2.203
15:50:49.393,2.295
15:50:49.393,2.284
15:50:49.393,1.873
15:50:49.393,1.476
15:50:49.393,1.243
15:50:49.393,0.872
15:50:49.393,0.571
15:50:49.393,0.404
15:50:49.393,0.354
15:50:49.393,0.42
15:50:49.393,0.037
15:50:49.393,-0.008
15:50:49.393,0.169
15:50:49.393,0.0
15:50:49.393,0.205
15:50:49.393,0.208
15:50:49.393,0.145
15:50:49.393,-0.097
15:50:49.408,-0.157
15:50:49.408,-0.348
15:50:49.411,-0.455
15:50:49.411,-0.859
15:50:49.411,-0.889
15:50:49.411,-1.052
15:50:49.414,-2.815
15:50:49.414,-3.436
15:50:49.414,-1.811
15:50:49.414,-2.295
15:50:49.414,-3.206
15:50:49.414,-3.996
15:50:49.414,-4.246
15:50:49.419,-4.676
15:50:49.419,-4.413
15:50:49.419,-4.09
15:50:49.424,-3.983
15:50:49.424,-4.122
15:50:49.424,-4.263
15:50:49.424,-4.52
15:50:49.424,-4.433
15:50:49.424,-4.428
15:50:49.424,-3.816
15:50:49.432,-3.903
15:50:49.432,-3.679
15:50:49.432,-3.512
15:50:49.432,-3.591
15:50:49.432,-3.868
15:50:49.432,-3.59
15:50:49.432,-3.833
15:50:49.440,-4.128
15:50:49.440,-4.053
15:50:49.440,-4.153
15:50:49.440,-5.269
15:50:49.440,-5.469
15:50:49.440,-4.742
15:50:49.440,-3.57
15:50:49.440,-3.824
15:50:49.440,-4.535
15:50:49.440,-5.343
15:50:49.440,-5.631
15:50:49.440,-5.584
15:50:49.440,-5.7
15:50:49.440,-5.247
15:50:49.440,-4.956
15:50:49.440,-4.913
15:50:49.440,-4.816
15:50:49.440,-4.851
15:50:49.440,-4.636
15:50:49.440,-4.494
15:50:49.440,-4.002
15:50:49.456,-3.753
15:50:49.456,-3.781
15:50:49.456,-3.814
15:50:49.456,-3.559
15:50:49.456,-3.35
15:50:49.456,-3.235
15:50:49.456,-3.303
15:50:49.456,-3.253
15:50:49.456,-2.713
15:50:49.456,-3.199
15:50:49.456,-3.505
15:50:49.456,-3.377
15:50:49.456,-2.935
15:50:49.456,-2.246
15:50:49.456,-2.506
15:50:49.456,-2.295
15:50:49.456,-1.744
15:50:49.472,-1.469
15:50:49.472,-1.122
15:50:49.472,-0.585
15:50:49.472,-0.346
15:50:49.475,-0.386
15:50:49.475,-0.268
15:50:49.475,-0.042
15:50:49.475,0.068
15:50:49.475,0.149
15:50:49.475,-0.077
15:50:49.475,0.021
15:50:49.475,-0.019
15:50:49.481,-0.124
15:50:49.482,-0.023
15:50:49.482,0.06
15:50:49.482,0.153
15:50:49.484,0.322
15:50:49.484,0.608
15:50:49.484,0.883
15:50:49.484,1.052
15:50:49.488,1.362
15:50:49.488,2.498
15:50:49.488,3.315
15:50:49.488,2.767
15:50:49.488,1.783
15:50:49.488,1.867
15:50:49.488,3.034
15:50:49.488,3.759
15:50:49.488,4.386
15:50:49.488,4.625
15:50:49.488,4.709
15:50:49.488,4.539
15:50:49.488,4.092
15:50:49.488,4.273
15:50:49.488,4.36
15:50:49.488,4.568
15:50:49.488,4.706
15:50:49.488,4.548
15:50:49.488,4.626
15:50:49.488,4.08
15:50:49.488,3.976
15:50:49.488,3.671
15:50:49.503,3.702
15:50:49.503,3.933
15:50:49.503,3.886
15:50:49.503,3.761
15:50:49.503,4.131
15:50:49.503,4.249
15:50:49.503,4.198
15:50:49.503,4.664
15:50:49.503,5.316
15:50:49.503,5.516
15:50:49.503,4.88
15:50:49.503,3.701
15:50:49.503,3.839
15:50:49.503,4.847
15:50:49.503,5.782
15:50:49.503,5.623
15:50:49.503,5.357
15:50:49.503,5.454
15:50:49.503,5.517
15:50:49.503,5.389
15:50:49.503,4.948
15:50:49.503,4.767
15:50:49.503,4.978
15:50:49.519,4.55
15:50:49.519,4.216
15:50:49.519,4.003
15:50:49.519,3.879
15:50:49.519,3.711
15:50:49.519,3.523
15:50:49.519,3.196
15:50:49.519,3.403
15:50:49.519,3.549
15:50:49.519,3.31
15:50:49.519,2.949
15:50:49.519,3.095
15:50:49.519,3.425
15:50:49.519,3.22
15:50:49.519,2.308
15:50:49.519,2.331
15:50:49.519,2.348
15:50:49.519,2.051
15:50:49.519,1.775
15:50:49.519,1.122
15:50:49.519,0.931
15:50:49.519,0.474
15:50:49.519,0.285
15:50:49.535,0.241
15:50:49.536,0.188
15:50:49.536,0.391
15:50:49.536,0.03
15:50:49.536,0.159
15:50:49.536,0.167
15:50:49.536,0.069
15:50:49.536,0.09
15:50:49.536,0.288
15:50:49.536,0.13
15:50:49.536,-0.259
15:50:49.536,0.011
15:50:49.536,-0.145
15:50:49.536,-0.667
15:50:49.536,-0.913
15:50:49.536,-1.092
15:50:49.536,-1.192
15:50:49.536,-2.319
15:50:49.536,-3.358
15:50:49.536,-2.688
15:50:49.536,-2.005
15:50:49.536,-1.937
15:50:49.536,-3.11
15:50:49.551,-3.767
15:50:49.551,-4.241
15:50:49.551,-4.463
15:50:49.551,-4.441
15:50:49.551,-4.15
15:50:49.551,-4.008
15:50:49.551,-4.084
15:50:49.551,-4.198
15:50:49.551,-4.354
15:50:49.551,-4.478
15:50:49.551,-4.517
15:50:49.551,-4.486
15:50:49.551,-4.141
15:50:49.551,-3.869
15:50:49.551,-3.716
15:50:49.551,-3.644
15:50:49.551,-3.582
15:50:49.551,-3.719
15:50:49.551,-3.554
15:50:49.551,-3.681
15:50:49.551,-4.007
15:50:49.551,-4.201
15:50:49.567,-4.039
15:50:49.567,-4.813
15:50:49.567,-5.595
15:50:49.567,-5.181
15:50:49.567,-3.774
15:50:49.567,-3.929
15:50:49.567,-4.52
15:50:49.567,-5.554
15:50:49.567,-5.631
15:50:49.567,-5.432
15:50:49.567,-5.622
15:50:49.567,-5.035
15:50:49.567,-4.919
15:50:49.567,-4.809
15:50:49.567,-4.81
15:50:49.567,-4.751
15:50:49.567,-4.482
15:50:49.567,-4.338
15:50:49.567,-3.863
15:50:49.567,-3.809
15:50:49.567,-3.789
15:50:49.567,-3.707
15:50:49.567,-3.587
15:50:49.583,-3.418
15:50:49.583,-3.185
15:50:49.583,-3.351
15:50:49.583,-3.328
15:50:49.583,-2.87
15:50:49.583,-2.986
15:50:49.583,-3.455
15:50:49.583,-3.422
15:50:49.583,-2.541
15:50:49.583,-2.435
15:50:49.583,-2.652
15:50:49.583,-1.976
15:50:49.583,-1.618
15:50:49.583,-1.438
15:50:49.583,-1.056
15:50:49.583,-0.633
15:50:49.583,-0.411
15:50:49.583,-0.354
15:50:49.583,-0.258
15:50:49.583,-0.084
15:50:49.583,-0.189
15:50:49.599,0.011
15:50:49.599,0.013
15:50:49.599,0.008
15:50:49.599,0.044
15:50:49.599,0.014
15:50:49.599,-0.065
15:50:49.599,-0.08
15:50:49.599,-0.063
15:50:49.599,0.094
15:50:49.599,0.284
15:50:49.599,0.561
15:50:49.599,0.738
15:50:49.599,0.89
15:50:49.599,1.134
15:50:49.599,1.245
15:50:49.599,2.456
15:50:49.599,3.405
15:50:49.599,3.036
15:50:49.599,1.722
15:50:49.599,2.515
15:50:49.599,3.76
15:50:49.599,4.278
15:50:49.599,4.515
15:50:49.599,4.781
15:50:49.615,4.502
15:50:49.616,4.315
15:50:49.616,4.078
15:50:49.616,4.13
15:50:49.616,4.395
15:50:49.616,4.497
15:50:49.616,4.547
15:50:49.616,4.728
15:50:49.616,4.449
15:50:49.616,4.265
15:50:49.616,3.865
15:50:49.616,3.974
15:50:49.616,3.725
15:50:49.616,3.677
15:50:49.616,3.915
15:50:49.616,3.789
15:50:49.616,3.749
15:50:49.616,4.12
15:50:49.616,4.072
15:50:49.616,4.174
15:50:49.616,4.429
15:50:49.631,5.274
15:50:49.631,5.72
15:50:49.631,5.081
15:50:49.631,4.286
15:50:49.631,3.785
15:50:49.631,4.651
15:50:49.631,5.354
15:50:49.631,5.572
15:50:49.631,5.652
15:50:49.631,5.637
15:50:49.631,5.453
15:50:49.631,5.237
15:50:49.631,5.143
15:50:49.631,4.973
15:50:49.631,4.744
15:50:49.631,4.808
15:50:49.631,4.709
15:50:49.631,4.551
15:50:49.631,4.059
15:50:49.631,3.962
15:50:49.631,3.834
15:50:49.631,3.813
15:50:49.631,3.709
15:50:49.647,3.426
15:50:49.647,3.381
15:50:49.647,3.33
15:50:49.647,3.005
15:50:49.647,3.098
15:50:49.647,3.441
15:50:49.647,3.757
15:50:49.647,2.956
15:50:49.647,2.3
15:50:49.647,2.178
15:50:49.647,2.456
15:50:49.647,2.291
15:50:49.647,1.913
15:50:49.647,1.592
15:50:49.647,1.003
15:50:49.647,0.386
15:50:49.647,0.389
15:50:49.647,0.235
15:50:49.647,0.314
15:50:49.647,0.262
15:50:49.647,0.135
15:50:49.647,0.126
15:50:49.647,0.148
15:50:49.663,0.147
15:50:49.663,0.162
15:50:49.663,0.222
15:50:49.663,0.203
15:50:49.663,-0.042
15:50:49.663,-0.174
15:50:49.663,-0.308
15:50:49.663,-0.522
15:50:49.663,-0.868
15:50:49.663,-0.937
15:50:49.663,-1.712
15:50:49.663,-3.289
15:50:49.663,-3.171
15:50:49.663,-1.983
15:50:49.663,-1.798
15:50:49.663,-2.888
15:50:49.663,-3.917
15:50:49.663,-4.352
15:50:49.663,-4.768
15:50:49.663,-4.602
15:50:49.663,-4.034
15:50:49.663,-3.89
15:50:49.663,-4.284
15:50:49.679,-4.36
15:50:49.679,-4.388
15:50:49.679,-4.735
15:50:49.679,-4.415
15:50:49.679,-4.337
15:50:49.679,-3.893
15:50:49.679,-3.953
15:50:49.679,-3.575
15:50:49.679,-3.649
15:50:49.679,-3.734
15:50:49.679,-3.776
15:50:49.679,-3.744
15:50:49.679,-3.93
15:50:49.679,-4.068
15:50:49.679,-4.142
15:50:49.679,-4.238
15:50:49.679,-5.019
15:50:49.679,-5.558
15:50:49.694,-4.772
15:50:49.694,-3.594
15:50:49.694,-4.15
15:50:49.694,-4.94
15:50:49.694,-5.402
15:50:49.694,-5.451
15:50:49.694,-5.586
15:50:49.694,-5.577
15:50:49.694,-5.258
15:50:49.694,-5.009
15:50:49.694,-4.822
15:50:49.694,-4.628
15:50:49.694,-4.702
15:50:49.694,-4.495
15:50:49.694,-4.029
15:50:49.694,-3.943
15:50:49.694,-3.698
15:50:49.694,-3.885
15:50:49.694,-3.704
15:50:49.694,-3.44
15:50:49.694,-3.285
15:50:49.694,-3.269
15:50:49.694,-3.087
15:50:49.710,-2.889
15:50:49.710,-3.063
15:50:49.710,-3.498
15:50:49.710,-3.027
15:50:49.710,-1.629
15:50:49.710,-2.645
15:50:49.710,-2.369
15:50:49.710,-1.981
15:50:49.710,-1.751
15:50:49.710,-1.258
15:50:49.710,-0.895
15:50:49.710,-0.533
15:50:49.710,-0.355
15:50:49.710,-0.227
15:50:49.710,-0.155
15:50:49.710,-0.029
15:50:49.710,-0.105
15:50:49.710,-0.057
15:50:49.710,0.051
15:50:49.710,0.018
15:50:49.710,-0.054
15:50:49.710,-0.075
15:50:49.710,0.05
15:50:49.710,0.137
15:50:49.726,0.459
15:50:49.726,0.808
15:50:49.726,0.764
15:50:49.726,1.074
15:50:49.726,2.532
15:50:49.726,3.347
15:50:49.726,2.3
15:50:49.726,1.705
15:50:49.726,3.398
15:50:49.726,4.129
15:50:49.726,4.537
15:50:49.726,4.759
15:50:49.726,4.197
15:50:49.726,4.001
15:50:49.726,4.518
15:50:49.726,4.44
15:50:49.726,4.724
15:50:49.726,4.565
15:50:49.726,4.071
15:50:49.726,3.936
15:50:49.726,3.705
15:50:49.726,3.815
15:50:49.726,3.935
15:50:49.742,3.844
15:50:49.742,3.923
15:50:49.742,4.128
15:50:49.742,4.107
15:50:49.742,4.233
15:50:49.742,5.109
15:50:49.742,5.634
15:50:49.742,5.6
15:50:49.742,3.858
15:50:49.742,4.078
15:50:49.742,4.83
15:50:49.742,5.454
15:50:49.742,5.51
15:50:49.742,5.744
15:50:49.742,5.361
15:50:49.742,5.16
15:50:49.742,4.859
15:50:49.742,5.023
15:50:49.742,4.835
15:50:49.742,4.867
15:50:49.755,4.135
15:50:49.755,4.014
15:50:49.755,3.776
15:50:49.755,3.823
15:50:49.758,3.436
15:50:49.758,3.24
15:50:49.758,3.505
15:50:49.758,3.114
15:50:49.758,2.963
15:50:49.758,3.316
15:50:49.758,3.713
15:50:49.758,3.475
15:50:49.758,2.633
15:50:49.758,2.621
15:50:49.758,2.307
15:50:49.758,2.391
15:50:49.758,1.601
15:50:49.758,1.838
15:50:49.758,1.149
15:50:49.758,0.744
15:50:49.758,0.511
15:50:49.758,0.472
15:50:49.758,0.319
15:50:49.758,0.418
15:50:49.758,0.035
15:50:49.758,0.029
15:50:49.758,0.119
15:50:49.774,0.043
15:50:49.775,0.077
15:50:49.775,0.127
15:50:49.775,0.164
15:50:49.775,0.156
15:50:49.775,0.151
15:50:49.775,-0.082
15:50:49.775,-0.101
15:50:49.775,-0.429
15:50:49.775,-0.647
15:50:49.775,-0.765
15:50:49.775,-0.865
15:50:49.775,-1.494
15:50:49.775,-3.052
15:50:49.775,-3.131
15:50:49.775,-2.655
15:50:49.775,-1.868
15:50:49.775,-2.15
15:50:49.775,-3.156
15:50:49.775,-4.231
15:50:49.775,-4.541
15:50:49.790,-4.605
15:50:49.790,-4.345
15:50:49.790,-4.109
15:50:49.792,-4.1
15:50:49.792,-4.216
15:50:49.792,-4.247
15:50:49.792,-4.48
15:50:49.792,-4.655
15:50:49.792,-4.56
15:50:49.792,-4.417
15:50:49.792,-4.043
15:50:49.792,-3.868
15:50:49.798,-3.734
15:50:49.798,-3.516
15:50:49.798,-3.484
15:50:49.798,-3.773
15:50:49.798,-3.844
15:50:49.798,-3.859
15:50:49.798,-4.053
15:50:49.798,-4.654
15:50:49.806,-5.382
15:50:49.806,-5.491
15:50:49.806,-4.769
15:50:49.806,-3.72
15:50:49.806,-4.09
15:50:49.806,-5.078
15:50:49.806,-5.544
15:50:49.806,-5.362
15:50:49.806,-5.638
15:50:49.806,-5.357
15:50:49.806,-5.044
15:50:49.806,-4.849
15:50:49.806,-4.648
15:50:49.806,-4.903
15:50:49.806,-4.722
15:50:49.806,-4.363
15:50:49.806,-3.916
15:50:49.806,-3.698
15:50:49.806,-3.783
15:50:49.806,-3.61
15:50:49.823,-3.51
15:50:49.823,-3.404
15:50:49.823,-3.317
15:50:49.823,-3.241
15:50:49.823,-2.851
15:50:49.823,-3.049
15:50:49.823,-3.604
15:50:49.823,-3.406
15:50:49.823,-2.495
15:50:49.823,-2.236
15:50:49.823,-2.706
15:50:49.823,-1.951
15:50:49.823,-1.783
15:50:49.823,-1.498
15:50:49.823,-1.085
15:50:49.823,-0.448
15:50:49.823,-0.489
15:50:49.823,-0.348
15:50:49.823,-0.139
15:50:49.823,0.0
15:50:49.823,0.033
15:50:49.838,0.042
15:50:49.839,-0.004
15:50:49.839,0.104
15:50:49.839,-0.001
15:50:49.839,0.278
15:50:49.839,-0.054
15:50:49.839,-0.151
15:50:49.839,0.154
15:50:49.839,0.124
15:50:49.839,0.377
15:50:49.839,0.802
15:50:49.839,0.881
15:50:49.839,1.108
15:50:49.839,1.177
15:50:49.839,2.162
15:50:49.839,3.299
15:50:49.839,3.124
15:50:49.839,2.108
15:50:49.839,1.996
15:50:49.839,2.872
15:50:49.839,3.542
15:50:49.839,4.468
15:50:49.839,4.699
15:50:49.854,4.703
15:50:49.854,4.317
15:50:49.854,4.183
15:50:49.854,4.279
15:50:49.854,4.341
15:50:49.854,4.682
15:50:49.854,4.699
15:50:49.854,4.514
15:50:49.854,4.261
15:50:49.854,3.979
15:50:49.854,3.85
15:50:49.854,3.589
15:50:49.854,3.721
15:50:49.854,3.951
15:50:49.854,3.749
15:50:49.854,3.842
15:50:49.854,4.205
15:50:49.854,4.294
15:50:49.854,4.168
15:50:49.854,4.085
15:50:49.854,5.437
15:50:49.870,5.574
15:50:49.870,4.371
15:50:49.870,3.679
15:50:49.873,4.324
15:50:49.873,5.504
15:50:49.873,5.663
15:50:49.873,5.515
15:50:49.873,5.681
15:50:49.873,5.406
15:50:49.879,5.225
15:50:49.879,4.868
15:50:49.879,4.958
15:50:49.879,4.801
15:50:49.879,4.326
15:50:49.879,4.082
15:50:49.879,4.026
15:50:49.879,3.752
15:50:49.885,3.817
15:50:49.885,3.817
15:50:49.885,3.639
15:50:49.885,3.232
15:50:49.885,3.463
15:50:49.885,3.28
15:50:49.885,2.955
15:50:49.885,3.521
15:50:49.885,3.548
15:50:49.885,2.785
15:50:49.885,2.027
15:50:49.885,2.493
15:50:49.885,2.302
15:50:49.885,2.165
15:50:49.885,1.699
15:50:49.885,1.446
15:50:49.885,0.789
15:50:49.885,0.621
15:50:49.885,0.47
15:50:49.885,0.368
15:50:49.901,0.458
15:50:49.901,0.051
15:50:49.904,0.145
15:50:49.904,0.076
15:50:49.905,0.212
15:50:49.907,0.138
15:50:49.907,0.048
15:50:49.907,0.261
15:50:49.909,-0.005
15:50:49.909,0.075
15:50:49.911,-0.21
15:50:49.912,-0.379
15:50:49.912,-0.502
15:50:49.913,-0.808
15:50:49.914,-0.793
15:50:49.915,-1.022
15:50:49.916,-2.963
15:50:49.917,-3.545
15:50:49.918,-2.767
15:50:49.920,-1.321
15:50:49.921,-2.119
15:50:49.921,-3.11
15:50:49.921,-3.839
15:50:49.921,-4.118
15:50:49.921,-4.324
15:50:49.921,-4.746
15:50:49.921,-4.081
15:50:49.921,-4.089
15:50:49.921,-4.037
15:50:49.921,-4.282
15:50:49.921,-4.386
15:50:49.921,-4.426
15:50:49.921,-4.546
15:50:49.933,-4.414
15:50:49.934,-3.757
15:50:49.934,-3.926
15:50:49.934,-3.457
15:50:49.934,-3.649
15:50:49.934,-3.818
15:50:49.939,-3.68
15:50:49.939,-3.734
15:50:49.939,-3.848
15:50:49.941,-4.021
15:50:49.942,-4.192
15:50:49.942,-4.728
15:50:49.944,-5.38
15:50:49.945,-5.354
15:50:49.946,-4.459
15:50:49.947,-3.682
15:50:49.948,-4.525
15:50:49.949,-5.506
15:50:49.949,-5.543
15:50:49.951,-5.479
15:50:49.951,-5.498
15:50:49.952,-5.256
15:50:49.953,-5.242
15:50:49.953,-4.92
15:50:49.953,-4.954
15:50:49.956,-4.722
15:50:49.957,-4.777
15:50:49.957,-4.491
15:50:49.958,-3.994
15:50:49.959,-3.858
15:50:49.961,-3.754
15:50:49.961,-3.68
15:50:49.961,-3.425
15:50:49.964,-3.286
15:50:49.964,-3.323
15:50:49.966,-3.122
15:50:49.966,-2.98
15:50:49.967,-2.904
15:50:49.970,-2.998
15:50:49.970,-3.56
15:50:49.970,-3.01
15:50:49.970,-2.489
15:50:49.970,-2.256
15:50:49.976,-2.374
15:50:49.976,-2.191
15:50:49.976,-1.84
15:50:49.976,-1.433
15:50:49.979,-0.977
15:50:49.980,-0.471
15:50:49.981,-0.461
15:50:49.982,-0.175
15:50:49.982,0.09
15:50:49.982,-0.129
15:50:49.982,0.045
15:50:49.982,0.131
15:50:49.982,0.05
15:50:49.988,-0.213
15:50:49.989,-0.036
15:50:49.990,0.127
15:50:49.990,-0.001
15:50:49.991,0.227
15:50:49.991,0.528
15:50:49.993,0.645
15:50:49.994,0.849
15:50:49.995,1.091
15:50:49.995,1.4
15:50:49.996,2.66
15:50:49.997,3.543
15:50:49.997,2.906
15:50:50.001,2.378
15:50:50.002,1.913
15:50:50.002,2.789
15:50:50.002,3.382
15:50:50.002,4.186
15:50:50.002,4.467
15:50:50.002,4.867
15:50:50.002,4.55
15:50:50.002,3.977
15:50:50.002,4.226
15:50:50.012,4.583
15:50:50.012,4.503
15:50:50.014,4.769
15:50:50.014,4.43
15:50:50.014,4.074
15:50:50.014,3.93
15:50:50.014,3.637
15:50:50.014,3.885
15:50:50.014,3.864
15:50:50.014,3.945
15:50:50.014,4.033
15:50:50.014,4.007
15:50:50.014,4.261
15:50:50.014,4.112
15:50:50.014,5.119
15:50:50.014,5.605
15:50:50.014,5.001
15:50:50.014,3.833
15:50:50.014,4.181
15:50:50.028,4.754
15:50:50.028,5.078
15:50:50.028,5.503
15:50:50.028,5.78
15:50:50.028,5.751
15:50:50.028,5.369
15:50:50.028,5.24
15:50:50.028,5.132
15:50:50.028,5.06
15:50:50.028,4.782
15:50:50.028,4.828
15:50:50.028,4.813
15:50:50.028,4.305
15:50:50.028,4.014
15:50:50.028,4.013
15:50:50.028,3.892
15:50:50.028,3.847
15:50:50.028,3.673
15:50:50.028,3.48
15:50:50.028,3.349
15:50:50.028,3.5
15:50:50.028,3.423
15:50:50.028,2.831
15:50:50.044,3.11
15:50:50.045,3.748
15:50:50.045,3.362
15:50:50.045,2.529
15:50:50.045,2.132
15:50:50.045,2.615
15:50:50.045,2.197
15:50:50.045,1.918
15:50:50.045,1.573
15:50:50.045,1.417
15:50:50.045,0.648
15:50:50.045,0.568
15:50:50.045,0.386
15:50:50.045,0.384
15:50:50.045,0.316
15:50:50.045,0.258
15:50:50.045,0.13
15:50:50.045,0.055
15:50:50.045,0.056
15:50:50.045,-0.017
15:50:50.045,0.257
15:50:50.045,0.087
15:50:50.060,-0.046
15:50:50.060,-0.238
15:50:50.060,-0.391
15:50:50.060,-0.787
15:50:50.060,-1.085
15:50:50.060,-1.19
15:50:50.060,-3.287
15:50:50.060,-3.171
15:50:50.060,-1.546
15:50:50.060,-2.698
15:50:50.060,-3.708
15:50:50.060,-4.08
15:50:50.060,-4.334
15:50:50.060,-4.591
15:50:50.060,-4.227
15:50:50.060,-4.104
15:50:50.060,-3.999
15:50:50.060,-4.247
15:50:50.060,-4.304
15:50:50.060,-4.751
15:50:50.060,-4.336
15:50:50.060,-4.422
15:50:50.060,-4.196
15:50:50.075,-3.775
15:50:50.076,-3.62
15:50:50.076,-3.674
15:50:50.076,-3.552
15:50:50.155,-3.747
15:50:50.155,-3.8
15:50:50.155,-3.904
15:50:50.155,-4.01
15:50:50.155,-4.208
15:50:50.155,-4.899
15:50:50.155,-5.278
15:50:50.155,-5.373
15:50:50.155,-3.461
15:50:50.155,-4.334
15:50:50.155,-5.246
15:50:50.155,-5.4
15:50:50.155,-5.457
15:50:50.155,-5.466
15:50:50.155,-5.082
15:50:50.155,-4.828
15:50:50.155,-5.025
15:50:50.155,-4.634
15:50:50.155,-4.641
15:50:50.155,-4.569
15:50:50.170,-4.34
15:50:50.170,-3.87
15:50:50.170,-3.826
15:50:50.170,-3.704
15:50:50.170,-3.687
15:50:50.170,-3.311
15:50:50.170,-3.2
15:50:50.170,-3.432
15:50:50.170,-3.241
15:50:50.170,-2.902
15:50:50.170,-3.654
15:50:50.170,-3.314
15:50:50.170,-2.351
15:50:50.170,-2.608
15:50:50.170,-2.146
15:50:50.170,-2.117
15:50:50.170,-1.83
15:50:50.170,-1.683
15:50:50.170,-1.261
15:50:50.186,-0.671
15:50:50.186,-0.439
15:50:50.186,-0.299
15:50:50.186,-0.091
15:50:50.186,-0.082
15:50:50.186,-0.07
15:50:50.186,0.0
15:50:50.186,-0.02
15:50:50.186,0.008
15:50:50.186,0.059
15:50:50.186,-0.096
15:50:50.186,-0.019
15:50:50.186,-0.01
15:50:50.186,0.212
15:50:50.186,0.429
15:50:50.186,0.515
15:50:50.186,0.833
15:50:50.186,0.94
15:50:50.186,1.202
15:50:50.186,2.146
15:50:50.186,2.895
15:50:50.202,3.15
15:50:50.202,2.677
15:50:50.202,1.748
15:50:50.202,2.349
15:50:50.202,3.737
15:50:50.202,4.395
15:50:50.202,4.552
15:50:50.202,4.639
15:50:50.202,4.324
15:50:50.202,4.153
15:50:50.202,4.178
15:50:50.202,4.439
15:50:50.202,4.308
15:50:50.202,4.484
15:50:50.202,4.682
15:50:50.202,4.562
15:50:50.202,4.564
15:50:50.202,4.131
15:50:50.202,3.862
15:50:50.202,3.645
15:50:50.202,3.648
15:50:50.202,3.793
15:50:50.202,3.902
15:50:50.202,3.861
15:50:50.202,4.103
15:50:50.218,4.171
15:50:50.218,4.19
15:50:50.218,5.009
15:50:50.218,5.652
15:50:50.218,4.257
15:50:50.218,3.736
15:50:50.218,4.268
15:50:50.218,5.785
15:50:50.218,5.568
15:50:50.218,5.407
15:50:50.218,5.601
15:50:50.218,5.769
15:50:50.218,4.761
15:50:50.218,5.009
15:50:50.218,5.048
15:50:50.218,4.77
15:50:50.218,4.416
15:50:50.218,4.287
15:50:50.234,3.954
15:50:50.234,3.901
15:50:50.234,3.901
15:50:50.234,3.985
15:50:50.234,3.571
15:50:50.234,3.173
15:50:50.234,3.292
15:50:50.234,3.663
15:50:50.234,3.061
15:50:50.234,2.938
15:50:50.234,3.468
15:50:50.234,3.693
15:50:50.234,3.029
15:50:50.234,2.437
15:50:50.234,2.369
15:50:50.234,2.479
15:50:50.234,2.006
15:50:50.234,1.734
15:50:50.234,0.91
15:50:50.234,0.572
15:50:50.234,0.644
15:50:50.234,0.35
15:50:50.234,0.329
15:50:50.234,0.101
15:50:50.234,0.138
15:50:50.250,0.081
15:50:50.250,0.105
15:50:50.250,0.15
15:50:50.250,0.181
15:50:50.250,0.099
15:50:50.250,0.009
15:50:50.250,0.108
15:50:50.250,-0.139
15:50:50.250,-0.26
15:50:50.250,-0.447
15:50:50.250,-0.805
15:50:50.250,-0.897
15:50:50.250,-1.048
15:50:50.250,-2.196
15:50:50.250,-3.251
15:50:50.250,-3.222
15:50:50.250,-2.143
15:50:50.250,-2.367
15:50:50.250,-3.298
15:50:50.250,-3.909
15:50:50.250,-4.229
15:50:50.250,-4.535
15:50:50.250,-4.484
15:50:50.250,-4.085
15:50:50.265,-4.055
15:50:50.265,-4.152
15:50:50.265,-4.359
15:50:50.265,-4.388
15:50:50.265,-4.669
15:50:50.265,-4.402
15:50:50.265,-4.249
15:50:50.265,-3.839
15:50:50.265,-3.863
15:50:50.265,-3.603
15:50:50.265,-3.522
15:50:50.265,-3.66
15:50:50.265,-3.775
15:50:50.265,-3.663
15:50:50.265,-3.904
15:50:50.265,-4.141
15:50:50.265,-4.099
15:50:50.265,-5.01
15:50:50.265,-5.576
15:50:50.265,-5.241
15:50:50.265,-3.748
15:50:50.265,-3.766
15:50:50.265,-4.471
15:50:50.282,-5.389
15:50:50.282,-5.532
15:50:50.282,-5.282
15:50:50.282,-5.432
15:50:50.282,-5.067
15:50:50.282,-5.067
15:50:50.282,-4.788
15:50:50.282,-4.694
15:50:50.282,-4.74
15:50:50.282,-4.53
15:50:50.282,-3.853
15:50:50.282,-3.952
15:50:50.282,-3.821
15:50:50.282,-3.658
15:50:50.282,-3.565
15:50:50.282,-3.369
15:50:50.282,-3.273
15:50:50.282,-3.371
15:50:50.282,-2.752
15:50:50.282,-2.942
15:50:50.282,-3.16
15:50:50.282,-3.455
15:50:50.282,-2.618
15:50:50.297,-2.076
15:50:50.297,-2.791
15:50:50.297,-2.381
15:50:50.297,-1.801
15:50:50.297,-1.786
15:50:50.297,-1.441
15:50:50.297,-0.918
15:50:50.297,-0.425
15:50:50.297,-0.39
15:50:50.297,-0.212
15:50:50.297,-0.142
15:50:50.297,-0.287
15:50:50.297,-0.135
15:50:50.297,0.035
15:50:50.297,0.063
15:50:50.297,-0.006
15:50:50.297,-0.059
15:50:50.297,-0.081
15:50:50.297,-0.016
15:50:50.297,-0.027
15:50:50.297,0.113
15:50:50.297,0.246
15:50:50.297,0.478
15:50:50.313,0.518
15:50:50.313,0.922
15:50:50.313,1.065
15:50:50.313,1.227
15:50:50.313,2.092
15:50:50.313,3.56
15:50:50.313,3.089
15:50:50.313,1.633
15:50:50.313,2.599
15:50:50.313,3.418
15:50:50.313,4.164
15:50:50.313,4.311
15:50:50.313,4.688
15:50:50.313,4.639
15:50:50.313,4.212
15:50:50.313,4.003
15:50:50.313,4.316
15:50:50.313,4.454
15:50:50.313,4.507
15:50:50.313,4.71
15:50:50.313,4.622
15:50:50.313,4.474
15:50:50.313,4.148
15:50:50.329,4.016
15:50:50.329,3.953
15:50:50.329,3.623
15:50:50.329,4.027
15:50:50.329,3.801
15:50:50.329,3.881
15:50:50.329,4.137
15:50:50.329,4.271
15:50:50.329,4.329
15:50:50.329,5.411
15:50:50.329,5.396
15:50:50.329,3.843
15:50:50.329,3.933
15:50:50.329,5.629
15:50:50.329,5.6
15:50:50.329,5.605
15:50:50.329,5.71
15:50:50.329,5.458
15:50:50.329,5.322
15:50:50.329,5.156
15:50:50.329,4.888
15:50:50.329,5.13
15:50:50.329,4.651
15:50:50.329,4.12
15:50:50.329,4.004
15:50:50.345,3.691
15:50:50.345,3.877
15:50:50.345,3.355
15:50:50.345,3.309
15:50:50.345,3.316
15:50:50.345,3.168
15:50:50.345,2.988
15:50:50.345,3.433
15:50:50.345,3.346
15:50:50.345,2.517
15:50:50.345,2.304
15:50:50.345,2.562
15:50:50.345,1.831
15:50:50.345,1.286
15:50:50.345,0.902
15:50:50.345,0.484
15:50:50.345,0.271
15:50:50.345,0.296
15:50:50.345,0.042
15:50:50.345,0.096
15:50:50.345,0.025
15:50:50.345,0.013
15:50:50.361,0.186
15:50:50.361,0.179
15:50:50.361,0.139
15:50:50.361,0.148
15:50:50.365,-0.219
15:50:50.365,-0.422
15:50:50.365,-0.749
15:50:50.365,-1.036
15:50:50.365,-1.901
15:50:50.365,-3.24
15:50:50.365,-3.48
15:50:50.365,-2.095
15:50:50.365,-1.664
15:50:50.365,-2.597
15:50:50.365,-3.592
15:50:50.365,-4.287
15:50:50.365,-4.428
15:50:50.365,-4.726
15:50:50.365,-4.188
15:50:50.376,-4.024
15:50:50.376,-4.067
15:50:50.376,-4.265
15:50:50.376,-4.347
15:50:50.376,-4.405
15:50:50.376,-4.431
15:50:50.376,-4.397
15:50:50.376,-3.859
15:50:50.376,-3.888
15:50:50.376,-3.626
15:50:50.376,-3.524
15:50:50.376,-3.518
15:50:50.376,-3.914
15:50:50.376,-3.641
15:50:50.376,-3.824
15:50:50.376,-4.12
15:50:50.376,-4.151
15:50:50.376,-4.199
15:50:50.376,-5.228
15:50:50.376,-5.365
15:50:50.376,-5.061
15:50:50.376,-3.824
15:50:50.376,-3.794
15:50:50.376,-4.421
15:50:50.392,-5.385
15:50:50.392,-5.716
15:50:50.392,-5.482
15:50:50.392,-5.647
15:50:50.392,-5.036
15:50:50.392,-5.075
15:50:50.392,-4.967
15:50:50.392,-4.718
15:50:50.392,-4.623
15:50:50.392,-4.676
15:50:50.392,-4.29
15:50:50.392,-4.026
15:50:50.392,-3.827
15:50:50.392,-3.795
15:50:50.392,-3.657
15:50:50.392,-3.474
15:50:50.392,-3.214
15:50:50.392,-3.332
15:50:50.409,-3.258
15:50:50.409,-2.92
15:50:50.409,-2.885
15:50:50.409,-3.714
15:50:50.409,-3.298
15:50:50.409,-2.495
15:50:50.409,-2.288
15:50:50.409,-2.353
15:50:50.409,-2.302
15:50:50.409,-1.963
15:50:50.409,-1.637
15:50:50.409,-1.259
15:50:50.409,-0.879
15:50:50.409,-0.562
15:50:50.423,-0.386
15:50:50.424,-0.326
15:50:50.424,-0.218
15:50:50.424,0.043
15:50:50.424,0.083
15:50:50.428,0.025
15:50:50.428,-0.03
15:50:50.428,0.013
15:50:50.428,-0.003
15:50:50.428,-0.107
15:50:50.428,-0.273
15:50:50.428,-0.052
15:50:50.428,0.061
15:50:50.428,0.084
15:50:50.428,0.641
15:50:50.428,0.328
15:50:50.428,0.51
15:50:50.428,0.941
15:50:50.439,1.0
15:50:50.440,1.06
15:50:50.440,2.652
15:50:50.440,3.484
15:50:50.440,2.979
15:50:50.440,1.939
15:50:50.440,2.126
15:50:50.440,3.002
15:50:50.440,3.908
15:50:50.440,4.504
15:50:50.440,4.804
15:50:50.440,4.69
15:50:50.450,4.042
15:50:50.451,4.066
15:50:50.451,4.241
15:50:50.451,4.46
15:50:50.451,4.482
15:50:50.451,4.59
15:50:50.456,4.598
15:50:50.456,4.397
15:50:50.458,4.053
15:50:50.458,4.075
15:50:50.458,3.717
15:50:50.458,3.644
15:50:50.458,3.819
15:50:50.458,3.907
15:50:50.458,3.842
15:50:50.458,4.118
15:50:50.458,4.07
15:50:50.458,4.213
15:50:50.468,4.273
15:50:50.468,5.032
15:50:50.468,5.785
15:50:50.468,5.157
15:50:50.471,3.829
15:50:50.471,4.17
15:50:50.471,4.854
15:50:50.471,5.664
15:50:50.471,5.556
15:50:50.471,5.696
15:50:50.471,5.735
15:50:50.471,5.178
15:50:50.471,5.014
15:50:50.471,4.947
15:50:50.471,4.868
15:50:50.471,4.873
15:50:50.471,4.796
15:50:50.471,4.623
15:50:50.471,4.133
15:50:50.471,3.888
15:50:50.484,3.976
15:50:50.484,3.708
15:50:50.484,3.65
15:50:50.484,3.294
15:50:50.487,3.32
15:50:50.487,3.449
15:50:50.490,2.879
15:50:50.490,3.101
15:50:50.490,3.614
15:50:50.490,3.626
15:50:50.490,2.636
15:50:50.490,2.208
15:50:50.490,2.277
15:50:50.490,2.197
15:50:50.490,1.657
15:50:50.490,1.633
15:50:50.490,1.311
15:50:50.490,0.787
15:50:50.490,0.679
15:50:50.490,0.328
15:50:50.490,0.327
15:50:50.490,0.083
15:50:50.490,-0.05
15:50:50.503,0.184
15:50:50.503,0.186
15:50:50.503,0.08
15:50:50.503,0.078
15:50:50.503,0.103
15:50:50.503,0.32
15:50:50.503,0.12
15:50:50.503,0.061
15:50:50.503,-0.232
15:50:50.503,-0.498
15:50:50.503,-0.663
15:50:50.503,-0.787
15:50:50.503,-0.895
15:50:50.503,-1.388
15:50:50.503,-3.467
15:50:50.503,-3.52
15:50:50.503,-1.917
15:50:50.503,-1.584
15:50:50.503,-2.794
15:50:50.503,-3.749
15:50:50.503,-4.017
15:50:50.503,-4.528
15:50:50.503,-4.811
15:50:50.503,-4.359
15:50:50.519,-4.16
15:50:50.519,-4.086
15:50:50.519,-4.183
15:50:50.519,-4.19
15:50:50.519,-4.496
15:50:50.519,-4.527
15:50:50.519,-4.536
15:50:50.519,-4.329
15:50:50.519,-3.977
15:50:50.519,-3.747
15:50:50.519,-3.655
15:50:50.519,-3.552
15:50:50.519,-3.619
15:50:50.519,-3.723
15:50:50.519,-3.928
15:50:50.519,-4.052
15:50:50.519,-4.018
15:50:50.519,-4.184
15:50:50.519,-5.16
15:50:50.519,-5.665
15:50:50.519,-4.67
15:50:50.519,-3.593
15:50:50.519,-4.143
15:50:50.535,-5.222
15:50:50.535,-5.65
15:50:50.535,-5.486
15:50:50.535,-5.403
15:50:50.535,-5.11
15:50:50.535,-4.853
15:50:50.535,-4.832
15:50:50.535,-4.83
15:50:50.535,-4.665
15:50:50.535,-4.459
15:50:50.535,-4.437
15:50:50.535,-3.92
15:50:50.535,-3.829
15:50:50.535,-3.694
15:50:50.535,-3.679
15:50:50.535,-3.577
15:50:50.535,-3.188
15:50:50.535,-3.237
15:50:50.535,-3.352
15:50:50.535,-3.217
15:50:50.535,-2.805
15:50:50.535,-3.259
15:50:50.551,-3.483
15:50:50.551,-3.346
15:50:50.551,-2.319
15:50:50.551,-2.637
15:50:50.551,-2.316
15:50:50.551,-2.162
15:50:50.551,-1.795
15:50:50.551,-1.308
15:50:50.551,-0.859
15:50:50.551,-0.416
15:50:50.551,-0.438
15:50:50.551,-0.331
15:50:50.551,-0.246
15:50:50.551,0.116
15:50:50.551,0.064
15:50:50.551,0.043
15:50:50.551,-0.008
15:50:50.551,-0.006
15:50:50.551,-0.08
15:50:50.551,-0.115
15:50:50.551,-0.096
15:50:50.551,0.001
15:50:50.551,0.185
15:50:50.567,0.505
15:50:50.567,0.168
15:50:50.567,0.751
15:50:50.567,1.107
15:50:50.567,1.032
15:50:50.567,1.718
15:50:50.567,2.647
15:50:50.567,3.283
15:50:50.567,2.956
15:50:50.567,1.913
15:50:50.567,1.871
15:50:50.567,2.854
15:50:50.575,3.526
15:50:50.575,4.286
15:50:50.575,4.675
15:50:50.575,4.755
15:50:50.575,4.439
15:50:50.575,4.06
15:50:50.575,4.08
15:50:50.575,4.216
15:50:50.575,4.376
15:50:50.575,4.614
15:50:50.575,4.685
15:50:50.583,4.577
15:50:50.583,4.309
15:50:50.583,3.884
15:50:50.583,3.616
15:50:50.583,3.824
15:50:50.583,3.956
15:50:50.583,3.825
15:50:50.583,3.85
15:50:50.583,4.082
15:50:50.583,4.085
15:50:50.583,4.215
15:50:50.583,4.682
15:50:50.583,5.466
15:50:50.583,5.355
15:50:50.583,4.813
15:50:50.583,3.948
15:50:50.583,4.262
15:50:50.583,4.931
15:50:50.583,5.74
15:50:50.583,5.695
15:50:50.583,5.609
15:50:50.583,5.342
15:50:50.599,5.423
15:50:50.599,4.967
15:50:50.599,5.026
15:50:50.599,4.727
15:50:50.599,4.715
15:50:50.599,4.651
15:50:50.599,4.381
15:50:50.599,4.055
15:50:50.599,4.019
15:50:50.599,3.871
15:50:50.599,3.64
15:50:50.599,3.649
15:50:50.599,3.372
15:50:50.599,3.373
15:50:50.599,3.098
15:50:50.599,3.205
15:50:50.599,3.533
15:50:50.599,3.751
15:50:50.614,3.041
15:50:50.614,2.41
15:50:50.614,2.176
15:50:50.614,2.281
15:50:50.614,1.985
15:50:50.614,1.557
15:50:50.614,1.392
15:50:50.614,0.736
15:50:50.614,0.562
15:50:50.614,0.6
15:50:50.614,0.474
15:50:50.614,0.11
15:50:50.614,0.322
15:50:50.614,0.086
15:50:50.614,0.191
15:50:50.614,0.054
15:50:50.614,0.029
15:50:50.614,0.046
15:50:50.614,0.222
15:50:50.614,0.163
15:50:50.614,-0.132
15:50:50.614,-0.196
15:50:50.614,-0.281
15:50:50.630,-0.61
15:50:50.630,-0.721
15:50:50.630,-1.025
15:50:50.630,-1.031
15:50:50.630,-2.442
15:50:50.630,-3.366
15:50:50.630,-2.457
15:50:50.630,-1.668
15:50:50.630,-2.519
15:50:50.630,-3.363
15:50:50.630,-3.939
15:50:50.630,-4.503
15:50:50.630,-4.737
15:50:50.630,-4.382
15:50:50.630,-3.971
15:50:50.630,-4.081
15:50:50.630,-4.293
15:50:50.630,-4.241
15:50:50.630,-4.394
15:50:50.630,-4.362
15:50:50.630,-4.446
15:50:50.630,-3.908
15:50:50.646,-3.825
15:50:50.646,-3.597
15:50:50.646,-3.522
15:50:50.646,-3.759
15:50:50.646,-3.687
15:50:50.646,-3.736
15:50:50.646,-3.934
15:50:50.646,-3.984
15:50:50.646,-4.095
15:50:50.646,-3.978
15:50:50.646,-4.528
15:50:50.646,-5.704
15:50:50.646,-4.874
15:50:50.646,-3.564
15:50:50.646,-4.077
15:50:50.646,-4.549
15:50:50.646,-5.459
15:50:50.646,-5.604
15:50:50.646,-5.433
15:50:50.646,-5.39
15:50:50.646,-5.194
15:50:50.662,-5.053
15:50:50.662,-4.958
15:50:50.662,-4.754
15:50:50.662,-4.796
15:50:50.662,-4.684
15:50:50.662,-4.075
15:50:50.662,-3.905
15:50:50.662,-3.663
15:50:50.662,-3.474
15:50:50.662,-3.415
15:50:50.662,-3.229
15:50:50.662,-3.354
15:50:50.662,-3.267
15:50:50.662,-2.888
15:50:50.662,-3.568
15:50:50.662,-3.329
15:50:50.662,-2.115
15:50:50.662,-2.63
15:50:50.675,-2.28
15:50:50.675,-1.706
15:50:50.677,-1.735
15:50:50.677,-1.14
15:50:50.677,-0.571
15:50:50.677,-0.635
15:50:50.677,-0.366
15:50:50.677,-0.339
15:50:50.677,-0.159
15:50:50.677,-0.256
15:50:50.677,-0.04
15:50:50.677,0.087
15:50:50.677,-0.066
15:50:50.677,0.016
15:50:50.677,-0.072
15:50:50.677,0.053
15:50:50.677,0.156
15:50:50.677,0.152
15:50:50.677,0.642
15:50:50.677,0.606
15:50:50.677,1.164
15:50:50.677,1.115
15:50:50.677,3.05
15:50:50.677,2.985
15:50:50.677,1.807
15:50:50.677,2.468
15:50:50.693,3.268
15:50:50.693,4.139
15:50:50.693,4.407
15:50:50.693,4.746
15:50:50.693,4.204
15:50:50.693,4.087
15:50:50.693,4.178
15:50:50.693,4.261
15:50:50.693,4.472
15:50:50.693,4.565
15:50:50.693,4.684
15:50:50.693,4.482
15:50:50.693,4.541
15:50:50.693,4.082
15:50:50.693,4.027
15:50:50.693,3.718
15:50:50.693,3.795
15:50:50.693,3.965
15:50:50.693,3.799
15:50:50.693,3.863
15:50:50.693,4.053
15:50:50.693,4.144
15:50:50.708,4.137
15:50:50.708,5.331
15:50:50.708,5.499
15:50:50.708,4.059
15:50:50.708,3.975
15:50:50.708,4.645
15:50:50.708,5.381
15:50:50.708,5.757
15:50:50.708,5.467
15:50:50.708,5.528
15:50:50.708,5.096
15:50:50.708,5.072
15:50:50.708,5.081
15:50:50.708,4.717
15:50:50.708,4.639
15:50:50.708,4.647
15:50:50.708,4.226
15:50:50.708,4.057
15:50:50.708,3.877
15:50:50.708,3.732
15:50:50.708,3.69
15:50:50.708,3.52
15:50:50.708,3.219
15:50:50.724,3.245
15:50:50.724,3.359
15:50:50.724,2.943
15:50:50.724,3.27
15:50:50.724,3.625
15:50:50.724,3.481
15:50:50.724,2.832
15:50:50.724,2.117
15:50:50.724,2.239
15:50:50.724,2.593
15:50:50.724,1.762
15:50:50.724,1.471
15:50:50.724,1.024
15:50:50.724,0.695
15:50:50.724,0.643
15:50:50.724,0.268
15:50:50.724,0.363
15:50:50.724,0.155
15:50:50.724,0.261
15:50:50.724,0.148
15:50:50.724,0.12
15:50:50.724,0.066
15:50:50.724,0.169
15:50:50.724,0.308
15:50:50.740,0.065
15:50:50.740,0.109
15:50:50.740,-0.045
15:50:50.740,-0.174
15:50:50.740,-0.364
15:50:50.740,-0.575
15:50:50.740,-0.806
15:50:50.740,-0.928
15:50:50.740,-1.783
15:50:50.740,-2.798
15:50:50.740,-3.285
15:50:50.740,-2.834
15:50:50.740,-1.783
15:50:50.740,-2.409
15:50:50.740,-3.609
15:50:50.740,-4.149
15:50:50.740,-4.536
15:50:50.740,-4.464
15:50:50.740,-4.076
15:50:50.740,-4.33
15:50:50.740,-4.123
15:50:50.740,-4.322
15:50:50.740,-4.437
15:50:50.740,-4.519
15:50:50.756,-4.403
15:50:50.756,-3.946
15:50:50.756,-3.861
15:50:50.756,-3.722
15:50:50.756,-3.665
15:50:50.756,-3.725
15:50:50.756,-3.692
15:50:50.756,-3.602
15:50:50.756,-3.926
15:50:50.756,-4.11
15:50:50.756,-4.096
15:50:50.756,-4.735
15:50:50.756,-5.471
15:50:50.756,-5.642
15:50:50.756,-4.642
15:50:50.756,-3.569
15:50:50.756,-4.047
15:50:50.756,-5.302
15:50:50.756,-5.771
15:50:50.756,-5.545
15:50:50.756,-5.433
15:50:50.756,-5.251
15:50:50.756,-5.308
15:50:50.773,-4.803
15:50:50.773,-4.8
15:50:50.773,-4.576
15:50:50.773,-4.646
15:50:50.773,-4.306
15:50:50.773,-3.935
15:50:50.773,-3.685
15:50:50.773,-3.764
15:50:50.773,-3.482
15:50:50.773,-3.505
15:50:50.782,-3.288
15:50:50.782,-3.282
15:50:50.784,-3.012
15:50:50.785,-2.841
15:50:50.785,-3.275
15:50:50.787,-3.517
15:50:50.787,-2.651
15:50:50.788,-2.325
15:50:50.788,-2.173
15:50:50.788,-2.066
15:50:50.788,-1.83
15:50:50.788,-1.588
15:50:50.788,-1.178
15:50:50.788,-0.734
15:50:50.788,-0.451
15:50:50.788,-0.237
15:50:50.788,-0.479
15:50:50.788,-0.235
15:50:50.788,0.034
15:50:50.788,-0.055
15:50:50.788,-0.115
15:50:50.798,0.036
15:50:50.798,0.065
15:50:50.798,0.052
15:50:50.798,-0.129
15:50:50.798,-0.192
15:50:50.798,-0.039
15:50:50.798,0.035
15:50:50.798,0.174
15:50:50.803,0.451
15:50:50.803,0.685
15:50:50.803,0.858
15:50:50.803,1.095
15:50:50.803,0.963
15:50:50.803,1.565
15:50:50.803,2.831
15:50:50.803,3.381
15:50:50.803,2.465
15:50:50.803,2.017
15:50:50.803,2.899
15:50:50.803,4.047
15:50:50.803,4.572
15:50:50.803,4.725
15:50:50.803,4.751
15:50:50.803,4.19
15:50:50.803,4.035
15:50:50.803,4.175
15:50:50.803,4.418
15:50:50.803,4.494
15:50:50.803,4.713
15:50:50.803,4.671
15:50:50.803,4.518
15:50:50.820,4.369
15:50:50.820,4.045
15:50:50.820,3.845
15:50:50.820,3.716
15:50:50.820,3.837
15:50:50.882,3.833
15:50:50.898,3.846
15:50:50.898,4.016
15:50:50.898,4.098
15:50:50.902,4.144
15:50:50.902,4.339
15:50:50.902,5.096
15:50:50.906,5.577
15:50:50.906,4.907
15:50:50.908,3.82
15:50:50.908,4.022
15:50:50.909,4.791
15:50:50.910,5.715
15:50:50.911,5.717
15:50:50.911,5.469
15:50:50.911,5.549
15:50:50.913,5.391
15:50:50.915,5.197
15:50:50.917,4.972
15:50:50.917,4.885
15:50:50.918,4.815
15:50:50.918,4.4
15:50:50.918,4.126
15:50:50.918,3.934
15:50:50.918,3.91
15:50:50.918,3.751
15:50:50.918,3.79
15:50:50.918,3.426
15:50:50.918,3.176
15:50:50.918,3.426
15:50:50.930,3.316
15:50:50.930,3.011
15:50:50.930,3.447
15:50:50.930,3.591
15:50:50.930,3.186
15:50:50.930,2.59
15:50:50.930,2.201
15:50:50.930,2.382
15:50:50.930,2.242
15:50:50.930,1.906
15:50:50.930,1.777
15:50:50.930,1.286
15:50:50.930,0.717
15:50:50.930,0.659
15:50:50.930,0.503
15:50:50.930,0.129
15:50:50.930,0.327
15:50:50.930,0.102
15:50:50.944,0.202
15:50:50.944,0.283
15:50:50.945,0.04
15:50:50.945,-0.014
15:50:50.945,0.115
15:50:50.945,0.166
15:50:50.945,0.145
15:50:50.951,0.196
15:50:50.951,-0.034
15:50:50.953,-0.153
15:50:50.953,-0.443
15:50:50.953,-0.641
15:50:50.953,-1.053
15:50:50.953,-1.265
15:50:50.957,-3.056
15:50:50.957,-3.252
15:50:50.957,-2.123
15:50:50.957,-1.593
15:50:50.961,-2.5
15:50:50.961,-3.528
15:50:50.961,-4.237
15:50:50.961,-4.581
15:50:50.961,-4.755
15:50:50.961,-4.276
15:50:50.961,-3.981
15:50:50.961,-4.211
15:50:50.961,-4.216
15:50:50.961,-4.227
15:50:50.961,-4.513
15:50:50.961,-4.509
15:50:50.961,-4.351
15:50:50.961,-4.149
15:50:50.961,-3.931
15:50:50.961,-3.587
15:50:50.961,-3.639
15:50:50.961,-3.602
15:50:50.961,-3.782
15:50:50.961,-3.638
15:50:50.977,-3.817
15:50:50.977,-3.861
15:50:50.977,-4.006
15:50:50.977,-4.12
15:50:50.977,-4.259
15:50:50.977,-5.033
15:50:50.977,-5.386
15:50:50.977,-3.94
15:50:50.977,-4.038
15:50:50.977,-4.643
15:50:50.985,-5.126
15:50:50.985,-5.515
15:50:50.985,-5.647
15:50:50.985,-5.441
15:50:50.985,-5.287
15:50:50.985,-5.297
15:50:50.985,-5.077
15:50:50.985,-4.681
15:50:50.985,-4.636
15:50:50.985,-4.555
15:50:50.985,-4.044
15:50:50.985,-3.866
15:50:50.993,-3.803
15:50:50.993,-3.734
15:50:50.993,-3.672
15:50:50.993,-3.416
15:50:50.993,-3.23
15:50:50.993,-3.256
15:50:50.993,-3.367
15:50:50.993,-2.867
15:50:50.993,-3.042
15:50:50.993,-3.502
15:50:50.993,-3.393
15:50:50.993,-2.157
15:50:50.993,-2.477
15:50:50.993,-2.442
15:50:50.993,-2.097
15:50:50.993,-1.663
15:50:50.993,-1.448
15:50:50.993,-0.785
15:50:50.993,-0.45
15:50:50.993,-0.422
15:50:50.993,-0.244
15:50:51.009,-0.181
15:50:51.010,-0.285
15:50:51.010,0.093
15:50:51.010,0.184
15:50:51.010,-0.047
15:50:51.010,-0.102
15:50:51.010,-0.112
15:50:51.010,-0.058
15:50:51.010,-0.032
15:50:51.010,0.331
15:50:51.010,0.186
15:50:51.010,0.566
15:50:51.010,0.912
15:50:51.010,1.014
15:50:51.010,1.073
15:50:51.010,1.997
15:50:51.010,3.319
15:50:51.010,3.385
15:50:51.010,2.278
15:50:51.010,1.665
15:50:51.010,2.571
15:50:51.010,3.479
15:50:51.010,4.175
15:50:51.025,4.414
15:50:51.025,4.872
15:50:51.025,4.517
15:50:51.025,4.138
15:50:51.025,4.74
15:50:51.025,4.462
15:50:51.025,4.123
15:50:51.025,3.984
15:50:51.025,3.772
15:50:51.025,3.726
15:50:51.025,3.793
15:50:51.025,3.866
15:50:51.025,3.88
15:50:51.025,3.926
15:50:51.025,4.148
15:50:51.025,4.135
15:50:51.025,4.74
15:50:51.025,5.418
15:50:51.025,5.496
15:50:51.025,3.825
15:50:51.025,3.937
15:50:51.025,4.676
15:50:51.025,5.404
15:50:51.041,5.883
15:50:51.041,5.4
15:50:51.041,5.527
15:50:51.041,5.242
15:50:51.041,4.769
15:50:51.041,4.905
15:50:51.041,4.877
15:50:51.041,4.963
15:50:51.041,4.679
15:50:51.041,4.312
15:50:51.041,3.897
15:50:51.041,4.184
15:50:51.041,3.911
15:50:51.041,3.55
15:50:51.041,3.551
15:50:51.041,3.49
15:50:51.041,3.314
15:50:51.041,3.379
15:50:51.041,3.183
15:50:51.041,2.881
15:50:51.041,3.07
15:50:51.041,3.546
15:50:51.041,3.522
15:50:51.057,2.723
15:50:51.057,2.198
15:50:51.057,2.321
15:50:51.057,2.257
15:50:51.057,1.961
15:50:51.057,1.742
15:50:51.057,1.343
15:50:51.057,0.816
15:50:51.057,0.63
15:50:51.057,0.409
15:50:51.057,0.298
15:50:51.057,0.286
15:50:51.057,0.408
15:50:51.057,0.248
15:50:51.057,-0.002
15:50:51.057,0.054
15:50:51.057,0.061
15:50:51.057,0.105
15:50:51.057,0.313
15:50:51.057,0.117
15:50:51.057,0.03
15:50:51.073,-0.034
15:50:51.073,-0.219
15:50:51.073,-0.513
15:50:51.073,-0.735
15:50:51.073,-0.867
15:50:51.073,-1.014
15:50:51.073,-1.629
15:50:51.073,-2.842
15:50:51.073,-3.453
15:50:51.073,-2.859
15:50:51.073,-1.693
15:50:51.073,-2.376
15:50:51.073,-3.706
15:50:51.073,-4.152
15:50:51.073,-4.348
15:50:51.073,-4.678
15:50:51.073,-4.138
15:50:51.073,-3.937
15:50:51.073,-4.323
15:50:51.073,-4.463
15:50:51.073,-4.504
15:50:51.073,-4.469
15:50:51.073,-4.229
15:50:51.089,-4.007
15:50:51.089,-3.878
15:50:51.089,-3.577
15:50:51.089,-3.516
15:50:51.089,-3.886
15:50:51.089,-3.682
15:50:51.089,-3.721
15:50:51.089,-4.045
15:50:51.089,-4.095
15:50:51.089,-4.327
15:50:51.089,-5.542
15:50:51.089,-5.047
15:50:51.089,-3.653
15:50:51.089,-4.523
15:50:51.089,-5.386
15:50:51.089,-5.663
15:50:51.089,-5.488
15:50:51.089,-5.421
15:50:51.089,-5.15
15:50:51.089,-5.151
15:50:51.089,-4.77
15:50:51.089,-4.935
15:50:51.089,-4.674
15:50:51.105,-4.784
15:50:51.106,-4.554
15:50:51.107,-4.005
15:50:51.107,-3.833
15:50:51.107,-3.734
15:50:51.107,-3.731
15:50:51.107,-3.277
15:50:51.107,-3.304
15:50:51.107,-3.385
15:50:51.107,-3.175
15:50:51.107,-2.895
15:50:51.107,-3.312
15:50:51.107,-3.513
15:50:51.107,-2.349
15:50:51.107,-2.36
15:50:51.107,-2.266
15:50:51.107,-2.14
15:50:51.107,-1.846
15:50:51.107,-1.647
15:50:51.107,-1.026
15:50:51.107,-0.675
15:50:51.121,-0.418
15:50:51.121,-0.353
15:50:51.121,-0.114
15:50:51.121,0.148
15:50:51.121,-0.184
15:50:51.121,0.051
15:50:51.121,0.079
15:50:51.121,0.086
15:50:51.121,0.296
15:50:51.121,-0.099
15:50:51.121,-0.14
15:50:51.121,0.062
15:50:51.121,-0.026
15:50:51.121,0.111
15:50:51.121,0.133
15:50:51.121,0.375
15:50:51.137,0.958
15:50:51.137,1.068
15:50:51.137,1.164
15:50:51.137,1.711
15:50:51.137,3.429
15:50:51.137,3.561
15:50:51.137,2.145
15:50:51.137,1.835
15:50:51.137,2.406
15:50:51.137,3.801
15:50:51.137,4.354
15:50:51.137,4.423
15:50:51.137,4.856
15:50:51.137,4.515
15:50:51.137,4.028
15:50:51.137,3.932
15:50:51.137,4.234
15:50:51.137,4.489
15:50:51.137,4.689
15:50:51.137,4.668
15:50:51.137,4.624
15:50:51.152,4.627
15:50:51.152,4.165
15:50:51.152,3.958
15:50:51.152,3.798
15:50:51.152,3.671
15:50:51.152,3.737
15:50:51.152,3.925
15:50:51.152,3.841
15:50:51.152,4.03
15:50:51.152,4.026
15:50:51.152,4.203
15:50:51.152,4.271
15:50:51.152,4.964
15:50:51.152,5.328
15:50:51.152,5.47
15:50:51.152,4.169
15:50:51.152,3.844
15:50:51.152,4.814
15:50:51.152,5.269
15:50:51.168,5.696
15:50:51.168,5.479
15:50:51.168,5.751
15:50:51.168,5.343
15:50:51.168,5.149
15:50:51.168,4.922
15:50:51.168,4.857
15:50:51.168,4.89
15:50:51.168,4.768
15:50:51.168,4.366
15:50:51.168,4.011
15:50:51.168,3.79
15:50:51.168,3.845
15:50:51.168,3.619
15:50:51.168,3.556
15:50:51.168,3.348
15:50:51.168,3.343
15:50:51.168,3.551
15:50:51.168,3.2
15:50:51.168,2.985
15:50:51.168,3.38
15:50:51.184,3.71
15:50:51.184,2.827
15:50:51.184,2.185
15:50:51.184,2.218
15:50:51.184,2.273
15:50:51.184,1.863
15:50:51.184,1.612
15:50:51.184,0.826
15:50:51.184,0.46
15:50:51.184,0.472
15:50:51.184,0.229
15:50:51.184,0.075
15:50:51.184,0.239
15:50:51.184,0.244
15:50:51.184,0.22
15:50:51.184,0.311
15:50:51.184,0.233
15:50:51.184,0.142
15:50:51.184,0.123
15:50:51.184,0.191
15:50:51.184,0.055
15:50:51.184,-0.264
15:50:51.184,-0.601
15:50:51.199,-0.9
15:50:51.199,-0.81
15:50:51.199,-0.956
15:50:51.199,-2.475
15:50:51.199,-3.279
15:50:51.199,-2.631
15:50:51.199,-1.54
15:50:51.199,-2.759
15:50:51.199,-3.925
15:50:51.199,-4.191
15:50:51.199,-4.553
15:50:51.199,-4.297
15:50:51.199,-3.879
15:50:51.199,-4.216
15:50:51.199,-4.314
15:50:51.199,-4.519
15:50:51.199,-4.59
15:50:51.199,-4.436
15:50:51.215,-4.08
15:50:51.215,-3.817
15:50:51.215,-3.68
15:50:51.215,-3.632
15:50:51.215,-3.658
15:50:51.215,-3.678
15:50:51.215,-3.714
15:50:51.215,-3.816
15:50:51.215,-3.863
15:50:51.215,-4.139
15:50:51.215,-4.404
15:50:51.215,-5.237
15:50:51.215,-5.471
15:50:51.215,-4.283
15:50:51.215,-3.891
15:50:51.215,-4.285
15:50:51.215,-5.159
15:50:51.215,-5.678
15:50:51.215,-5.505
15:50:51.215,-5.475
15:50:51.215,-5.224
15:50:51.215,-5.053
15:50:51.215,-4.817
15:50:51.231,-4.786
15:50:51.231,-4.761
15:50:51.231,-4.537
15:50:51.231,-4.201
15:50:51.231,-3.822
15:50:51.231,-3.827
15:50:51.231,-3.815
15:50:51.231,-3.653
15:50:51.231,-3.461
15:50:51.231,-3.084
15:50:51.231,-3.469
15:50:51.231,-2.898
15:50:51.231,-2.901
15:50:51.231,-3.442
15:50:51.231,-3.31
15:50:51.231,-2.672
15:50:51.231,-2.14
15:50:51.231,-2.367
15:50:51.231,-2.314
15:50:51.231,-1.811
15:50:51.231,-1.671
15:50:51.231,-1.345
15:50:51.247,-0.905
15:50:51.247,-0.512
15:50:51.247,-0.411
15:50:51.247,-0.191
15:50:51.247,-0.236
15:50:51.247,0.089
15:50:51.247,0.063
15:50:51.247,-0.212
15:50:51.247,-0.035
15:50:51.247,0.006
15:50:51.247,-0.084
15:50:51.247,-0.053
15:50:51.247,-0.14
15:50:51.247,-0.101
15:50:51.247,-0.003
15:50:51.247,0.46
15:50:51.247,0.461
15:50:51.247,0.693
15:50:51.247,0.993
15:50:51.247,1.054
15:50:51.247,1.029
15:50:51.247,2.347
15:50:51.262,3.595
15:50:51.262,3.26
15:50:51.262,2.468
15:50:51.262,2.478
15:50:51.262,3.272
15:50:51.262,4.028
15:50:51.262,4.558
15:50:51.262,4.667
15:50:51.262,4.489
15:50:51.262,4.244
15:50:51.262,4.059
15:50:51.262,4.231
15:50:51.262,4.409
15:50:51.262,4.411
15:50:51.262,4.655
15:50:51.262,4.611
15:50:51.262,4.549
15:50:51.262,4.386
15:50:51.262,4.059
15:50:51.262,3.938
15:50:51.262,3.693
15:50:51.262,3.743
15:50:51.262,3.843
15:50:51.278,3.886
15:50:51.278,3.929
15:50:51.278,4.075
15:50:51.278,4.019
15:50:51.278,4.306
15:50:51.278,4.515
15:50:51.278,5.323
15:50:51.278,5.773
15:50:51.278,4.557
15:50:51.278,3.802
15:50:51.278,4.552
15:50:51.278,5.285
15:50:51.278,5.616
15:50:51.278,5.691
15:50:51.278,5.627
15:50:51.278,5.556
15:50:51.278,5.34
15:50:51.278,5.172
15:50:51.278,4.905
15:50:51.278,4.9
15:50:51.278,4.89
15:50:51.278,4.792
15:50:51.294,3.964
15:50:51.294,3.958
15:50:51.294,3.984
15:50:51.294,3.777
15:50:51.294,3.688
15:50:51.294,3.404
15:50:51.294,3.344
15:50:51.294,3.485
15:50:51.294,3.429
15:50:51.294,3.062
15:50:51.294,3.033
15:50:51.294,3.47
15:50:51.294,3.642
15:50:51.294,2.987
15:50:51.294,2.354
15:50:51.294,2.234
15:50:51.294,2.25
15:50:51.294,1.956
15:50:51.294,1.675
15:50:51.294,1.369
15:50:51.294,0.778
15:50:51.294,0.636
15:50:51.294,0.633
15:50:51.310,0.266
15:50:51.310,0.346
15:50:51.310,0.049
15:50:51.310,0.128
15:50:51.310,0.116
15:50:51.310,0.112
15:50:51.310,0.168
15:50:51.310,0.147
15:50:51.310,0.163
15:50:51.310,0.151
15:50:51.310,0.048
15:50:51.310,-0.125
15:50:51.310,-0.203
15:50:51.310,-0.36
15:50:51.310,-0.641
15:50:51.310,-0.983
15:50:51.310,-1.006
15:50:51.310,-2.089
15:50:51.310,-3.121
15:50:51.310,-3.292
15:50:51.310,-2.204
15:50:51.310,-1.78
15:50:51.310,-2.513
15:50:51.326,-3.483
15:50:51.326,-4.127
15:50:51.326,-4.358
15:50:51.326,-4.664
15:50:51.326,-4.095
15:50:51.326,-4.002
15:50:51.326,-4.15
15:50:51.326,-4.282
15:50:51.326,-4.287
15:50:51.326,-4.57
15:50:51.326,-4.49
15:50:51.326,-4.52
15:50:51.326,-3.968
15:50:51.326,-3.776
15:50:51.326,-3.757
15:50:51.326,-3.461
15:50:51.326,-3.648
15:50:51.326,-3.751
15:50:51.326,-3.828
15:50:51.326,-3.891
15:50:51.342,-4.095
15:50:51.342,-4.271
15:50:51.342,-4.573
15:50:51.342,-5.329
15:50:51.342,-5.453
15:50:51.342,-5.043
15:50:51.342,-3.462
15:50:51.342,-4.356
15:50:51.342,-4.728
15:50:51.342,-5.465
15:50:51.342,-5.581
15:50:51.342,-5.459
15:50:51.342,-5.469
15:50:51.342,-5.237
15:50:51.342,-5.173
15:50:51.342,-4.945
15:50:51.342,-4.852
15:50:51.342,-4.545
15:50:51.342,-4.716
15:50:51.342,-4.139
15:50:51.342,-4.03
15:50:51.358,-3.79
15:50:51.358,-3.697
15:50:51.358,-3.596
15:50:51.358,-3.441
15:50:51.358,-3.254
15:50:51.358,-3.363
15:50:51.358,-3.214
15:50:51.364,-2.815
15:50:51.364,-3.072
15:50:51.364,-3.509
15:50:51.364,-2.837
15:50:51.364,-2.673
15:50:51.364,-2.351
15:50:51.364,-2.257
15:50:51.364,-1.913
15:50:51.364,-1.661
15:50:51.364,-1.381
15:50:51.364,-0.757
15:50:51.374,-0.375
15:50:51.374,-0.382
15:50:51.374,-0.302
15:50:51.374,0.11
15:50:51.374,-0.004
15:50:51.374,-0.088
15:50:51.374,-0.096
15:50:51.374,0.044
15:50:51.374,0.142
15:50:51.374,0.044
15:50:51.374,-0.091
15:50:51.374,-0.065
15:50:51.374,0.097
15:50:51.374,0.108
15:50:51.374,0.257
15:50:51.374,0.444
15:50:51.386,0.597
15:50:51.386,0.944
15:50:51.386,1.141
15:50:51.386,1.376
15:50:51.386,2.59
15:50:51.390,3.27
15:50:51.390,2.938
15:50:51.390,1.7
15:50:51.390,2.071
15:50:51.390,3.21
15:50:51.390,3.777
15:50:51.390,4.275
15:50:51.390,4.51
15:50:51.390,4.67
15:50:51.390,4.119
15:50:51.390,4.002
15:50:51.390,4.406
15:50:51.390,4.341
15:50:51.390,4.384
15:50:51.390,4.653
15:50:51.390,4.748
15:50:51.390,4.576
15:50:51.390,4.295
15:50:51.390,4.031
15:50:51.390,3.793
15:50:51.390,3.775
15:50:51.390,3.583
15:50:51.390,3.879
15:50:51.390,3.843
15:50:51.406,3.994
15:50:51.406,4.155
15:50:51.406,4.085
15:50:51.406,4.235
15:50:51.406,4.327
15:50:51.406,5.5
15:50:51.406,5.567
15:50:51.406,4.704
15:50:51.406,3.697
15:50:51.406,4.438
15:50:51.406,5.291
15:50:51.406,5.595
15:50:51.406,5.494
15:50:51.406,5.611
15:50:51.406,5.291
15:50:51.406,5.278
15:50:51.406,4.928
15:50:51.421,4.91
15:50:51.421,4.816
15:50:51.424,4.836
15:50:51.424,4.459
15:50:51.424,4.253
15:50:51.426,4.176
15:50:51.426,3.898
15:50:51.426,3.926
15:50:51.426,3.706
15:50:51.426,3.52
15:50:51.426,3.338
15:50:51.426,3.43
15:50:51.426,3.294
15:50:51.426,3.007
15:50:51.426,3.322
15:50:51.435,3.652
15:50:51.435,3.076
15:50:51.437,2.342
15:50:51.439,2.258
15:50:51.439,2.149
15:50:51.440,2.055
15:50:51.440,1.257
15:50:51.440,1.501
15:50:51.440,0.92
15:50:51.440,0.515
15:50:51.440,0.482
15:50:51.440,0.32
15:50:51.440,0.236
15:50:51.440,-0.071
15:50:51.440,0.153
15:50:51.440,0.111
15:50:51.440,0.257
15:50:51.440,-0.206
15:50:51.440,0.32
15:50:51.453,0.105
15:50:51.453,-0.035
15:50:51.453,-0.255
15:50:51.453,-0.291
15:50:51.453,-0.719
15:50:51.459,-0.744
15:50:51.459,-0.845
15:50:51.459,-1.621
15:50:51.459,-2.829
15:50:51.459,-3.461
15:50:51.459,-3.012
15:50:51.459,-1.786
15:50:51.459,-2.123
15:50:51.459,-3.211
15:50:51.459,-3.985
15:50:51.459,-4.286
15:50:51.459,-4.567
15:50:51.469,-4.498
15:50:51.469,-4.199
15:50:51.469,-4.069
15:50:51.469,-4.136
15:50:51.469,-4.273
15:50:51.469,-4.392
15:50:51.469,-4.608
15:50:51.469,-4.408
15:50:51.469,-4.225
15:50:51.469,-3.858
15:50:51.469,-3.835
15:50:51.469,-3.556
15:50:51.469,-3.678
15:50:51.469,-3.712
15:50:51.479,-3.496
15:50:51.479,-3.919
15:50:51.479,-4.02
15:50:51.479,-3.835
15:50:51.479,-4.264
15:50:51.479,-5.108
15:50:51.484,-5.535
15:50:51.484,-5.016
15:50:51.484,-3.661
15:50:51.484,-4.194
15:50:51.484,-4.606
15:50:51.484,-5.321
15:50:51.484,-5.588
15:50:51.484,-5.652
15:50:51.484,-5.32
15:50:51.484,-5.025
15:50:51.484,-5.17
15:50:51.484,-4.917
15:50:51.484,-4.758
15:50:51.484,-4.77
15:50:51.484,-4.585
15:50:51.484,-4.097
15:50:51.484,-3.779
15:50:51.484,-3.816
15:50:51.484,-3.756
15:50:51.484,-3.521
15:50:51.484,-3.568
15:50:51.484,-3.293
15:50:51.500,-3.305
15:50:51.500,-3.281
15:50:51.500,-2.871
15:50:51.500,-3.183
15:50:51.500,-3.599
15:50:51.500,-2.748
15:50:51.500,-2.3
15:50:51.517,-2.35
15:50:51.517,-1.806
15:50:51.517,-1.583
15:50:51.517,-0.785
15:50:51.517,-0.446
15:50:51.517,-0.384
15:50:51.517,-0.236
15:50:51.517,-0.144
15:50:51.517,-0.321
15:50:51.517,-0.041
15:50:51.517,0.129
15:50:51.517,0.061
15:50:51.517,-0.067
15:50:51.517,-0.018
15:50:51.517,-0.04
15:50:51.517,0.095
15:50:51.517,0.174
15:50:51.517,0.348
15:50:51.517,0.551
15:50:51.517,0.748
15:50:51.517,1.103
15:50:51.532,1.429
15:50:51.532,3.461
15:50:51.532,3.151
15:50:51.532,1.997
15:50:51.532,1.983
15:50:51.532,2.841
15:50:51.532,3.593
15:50:51.532,4.45
15:50:51.532,4.576
15:50:51.532,4.686
15:50:51.532,4.427
15:50:51.532,4.081
15:50:51.532,4.314
15:50:51.532,4.366
15:50:51.532,4.53
15:50:51.532,4.858
15:50:51.532,4.407
15:50:51.532,4.365
15:50:51.532,4.162
15:50:51.532,3.856
15:50:51.532,3.771
15:50:51.532,3.764
15:50:51.532,3.841
15:50:51.532,3.737
15:50:51.548,3.649
15:50:51.548,4.023
15:50:51.548,4.059
15:50:51.548,4.135
15:50:51.548,4.147
15:50:51.548,5.253
15:50:51.548,5.61
15:50:51.548,4.793
15:50:51.548,3.719
15:50:51.548,4.147
15:50:51.548,4.973
15:50:51.548,5.634
15:50:51.548,5.599
15:50:51.548,5.62
15:50:51.548,5.485
15:50:51.548,5.377
15:50:51.548,5.111
15:50:51.548,4.721
15:50:51.548,4.829
15:50:51.548,4.929
15:50:51.548,4.635
15:50:51.548,4.294
15:50:51.564,3.901
15:50:51.564,3.806
15:50:51.564,3.876
15:50:51.564,3.736
15:50:51.564,3.532
15:50:51.564,3.352
15:50:51.564,3.463
15:50:51.564,3.423
15:50:51.564,2.905
15:50:51.564,3.121
15:50:51.564,3.528
15:50:51.564,3.303
15:50:51.564,2.804
15:50:51.564,2.174
15:50:51.564,2.245
15:50:51.564,2.282
15:50:51.564,1.914
15:50:51.564,1.731
15:50:51.564,1.0
15:50:51.564,0.694
15:50:51.564,0.424
15:50:51.564,0.486
15:50:51.564,0.293
15:50:51.580,0.407
15:50:51.580,0.207
15:50:51.580,0.143
15:50:51.580,0.083
15:50:51.580,0.119
15:50:51.580,0.049
15:50:51.580,0.106
15:50:51.580,0.122
15:50:51.580,0.16
15:50:51.580,0.017
15:50:51.580,-0.265
15:50:51.580,-0.466
15:50:51.580,-0.933
15:50:51.580,-0.938
15:50:51.580,-1.66
15:50:51.580,-3.095
15:50:51.580,-3.435
15:50:51.580,-2.437
15:50:51.580,-1.481
15:50:51.580,-2.722
15:50:51.580,-3.349
15:50:51.596,-3.813
15:50:51.596,-4.341
15:50:51.596,-4.705
15:50:51.596,-4.39
15:50:51.596,-3.971
15:50:51.596,-4.167
15:50:51.596,-4.204
15:50:51.596,-4.348
15:50:51.596,-4.538
15:50:51.596,-4.554
15:50:51.596,-4.439
15:50:51.690,-4.226
15:50:51.694,-4.012
15:50:51.694,-3.851
15:50:51.694,-3.579
15:50:51.694,-3.594
15:50:51.694,-3.757
15:50:51.694,-3.858
15:50:51.694,-3.737
15:50:51.694,-3.872
15:50:51.694,-3.915
15:50:51.694,-4.041
15:50:51.694,-4.342
15:50:51.694,-5.277
15:50:51.694,-5.226
15:50:51.694,-3.741
15:50:51.694,-4.024
15:50:51.694,-4.492
15:50:51.694,-5.518
15:50:51.694,-5.576
15:50:51.707,-5.603
15:50:51.707,-5.091
15:50:51.707,-5.11
15:50:51.707,-4.927
15:50:51.707,-4.895
15:50:51.707,-4.717
15:50:51.707,-4.626
15:50:51.707,-4.523
15:50:51.707,-3.966
15:50:51.707,-3.97
15:50:51.707,-3.773
15:50:51.707,-3.642
15:50:51.707,-3.477
15:50:51.707,-3.385
15:50:51.707,-3.128
15:50:51.707,-3.366
15:50:51.707,-3.041
15:50:51.707,-2.721
15:50:51.707,-3.193
15:50:51.707,-3.531
15:50:51.707,-3.523
15:50:51.707,-2.479
15:50:51.707,-2.27
15:50:51.723,-2.185
15:50:51.723,-2.207
15:50:51.723,-1.6
15:50:51.723,-1.311
15:50:51.723,-0.778
15:50:51.723,-0.398
15:50:51.723,-0.349
15:50:51.723,-0.207
15:50:51.723,0.006
15:50:51.723,0.168
15:50:51.723,-0.074
15:50:51.723,0.12
15:50:51.723,0.016
15:50:51.723,-0.017
15:50:51.723,-0.056
15:50:51.723,-0.074
15:50:51.723,-0.033
15:50:51.723,0.084
15:50:51.723,0.167
15:50:51.723,0.417
15:50:51.723,0.541
15:50:51.723,0.743
15:50:51.723,0.968
15:50:51.738,1.108
15:50:51.738,2.453
15:50:51.738,3.482
15:50:51.738,2.731
15:50:51.738,1.993
15:50:51.738,3.184
15:50:51.738,3.85
15:50:51.738,4.456
15:50:51.738,4.632
15:50:51.738,4.804
15:50:51.738,4.183
15:50:51.738,4.07
15:50:51.738,4.141
15:50:51.738,4.458
15:50:51.738,4.497
15:50:51.738,4.665
15:50:51.738,4.536
15:50:51.738,4.552
15:50:51.738,4.114
15:50:51.738,3.851
15:50:51.738,3.729
15:50:51.738,3.687
15:50:51.738,3.827
15:50:51.754,3.982
15:50:51.754,3.977
15:50:51.754,4.011
15:50:51.754,4.094
15:50:51.754,4.115
15:50:51.754,4.195
15:50:51.754,4.538
15:50:51.754,5.201
15:50:51.754,5.731
15:50:51.754,4.601
15:50:51.754,3.783
15:50:51.754,4.386
15:50:51.754,5.034
15:50:51.754,5.502
15:50:51.754,5.602
15:50:51.754,5.585
15:50:51.754,5.452
15:50:51.754,5.338
15:50:51.754,5.248
15:50:51.754,4.83
15:50:51.754,4.616
15:50:51.754,4.995
15:50:51.770,4.895
15:50:51.770,4.415
15:50:51.770,3.969
15:50:51.770,4.074
15:50:51.770,3.895
15:50:51.770,3.736
15:50:51.770,3.615
15:50:51.770,3.631
15:50:51.770,3.348
15:50:51.770,3.345
15:50:51.770,3.349
15:50:51.770,3.17
15:50:51.770,3.333
15:50:51.770,3.676
15:50:51.770,3.185
15:50:51.770,2.533
15:50:51.770,2.215
15:50:51.770,2.422
15:50:51.770,2.29
15:50:51.770,2.055
15:50:51.770,1.681
15:50:51.770,1.121
15:50:51.786,0.636
15:50:51.786,0.425
15:50:51.786,0.318
15:50:51.786,0.338
15:50:51.786,0.373
15:50:51.786,0.067
15:50:51.786,0.028
15:50:51.786,0.095
15:50:51.786,0.077
15:50:51.786,0.167
15:50:51.786,0.25
15:50:51.786,-0.016
15:50:51.786,0.061
15:50:51.786,-0.103
15:50:51.786,-0.175
15:50:51.786,-0.391
15:50:51.786,-0.733
15:50:51.786,-0.873
15:50:51.786,-1.28
15:50:51.786,-2.303
15:50:51.786,-3.296
15:50:51.786,-3.372
15:50:51.803,-1.818
15:50:51.803,-1.392
15:50:51.803,-2.516
15:50:51.803,-3.557
15:50:51.803,-4.222
15:50:51.803,-4.705
15:50:51.803,-4.609
15:50:51.803,-4.0
15:50:51.803,-4.064
15:50:51.803,-4.371
15:50:51.803,-4.543
15:50:51.803,-4.423
15:50:51.803,-4.342
15:50:51.803,-4.11
15:50:51.803,-4.039
15:50:51.803,-3.8
15:50:51.803,-3.665
15:50:51.803,-3.538
15:50:51.818,-3.637
15:50:51.818,-3.656
15:50:51.820,-3.893
15:50:51.820,-3.884
15:50:51.820,-4.046
15:50:51.820,-4.305
15:50:51.820,-4.814
15:50:51.820,-5.564
15:50:51.820,-3.994
15:50:51.820,-3.693
15:50:51.820,-4.582
15:50:51.820,-5.243
15:50:51.820,-5.416
15:50:51.820,-5.647
15:50:51.820,-5.573
15:50:51.820,-5.383
15:50:51.820,-5.133
15:50:51.820,-4.814
15:50:51.820,-4.945
15:50:51.820,-4.737
15:50:51.820,-4.73
15:50:51.820,-4.553
15:50:51.820,-4.034
15:50:51.834,-3.964
15:50:51.834,-3.762
15:50:51.834,-3.785
15:50:51.834,-3.655
15:50:51.834,-3.293
15:50:51.834,-3.253
15:50:51.834,-3.456
15:50:51.834,-3.211
15:50:51.834,-2.824
15:50:51.834,-3.343
15:50:51.834,-3.618
15:50:51.834,-2.604
15:50:51.834,-2.626
15:50:51.834,-2.327
15:50:51.834,-2.328
15:50:51.834,-2.187
15:50:51.834,-1.737
15:50:51.834,-1.374
15:50:51.834,-1.018
15:50:51.834,-0.612
15:50:51.834,-0.369
15:50:51.834,-0.108
15:50:51.849,-0.261
15:50:51.849,-0.074
15:50:51.849,0.101
15:50:51.849,-0.063
15:50:51.849,0.019
15:50:51.849,-0.108
15:50:51.849,-0.027
15:50:51.849,-0.09
15:50:51.849,-0.058
15:50:51.849,0.071
15:50:51.849,0.162
15:50:51.849,0.317
15:50:51.849,0.424
15:50:51.849,0.835
15:50:51.849,0.954
15:50:51.849,0.987
15:50:51.849,1.801
15:50:51.849,3.509
15:50:51.849,3.213
15:50:51.849,1.803
15:50:51.849,1.564
15:50:51.866,2.925
15:50:51.866,4.156
15:50:51.866,4.344
15:50:51.866,4.683
15:50:51.866,4.484
15:50:51.866,4.07
15:50:51.866,4.28
15:50:51.866,4.111
15:50:51.866,4.408
15:50:51.866,4.578
15:50:51.866,4.707
15:50:51.866,4.644
15:50:51.866,4.388
15:50:51.866,4.035
15:50:51.866,4.021
15:50:51.866,3.788
15:50:51.866,3.707
15:50:51.866,3.926
15:50:51.866,4.041
15:50:51.866,3.968
15:50:51.866,4.085
15:50:51.866,4.312
15:50:51.866,5.35
15:50:51.866,5.763
15:50:51.882,5.17
15:50:51.882,3.823
15:50:51.882,4.061
15:50:51.882,4.9
15:50:51.882,5.473
15:50:51.882,5.759
15:50:51.882,5.524
15:50:51.882,5.722
15:50:51.882,5.154
15:50:51.882,4.87
15:50:51.882,4.707
15:50:51.882,5.046
15:50:51.882,4.716
15:50:51.882,4.307
15:50:51.882,4.176
15:50:51.882,3.968
15:50:51.882,3.641
15:50:51.882,3.645
15:50:51.882,3.267
15:50:51.882,3.39
15:50:51.882,3.2
15:50:51.882,3.052
15:50:51.897,3.573
15:50:51.897,3.56
15:50:51.897,3.044
15:50:51.897,2.415
15:50:51.897,2.297
15:50:51.897,2.083
15:50:51.897,1.852
15:50:51.897,1.564
15:50:51.897,1.105
15:50:51.897,0.577
15:50:51.907,0.555
15:50:51.907,0.482
15:50:51.907,0.338
15:50:51.907,0.195
15:50:51.907,0.06
15:50:51.907,0.105
15:50:51.907,0.251
15:50:51.913,0.057
15:50:51.913,0.288
15:50:51.913,0.187
15:50:51.913,0.26
15:50:51.913,0.126
15:50:51.918,0.127
15:50:51.918,-0.159
15:50:51.918,-0.268
15:50:51.918,-0.419
15:50:51.918,-0.5
15:50:51.918,-0.825
15:50:51.918,-1.027
15:50:51.918,-1.298
15:50:51.918,-2.357
15:50:51.918,-3.249
15:50:51.918,-3.129
15:50:51.918,-1.767
15:50:51.918,-1.729
15:50:51.929,-3.275
15:50:51.929,-3.747
15:50:51.929,-4.171
15:50:51.929,-4.579
15:50:51.929,-4.668
15:50:51.929,-4.003
15:50:51.929,-4.058
15:50:51.929,-4.236
15:50:51.929,-4.348
15:50:51.929,-4.422
15:50:51.929,-4.581
15:50:51.929,-4.504
15:50:51.929,-4.26
15:50:51.939,-3.893
15:50:51.939,-3.77
15:50:51.939,-3.583
15:50:51.939,-3.472
15:50:51.939,-3.838
15:50:51.946,-3.606
15:50:51.946,-3.983
15:50:51.946,-4.05
15:50:51.946,-3.989
15:50:51.946,-4.441
15:50:51.946,-5.276
15:50:51.946,-5.478
15:50:51.946,-4.908
15:50:51.946,-3.845
15:50:51.946,-4.053
15:50:51.946,-5.106
15:50:51.946,-5.428
15:50:51.946,-5.54
15:50:51.946,-5.646
15:50:51.946,-5.272
15:50:51.946,-4.966
15:50:51.946,-5.074
15:50:51.946,-4.857
15:50:51.946,-4.624
15:50:51.961,-4.56
15:50:51.961,-4.06
15:50:51.961,-3.966
15:50:51.961,-3.695
15:50:51.961,-3.608
15:50:51.961,-3.657
15:50:51.961,-3.415
15:50:51.961,-3.134
15:50:51.961,-3.291
15:50:51.961,-3.255
15:50:51.961,-2.811
15:50:51.961,-2.966
15:50:51.961,-3.601
15:50:51.961,-3.139
15:50:51.961,-2.397
15:50:51.961,-2.582
15:50:51.961,-2.31
15:50:51.961,-2.089
15:50:51.961,-1.634
15:50:51.961,-1.593
15:50:51.961,-1.25
15:50:51.961,-0.741
15:50:51.977,-0.326
15:50:51.977,-0.441
15:50:51.977,-0.37
15:50:51.977,0.026
15:50:51.977,0.019
15:50:51.977,0.133
15:50:51.977,-0.247
15:50:51.977,0.047
15:50:51.977,0.035
15:50:51.977,-0.132
15:50:51.977,0.056
15:50:51.977,0.036
15:50:51.977,0.126
15:50:51.977,0.339
15:50:51.977,0.613
15:50:51.977,0.791
15:50:51.977,0.942
15:50:51.977,1.001
15:50:51.977,1.77
15:50:51.977,3.309
15:50:51.977,3.284
15:50:51.977,1.949
15:50:51.993,2.118
15:50:51.993,3.113
15:50:51.993,3.845
15:50:51.993,4.418
15:50:51.993,4.7
15:50:51.993,4.718
15:50:51.993,4.376
15:50:51.993,4.193
15:50:51.993,4.202
15:50:51.993,4.345
15:50:52.001,4.351
15:50:52.001,4.666
15:50:52.001,4.596
15:50:52.001,4.49
15:50:52.001,4.136
15:50:52.001,4.019
15:50:52.001,3.922
15:50:52.001,3.65
15:50:52.001,3.722
15:50:52.001,3.95
15:50:52.001,3.675
15:50:52.009,3.782
15:50:52.009,4.164
15:50:52.009,4.136
15:50:52.009,4.129
15:50:52.009,4.951
15:50:52.009,5.504
15:50:52.009,5.49
15:50:52.009,4.285
15:50:52.009,4.072
15:50:52.009,4.414
15:50:52.009,5.306
15:50:52.009,5.643
15:50:52.009,5.622
15:50:52.009,5.697
15:50:52.009,5.469
15:50:52.009,5.196
15:50:52.009,5.466
15:50:52.009,4.806
15:50:52.009,4.858
15:50:52.009,4.622
15:50:52.025,4.095
15:50:52.025,4.062
15:50:52.026,3.838
15:50:52.026,3.684
15:50:52.026,3.523
15:50:52.026,3.461
15:50:52.026,3.471
15:50:52.026,3.188
15:50:52.026,2.949
15:50:52.026,3.241
15:50:52.026,3.596
15:50:52.026,3.207
15:50:52.026,2.457
15:50:52.026,2.232
15:50:52.026,2.537
15:50:52.026,2.178
15:50:52.026,1.829
15:50:52.026,1.307
15:50:52.026,0.962
15:50:52.026,0.729
15:50:52.026,0.56
15:50:52.026,0.374
15:50:52.041,0.458
15:50:52.041,-0.053
15:50:52.041,0.083
15:50:52.041,0.096
15:50:52.041,0.0
15:50:52.041,0.013
15:50:52.041,0.02
15:50:52.041,0.157
15:50:52.041,0.109
15:50:52.041,0.156
15:50:52.041,0.096
15:50:52.041,-0.181
15:50:52.041,-0.109
15:50:52.041,-0.247
15:50:52.041,-0.866
15:50:52.041,-0.984
15:50:52.041,-1.577
15:50:52.041,-2.861
15:50:52.041,-3.737
15:50:52.041,-1.918
15:50:52.041,-1.735
15:50:52.041,-2.757
15:50:52.041,-3.386
15:50:52.056,-4.08
15:50:52.056,-4.502
15:50:52.056,-4.761
15:50:52.056,-4.288
15:50:52.056,-3.966
15:50:52.056,-4.201
15:50:52.056,-4.144
15:50:52.056,-4.299
15:50:52.056,-4.606
15:50:52.056,-4.435
15:50:52.056,-4.283
15:50:52.056,-3.903
15:50:52.056,-3.849
15:50:52.056,-3.48
15:50:52.056,-3.635
15:50:52.056,-3.955
15:50:52.056,-3.65
15:50:52.056,-3.634
15:50:52.056,-3.983
15:50:52.056,-4.136
15:50:52.056,-4.087
15:50:52.072,-4.251
15:50:52.072,-4.868
15:50:52.072,-5.554
15:50:52.072,-4.298
15:50:52.072,-3.678
15:50:52.072,-4.375
15:50:52.072,-5.033
15:50:52.072,-5.484
15:50:52.072,-5.545
15:50:52.072,-5.619
15:50:52.072,-5.182
15:50:52.072,-5.235
15:50:52.072,-4.841
15:50:52.072,-4.646
15:50:52.072,-4.547
15:50:52.072,-4.514
15:50:52.072,-4.126
15:50:52.072,-4.062
15:50:52.072,-3.826
15:50:52.072,-3.688
15:50:52.072,-3.513
15:50:52.088,-3.367
15:50:52.088,-3.125
15:50:52.088,-3.311
15:50:52.088,-3.109
15:50:52.088,-2.95
15:50:52.088,-3.111
15:50:52.088,-3.398
15:50:52.088,-3.17
15:50:52.088,-2.47
15:50:52.088,-2.132
15:50:52.088,-2.047
15:50:52.088,-1.859
15:50:52.088,-1.55
15:50:52.088,-0.98
15:50:52.088,-0.692
15:50:52.088,-0.437
15:50:52.088,-0.383
15:50:52.088,-0.263
15:50:52.088,0.017
15:50:52.088,-0.046
15:50:52.088,-0.162
15:50:52.088,-0.038
15:50:52.088,0.089
15:50:52.103,0.032
15:50:52.103,0.031
15:50:52.103,-0.109
15:50:52.103,-0.068
15:50:52.103,-0.136
15:50:52.103,0.086
15:50:52.103,0.164
15:50:52.103,0.474
15:50:52.103,0.672
15:50:52.103,0.987
15:50:52.103,1.008
15:50:52.103,1.365
15:50:52.103,2.493
15:50:52.103,3.564
15:50:52.103,2.728
15:50:52.103,1.51
15:50:52.103,1.909
15:50:52.103,3.271
15:50:52.103,3.871
15:50:52.103,4.16
15:50:52.103,4.379
15:50:52.103,4.794
15:50:52.120,4.666
15:50:52.120,4.085
15:50:52.122,4.104
15:50:52.122,4.293
15:50:52.123,4.325
15:50:52.123,4.637
15:50:52.123,4.684
15:50:52.123,4.642
15:50:52.123,4.036
15:50:52.123,3.975
15:50:52.123,3.902
15:50:52.123,3.632
15:50:52.123,3.771
15:50:52.123,4.006
15:50:52.123,3.885
15:50:52.123,3.922
15:50:52.123,4.135
15:50:52.123,4.248
15:50:52.123,4.274
15:50:52.123,4.58
15:50:52.136,5.704
15:50:52.136,4.801
15:50:52.136,3.643
15:50:52.136,4.396
15:50:52.136,5.563
15:50:52.136,5.486
15:50:52.136,5.56
15:50:52.136,5.573
15:50:52.136,5.273
15:50:52.136,5.14
15:50:52.136,4.669
15:50:52.136,4.751
15:50:52.136,4.435
15:50:52.136,4.042
15:50:52.136,3.92
15:50:52.136,3.927
15:50:52.136,3.772
15:50:52.136,3.646
15:50:52.136,3.258
15:50:52.136,3.393
15:50:52.136,3.436
15:50:52.136,2.969
15:50:52.152,3.359
15:50:52.153,3.717
15:50:52.153,2.961
15:50:52.153,2.434
15:50:52.153,2.443
15:50:52.153,2.081
15:50:52.153,1.849
15:50:52.153,1.271
15:50:52.153,0.739
15:50:52.153,0.591
15:50:52.153,0.474
15:50:52.153,0.331
15:50:52.153,0.079
15:50:52.153,0.19
15:50:52.153,0.131
15:50:52.153,0.219
15:50:52.153,0.073
15:50:52.153,0.046
15:50:52.153,0.21
15:50:52.153,0.197
15:50:52.153,0.065
15:50:52.153,-0.054
15:50:52.153,-0.171
15:50:52.167,-0.411
15:50:52.167,-0.689
15:50:52.167,-0.804
15:50:52.167,-0.831
15:50:52.167,-1.036
15:50:52.167,-2.338
15:50:52.167,-3.243
15:50:52.167,-3.257
15:50:52.167,-1.744
15:50:52.167,-1.963
15:50:52.167,-2.692
15:50:52.167,-3.491
15:50:52.167,-3.848
15:50:52.167,-4.013
15:50:52.167,-4.548
15:50:52.167,-4.447
15:50:52.167,-3.925
15:50:52.167,-4.227
15:50:52.167,-4.299
15:50:52.167,-4.201
15:50:52.167,-4.399
15:50:52.167,-4.537
15:50:52.183,-4.539
15:50:52.183,-4.264
15:50:52.183,-3.928
15:50:52.183,-3.739
15:50:52.183,-3.614
15:50:52.183,-3.553
15:50:52.183,-3.671
15:50:52.183,-3.666
15:50:52.183,-3.736
15:50:52.183,-3.891
15:50:52.183,-3.93
15:50:52.183,-3.954
15:50:52.183,-4.111
15:50:52.183,-4.53
15:50:52.183,-5.339
15:50:52.183,-5.411
15:50:52.183,-4.071
15:50:52.183,-4.182
15:50:52.183,-4.461
15:50:52.183,-5.349
15:50:52.183,-5.53
15:50:52.183,-5.667
15:50:52.200,-5.526
15:50:52.200,-5.458
15:50:52.200,-5.116
15:50:52.200,-4.74
15:50:52.200,-4.832
15:50:52.200,-4.622
15:50:52.200,-4.369
15:50:52.200,-3.881
15:50:52.200,-3.876
15:50:52.200,-3.763
15:50:52.200,-3.462
15:50:52.200,-3.418
15:50:52.200,-3.263
15:50:52.200,-3.26
15:50:52.200,-2.819
15:50:52.200,-3.209
15:50:52.200,-3.627
15:50:52.200,-3.314
15:50:52.200,-2.361
15:50:52.200,-2.315
15:50:52.200,-2.248
15:50:52.200,-1.832
15:50:52.200,-1.604
15:50:52.200,-0.676
15:50:52.215,-0.435
15:50:52.215,-0.397
15:50:52.215,-0.292
15:50:52.215,-0.22
15:50:52.215,0.203
15:50:52.215,0.027
15:50:52.215,0.012
15:50:52.215,-0.1
15:50:52.215,-0.057
15:50:52.215,-0.021
15:50:52.215,-0.11
15:50:52.215,-0.168
15:50:52.215,-0.085
15:50:52.215,0.019
15:50:52.215,0.121
15:50:52.215,0.287
15:50:52.215,0.396
15:50:52.215,0.586
15:50:52.215,0.927
15:50:52.215,1.103
15:50:52.231,1.184
15:50:52.231,2.114
15:50:52.231,3.648
15:50:52.231,3.45
15:50:52.231,1.912
15:50:52.231,1.688
15:50:52.231,2.603
15:50:52.231,3.456
15:50:52.231,4.237
15:50:52.231,4.512
15:50:52.231,4.681
15:50:52.231,4.207
15:50:52.231,4.015
15:50:52.231,4.282
15:50:52.231,4.348
15:50:52.231,4.682
15:50:52.231,4.672
15:50:52.231,4.518
15:50:52.231,4.563
15:50:52.231,4.142
15:50:52.231,3.989
15:50:52.247,3.771
15:50:52.247,3.712
15:50:52.247,3.859
15:50:52.247,3.995
15:50:52.247,3.832
15:50:52.247,3.977
15:50:52.247,4.142
15:50:52.247,4.043
15:50:52.247,4.392
15:50:52.247,5.506
15:50:52.247,5.423
15:50:52.247,4.157
15:50:52.247,4.272
15:50:52.247,5.356
15:50:52.247,5.562
15:50:52.247,5.703
15:50:52.247,5.506
15:50:52.247,5.24
15:50:52.247,4.831
15:50:52.247,4.82
15:50:52.247,4.86
15:50:52.247,4.544
15:50:52.247,4.115
15:50:52.263,3.935
15:50:52.263,3.772
15:50:52.265,3.66
15:50:52.265,3.308
15:50:52.265,3.313
15:50:52.265,3.176
15:50:52.265,3.001
15:50:52.265,3.554
15:50:52.265,3.378
15:50:52.265,2.441
15:50:52.265,2.376
15:50:52.265,2.23
15:50:52.265,1.864
15:50:52.265,1.477
15:50:52.265,1.002
15:50:52.265,0.559
15:50:52.265,0.349
15:50:52.265,0.337
15:50:52.265,0.288
15:50:52.265,-0.039
15:50:52.265,0.091
15:50:52.265,0.058
15:50:52.265,0.177
15:50:52.279,0.217
15:50:52.279,0.149
15:50:52.279,-0.085
15:50:52.279,-0.121
15:50:52.279,-0.405
15:50:52.279,-0.84
15:50:52.279,-0.958
15:50:52.279,-1.048
15:50:52.279,-2.239
15:50:52.279,-3.198
15:50:52.279,-3.051
15:50:52.279,-1.645
15:50:52.279,-2.744
15:50:52.279,-3.812
15:50:52.279,-4.135
15:50:52.279,-4.493
15:50:52.279,-4.672
15:50:52.279,-4.37
15:50:52.279,-3.966
15:50:52.279,-4.143
15:50:52.279,-4.206
15:50:52.279,-4.334
15:50:52.279,-4.483
15:50:52.279,-4.592
15:50:52.295,-4.407
15:50:52.295,-4.061
15:50:52.295,-3.802
15:50:52.295,-3.618
15:50:52.295,-3.608
15:50:52.295,-3.629
15:50:52.295,-3.697
15:50:52.295,-3.688
15:50:52.295,-3.977
15:50:52.295,-4.156
15:50:52.295,-4.091
15:50:52.295,-4.472
15:50:52.295,-5.135
15:50:52.295,-5.4
15:50:52.295,-4.556
15:50:52.295,-3.519
15:50:52.295,-4.352
15:50:52.295,-5.462
15:50:52.295,-5.578
15:50:52.295,-5.631
15:50:52.295,-5.181
15:50:52.295,-5.054
15:50:52.295,-5.039
15:50:52.312,-4.807
15:50:52.312,-4.704
15:50:52.312,-4.622
15:50:52.312,-4.028
15:50:52.312,-4.072
15:50:52.312,-3.716
15:50:52.312,-3.728
15:50:52.312,-3.453
15:50:52.312,-3.331
15:50:52.312,-3.344
15:50:52.312,-2.952
15:50:52.312,-3.052
15:50:52.312,-3.667
15:50:52.312,-2.796
15:50:52.312,-2.32
15:50:52.327,-2.48
15:50:52.328,-2.345
15:50:52.328,-1.685
15:50:52.328,-2.0
15:50:52.328,-1.413
15:50:52.328,-0.497
15:50:52.328,-0.361
15:50:52.328,-0.296
15:50:52.328,-0.123
15:50:52.328,0.012
15:50:52.328,0.111
15:50:52.328,0.063
15:50:52.328,-0.118
15:50:52.328,0.047
15:50:52.328,0.048
15:50:52.328,-0.024
15:50:52.328,-0.068
15:50:52.328,0.005
15:50:52.328,-0.068
15:50:52.328,-0.033
15:50:52.328,0.255
15:50:52.328,0.475
15:50:52.328,0.622
15:50:52.343,0.885
15:50:52.343,1.026
15:50:52.343,1.109
15:50:52.343,2.531
15:50:52.343,3.419
15:50:52.343,2.648
15:50:52.343,1.684
15:50:52.343,2.382
15:50:52.343,3.703
15:50:52.343,4.296
15:50:52.343,4.559
15:50:52.343,4.77
15:50:52.343,4.693
15:50:52.343,4.033
15:50:52.343,4.19
15:50:52.343,4.328
15:50:52.343,4.412
15:50:52.343,4.615
15:50:52.343,4.557
15:50:52.359,4.472
15:50:52.359,4.164
15:50:52.359,3.995
15:50:52.361,3.766
15:50:52.361,3.688
15:50:52.361,3.925
15:50:52.361,3.847
15:50:52.361,3.931
15:50:52.453,4.251
15:50:52.453,3.978
15:50:52.453,4.313
15:50:52.453,5.241
15:50:52.453,5.774
15:50:52.453,4.451
15:50:52.453,3.853
15:50:52.453,4.328
15:50:52.453,5.189
15:50:52.453,5.495
15:50:52.453,5.652
15:50:52.469,5.674
15:50:52.469,5.387
15:50:52.469,4.934
15:50:52.469,4.881
15:50:52.469,4.815
15:50:52.469,4.558
15:50:52.469,4.245
15:50:52.469,4.082
15:50:52.469,3.907
15:50:52.469,3.862
15:50:52.469,3.731
15:50:52.469,3.52
15:50:52.469,3.251
15:50:52.469,3.383
15:50:52.469,3.423
15:50:52.469,2.99
15:50:52.469,3.321
15:50:52.469,3.679
15:50:52.469,3.077
15:50:52.484,2.406
15:50:52.484,2.293
15:50:52.485,2.476
15:50:52.485,1.842
15:50:52.485,1.403
15:50:52.485,1.049
15:50:52.485,0.675
15:50:52.485,0.371
15:50:52.485,0.471
15:50:52.485,0.317
15:50:52.485,0.202
15:50:52.485,0.16
15:50:52.485,0.003
15:50:52.485,0.125
15:50:52.485,0.152
15:50:52.485,0.24
15:50:52.485,0.078
15:50:52.485,0.119
15:50:52.485,-0.136
15:50:52.485,-0.281
15:50:52.485,-0.526
15:50:52.485,-0.627
15:50:52.501,-1.016
15:50:52.501,-1.3
15:50:52.501,-3.04
15:50:52.501,-3.381
15:50:52.501,-2.906
15:50:52.501,-1.726
15:50:52.501,-2.192
15:50:52.501,-3.746
15:50:52.501,-4.247
15:50:52.501,-4.276
15:50:52.501,-4.633
15:50:52.501,-4.426
15:50:52.501,-4.057
15:50:52.501,-4.064
15:50:52.501,-4.264
15:50:52.501,-4.182
15:50:52.501,-4.615
15:50:52.501,-4.557
15:50:52.501,-4.493
15:50:52.501,-3.984
15:50:52.501,-3.808
15:50:52.501,-3.62
15:50:52.501,-3.568
15:50:52.501,-3.707
15:50:52.517,-3.727
15:50:52.517,-3.749
15:50:52.517,-4.003
15:50:52.517,-4.099
15:50:52.517,-4.026
15:50:52.517,-4.299
15:50:52.517,-5.409
15:50:52.517,-5.632
15:50:52.517,-4.854
15:50:52.517,-3.608
15:50:52.517,-3.81
15:50:52.517,-4.314
15:50:52.517,-5.141
15:50:52.517,-5.79
15:50:52.517,-5.499
15:50:52.517,-5.401
15:50:52.517,-5.141
15:50:52.517,-4.97
15:50:52.517,-4.977
15:50:52.517,-4.533
15:50:52.517,-4.37
15:50:52.517,-3.883
15:50:52.517,-3.849
15:50:52.533,-3.733
15:50:52.534,-3.484
15:50:52.535,-3.143
15:50:52.535,-3.361
15:50:52.537,-3.15
15:50:52.537,-2.646
15:50:52.538,-3.444
15:50:52.538,-3.285
15:50:52.538,-2.29
15:50:52.538,-2.188
15:50:52.538,-1.947
15:50:52.538,-1.795
15:50:52.538,-1.312
15:50:52.538,-0.917
15:50:52.538,-0.439
15:50:52.538,-0.312
15:50:52.538,-0.401
15:50:52.538,-0.155
15:50:52.538,-0.332
15:50:52.538,0.056
15:50:52.538,0.048
15:50:52.538,-0.093
15:50:52.548,0.018
15:50:52.548,-0.076
15:50:52.548,-0.04
15:50:52.548,-0.104
15:50:52.548,-0.109
15:50:52.548,0.055
15:50:52.548,0.32
15:50:52.548,0.222
15:50:52.548,0.542
15:50:52.548,0.821
15:50:52.548,0.657
15:50:52.548,1.158
15:50:52.548,2.391
15:50:52.548,3.125
15:50:52.548,3.186
15:50:52.548,2.644
15:50:52.548,1.786
15:50:52.548,3.112
15:50:52.548,3.823
15:50:52.548,4.166
15:50:52.564,4.364
15:50:52.565,4.867
15:50:52.565,4.409
15:50:52.565,4.048
15:50:52.565,3.988
15:50:52.565,4.324
15:50:52.565,4.493
15:50:52.565,4.619
15:50:52.565,4.551
15:50:52.565,4.228
15:50:52.565,4.013
15:50:52.565,3.802
15:50:52.565,3.819
15:50:52.565,3.781
15:50:52.565,3.85
15:50:52.565,4.013
15:50:52.565,4.126
15:50:52.565,4.159
15:50:52.565,4.159
15:50:52.565,4.606
15:50:52.565,5.277
15:50:52.565,4.204
15:50:52.565,3.736
15:50:52.565,4.624
15:50:52.580,5.352
15:50:52.580,5.599
15:50:52.580,5.708
15:50:52.580,5.39
15:50:52.580,5.164
15:50:52.580,5.242
15:50:52.580,4.945
15:50:52.580,5.049
15:50:52.580,4.661
15:50:52.580,4.72
15:50:52.580,4.445
15:50:52.580,4.065
15:50:52.580,3.931
15:50:52.580,3.892
15:50:52.580,3.598
15:50:52.580,3.463
15:50:52.580,3.325
15:50:52.580,3.509
15:50:52.580,3.172
15:50:52.580,2.784
15:50:52.580,3.28
15:50:52.580,3.66
15:50:52.596,3.273
15:50:52.596,2.824
15:50:52.596,2.336
15:50:52.596,2.312
15:50:52.596,1.909
15:50:52.596,1.938
15:50:52.596,1.155
15:50:52.596,0.673
15:50:52.596,0.476
15:50:52.596,0.323
15:50:52.596,0.282
15:50:52.596,0.206
15:50:52.596,0.14
15:50:52.596,-0.037
15:50:52.596,0.059
15:50:52.596,0.132
15:50:52.596,0.086
15:50:52.596,0.182
15:50:52.596,0.206
15:50:52.596,0.103
15:50:52.596,-0.146
15:50:52.596,-0.255
15:50:52.596,-0.51
15:50:52.611,-0.982
15:50:52.611,-0.998
15:50:52.611,-2.637
15:50:52.611,-3.152
15:50:52.611,-2.016
15:50:52.611,-1.832
15:50:52.611,-3.691
15:50:52.611,-3.913
15:50:52.611,-4.49
15:50:52.611,-4.827
15:50:52.611,-4.139
15:50:52.611,-3.99
15:50:52.611,-4.221
15:50:52.611,-4.298
15:50:52.611,-4.208
15:50:52.611,-4.628
15:50:52.611,-4.536
15:50:52.611,-4.209
15:50:52.611,-4.025
15:50:52.611,-3.839
15:50:52.611,-3.507
15:50:52.627,-3.481
15:50:52.627,-3.69
15:50:52.627,-3.726
15:50:52.627,-3.692
15:50:52.627,-3.895
15:50:52.627,-4.021
15:50:52.627,-4.122
15:50:52.627,-4.405
15:50:52.627,-5.377
15:50:52.627,-5.493
15:50:52.627,-4.131
15:50:52.627,-3.831
15:50:52.627,-4.789
15:50:52.627,-5.311
15:50:52.627,-5.419
15:50:52.627,-5.365
15:50:52.627,-5.681
15:50:52.627,-5.324
15:50:52.627,-5.039
15:50:52.627,-5.083
15:50:52.627,-4.839
15:50:52.627,-4.595
15:50:52.627,-4.446
15:50:52.643,-4.172
15:50:52.643,-3.982
15:50:52.643,-3.743
15:50:52.643,-3.714
15:50:52.643,-3.656
15:50:52.643,-3.45
15:50:52.643,-3.108
15:50:52.643,-3.486
15:50:52.643,-3.324
15:50:52.643,-2.996
15:50:52.643,-2.774
15:50:52.643,-3.41
15:50:52.643,-3.635
15:50:52.643,-2.884
15:50:52.643,-2.231
15:50:52.643,-2.268
15:50:52.643,-2.22
15:50:52.643,-1.77
15:50:52.643,-1.444
15:50:52.643,-0.874
15:50:52.643,-0.444
15:50:52.643,-0.459
15:50:52.643,-0.302
15:50:52.643,-0.196
15:50:52.659,0.004
15:50:52.659,-0.192
15:50:52.659,0.047
15:50:52.659,-0.079
15:50:52.659,0.069
15:50:52.659,-0.035
15:50:52.659,-0.154
15:50:52.659,-0.032
15:50:52.659,0.003
15:50:52.659,-0.03
15:50:52.659,0.101
15:50:52.659,0.4
15:50:52.659,0.414
15:50:52.659,0.903
15:50:52.659,1.07
15:50:52.659,1.269
15:50:52.659,2.177
15:50:52.659,3.463
15:50:52.659,3.365
15:50:52.659,1.546
15:50:52.659,2.469
15:50:52.659,3.469
15:50:52.659,4.128
15:50:52.675,4.294
15:50:52.675,4.761
15:50:52.675,4.354
15:50:52.675,4.091
15:50:52.675,3.97
15:50:52.675,3.895
15:50:52.675,3.636
15:50:52.675,3.502
15:50:52.675,3.121
15:50:52.675,3.413
15:50:52.675,2.967
15:50:52.675,3.155
15:50:52.675,3.409
15:50:52.675,3.655
15:50:52.691,3.107
15:50:52.691,2.293
15:50:52.691,2.409
15:50:52.691,2.459
15:50:52.691,2.279
15:50:52.691,1.774
15:50:52.691,1.405
15:50:52.691,1.127
15:50:52.691,0.752
15:50:52.691,0.505
15:50:52.691,0.463
15:50:52.691,0.332
15:50:52.707,0.37
15:50:52.707,0.297
15:50:52.707,0.177
15:50:52.707,0.064
15:50:52.707,0.126
15:50:52.707,0.134
15:50:52.707,0.057
15:50:52.707,-0.024
15:50:52.707,-0.214
15:50:52.707,-0.472
15:50:52.707,-0.782
15:50:52.707,-0.942
15:50:52.707,-1.789
15:50:52.707,-3.185
15:50:52.707,-3.322
15:50:52.707,-2.579
15:50:52.707,-2.045
15:50:52.707,-2.962
15:50:52.707,-3.954
15:50:52.707,-4.123
15:50:52.707,-4.638
15:50:52.722,-4.277
15:50:52.722,-4.143
15:50:52.722,-4.233
15:50:52.722,-4.298
15:50:52.722,-4.669
15:50:52.722,-4.375
15:50:52.722,-3.884
15:50:52.722,-3.774
15:50:52.722,-3.587
15:50:52.722,-3.61
15:50:52.722,-3.683
15:50:52.722,-3.788
15:50:52.722,-4.058
15:50:52.722,-4.066
15:50:52.722,-4.121
15:50:52.722,-4.334
15:50:52.722,-5.537
15:50:52.722,-4.75
15:50:52.722,-3.654
15:50:52.722,-4.132
15:50:52.722,-5.337
15:50:52.722,-5.722
15:50:52.722,-5.695
15:50:52.722,-5.428
15:50:52.738,-5.021
15:50:52.738,-5.278
15:50:52.738,-4.893
15:50:52.738,-4.746
15:50:52.738,-4.463
15:50:52.738,-4.103
15:50:52.738,-3.969
15:50:52.738,-3.734
15:50:52.738,-3.586
15:50:52.738,-3.509
15:50:52.738,-3.413
15:50:52.738,-3.247
15:50:52.738,-3.278
15:50:52.738,-3.108
15:50:52.738,-2.958
15:50:52.738,-3.014
15:50:52.738,-3.576
15:50:52.738,-3.169
15:50:52.738,-2.112
15:50:52.738,-2.751
15:50:52.738,-2.269
15:50:52.738,-2.149
15:50:52.738,-1.828
15:50:52.754,-1.567
15:50:52.754,-1.33
15:50:52.754,-0.953
15:50:52.754,-0.512
15:50:52.754,-0.307
15:50:52.754,-0.335
15:50:52.754,-0.248
15:50:52.754,-0.123
15:50:52.754,0.204
15:50:52.754,-0.311
15:50:52.754,-0.027
15:50:52.754,0.051
15:50:52.754,-0.11
15:50:52.754,-0.064
15:50:52.754,0.056
15:50:52.754,-0.006
15:50:52.754,0.144
15:50:52.770,0.398
15:50:52.770,0.696
15:50:52.770,0.829
15:50:52.770,1.047
15:50:52.770,1.252
15:50:52.770,2.803
15:50:52.770,3.418
15:50:52.770,2.187
15:50:52.770,2.208
15:50:52.770,3.579
15:50:52.770,4.279
15:50:52.770,4.593
15:50:52.770,4.666
15:50:52.770,4.067
15:50:52.770,4.299
15:50:52.770,4.402
15:50:52.770,4.628
15:50:52.770,4.575
15:50:52.770,4.594
15:50:52.770,4.434
15:50:52.770,4.261
15:50:52.770,3.883
15:50:52.770,3.721
15:50:52.770,3.637
15:50:52.786,3.784
15:50:52.786,3.819
15:50:52.786,3.978
15:50:52.786,4.043
15:50:52.786,4.241
15:50:52.786,4.797
15:50:52.786,5.636
15:50:52.786,4.839
15:50:52.786,3.915
15:50:52.786,4.844
15:50:52.786,5.581
15:50:52.786,5.599
15:50:52.786,5.552
15:50:52.786,5.218
15:50:52.786,5.052
15:50:52.786,5.041
15:50:52.786,4.776
15:50:52.786,4.86
15:50:52.786,4.64
15:50:52.786,4.16
15:50:52.786,3.983
15:50:52.786,4.099
15:50:52.801,3.8
15:50:52.801,3.557
15:50:52.801,3.446
15:50:52.801,3.361
15:50:52.801,3.414
15:50:52.801,3.326
15:50:52.801,2.889
15:50:52.801,3.175
15:50:52.801,3.713
15:50:52.801,2.651
15:50:52.801,2.263
15:50:52.801,2.287
15:50:52.801,1.839
15:50:52.801,1.643
15:50:52.801,0.653
15:50:52.801,0.458
15:50:52.801,0.523
15:50:52.801,0.406
15:50:52.801,0.261
15:50:52.801,0.235
15:50:52.801,-0.04
15:50:52.801,0.031
15:50:52.817,0.137
15:50:52.817,0.007
15:50:52.817,-0.007
15:50:52.817,0.156
15:50:52.817,0.271
15:50:52.817,-0.036
15:50:52.817,-0.155
15:50:52.817,-0.401
15:50:52.817,-0.739
15:50:52.817,-0.918
15:50:52.817,-1.091
15:50:52.817,-2.475
15:50:52.817,-3.346
15:50:52.817,-2.886
15:50:52.817,-1.888
15:50:52.817,-2.404
15:50:52.817,-3.565
15:50:52.817,-4.239
15:50:52.817,-4.625
15:50:52.817,-4.401
15:50:52.817,-4.004
15:50:52.817,-4.339
15:50:52.833,-4.294
15:50:52.833,-4.437
15:50:52.833,-4.525
15:50:52.833,-4.331
15:50:52.833,-4.204
15:50:52.833,-3.79
15:50:52.833,-3.652
15:50:52.833,-3.6
15:50:52.833,-3.597
15:50:52.833,-3.752
15:50:52.833,-3.704
15:50:52.833,-3.882
15:50:52.833,-4.064
15:50:52.833,-4.1
15:50:52.833,-4.656
15:50:52.833,-5.034
15:50:52.833,-5.6
15:50:52.833,-5.217
15:50:52.833,-3.732
15:50:52.880,-3.854
15:50:52.880,-4.441
15:50:52.880,-5.364
15:50:52.880,-5.515
15:50:52.880,-5.513
15:50:52.880,-5.372
15:50:52.880,-5.317
15:50:52.880,-5.122
15:50:52.880,-4.937
15:50:52.896,-4.829
15:50:52.896,-4.792
15:50:52.896,-4.593
15:50:52.896,-4.518
15:50:52.896,-4.252
15:50:52.907,-3.906
15:50:52.907,-3.854
15:50:52.907,-3.701
15:50:52.907,-3.569
15:50:52.913,-3.405
15:50:52.914,-3.22
15:50:52.914,-3.408
15:50:52.914,-3.347
15:50:52.914,-2.916
15:50:52.914,-2.829
15:50:52.914,-3.412
15:50:52.914,-3.543
15:50:52.914,-2.915
15:50:52.914,-1.943
15:50:52.914,-2.437
15:50:52.914,-2.301
15:50:52.929,-1.578
15:50:52.929,-1.325
15:50:52.929,-0.897
15:50:52.932,-0.501
15:50:52.932,-0.484
15:50:52.932,-0.188
15:50:52.932,-0.127
15:50:52.932,-0.054
15:50:52.932,-0.194
15:50:52.932,-0.129
15:50:52.932,0.001
15:50:52.932,0.013
15:50:52.932,-0.092
15:50:52.932,-0.061
15:50:52.932,0.08
15:50:52.932,0.007
15:50:52.932,0.179
15:50:52.944,0.29
15:50:52.944,0.564
15:50:52.944,0.922
15:50:52.944,1.111
15:50:52.944,1.747
15:50:52.944,3.469
15:50:52.944,2.717
15:50:52.944,1.988
15:50:52.944,1.824
15:50:52.944,3.286
15:50:52.944,4.051
15:50:52.944,4.382
15:50:52.944,4.726
15:50:52.944,4.226
15:50:52.944,4.159
15:50:52.958,4.349
15:50:52.958,4.487
15:50:52.960,4.567
15:50:52.960,4.711
15:50:52.960,4.566
15:50:52.960,4.475
15:50:52.960,4.118
15:50:52.960,4.001
15:50:52.960,3.716
15:50:52.960,3.793
15:50:52.960,3.832
15:50:52.960,3.778
15:50:52.960,3.94
15:50:52.960,4.017
15:50:52.960,4.082
15:50:52.960,4.12
15:50:52.960,4.625
15:50:52.960,5.488
15:50:52.960,5.678
15:50:52.960,4.873
15:50:52.960,3.749
15:50:52.975,4.209
15:50:52.975,4.84
15:50:52.975,5.565
15:50:52.975,5.776
15:50:52.975,5.529
15:50:52.975,5.324
15:50:52.975,5.371
15:50:52.975,4.984
15:50:52.975,4.96
15:50:52.975,4.779
15:50:52.975,4.652
15:50:52.984,4.43
15:50:52.985,4.103
15:50:52.985,3.954
15:50:52.985,3.732
15:50:52.985,3.778
15:50:52.985,3.644
15:50:52.985,3.28
15:50:52.985,3.443
15:50:52.985,3.4
15:50:52.985,3.15
15:50:52.992,3.126
15:50:52.992,3.794
15:50:52.992,2.817
15:50:52.992,2.337
15:50:52.992,2.464
15:50:52.992,2.321
15:50:52.992,1.622
15:50:52.992,1.513
15:50:52.992,0.999
15:50:52.992,0.623
15:50:52.992,0.49
15:50:52.992,0.415
15:50:52.992,0.329
15:50:52.992,0.116
15:50:52.992,0.126
15:50:52.992,0.001
15:50:52.992,0.285
15:50:52.992,0.031
15:50:52.992,0.219
15:50:52.992,0.171
15:50:52.992,0.057
15:50:52.992,-0.115
15:50:53.007,-0.107
15:50:53.007,-0.347
15:50:53.009,-0.802
15:50:53.009,-0.969
15:50:53.011,-0.913
15:50:53.011,-2.635
15:50:53.011,-3.486
15:50:53.011,-2.87
15:50:53.011,-1.463
15:50:53.011,-2.273
15:50:53.011,-3.419
15:50:53.011,-3.724
15:50:53.017,-4.597
15:50:53.017,-4.781
15:50:53.017,-3.776
15:50:53.017,-4.249
15:50:53.017,-4.129
15:50:53.017,-4.408
15:50:53.017,-4.375
15:50:53.017,-4.495
15:50:53.023,-4.182
15:50:53.023,-3.853
15:50:53.023,-3.608
15:50:53.023,-3.612
15:50:53.023,-3.706
15:50:53.023,-3.616
15:50:53.023,-3.611
15:50:53.023,-4.042
15:50:53.023,-4.018
15:50:53.023,-4.43
15:50:53.023,-5.273
15:50:53.023,-5.454
15:50:53.023,-4.224
15:50:53.023,-3.67
15:50:53.023,-4.648
15:50:53.023,-5.324
15:50:53.023,-5.601
15:50:53.023,-5.661
15:50:53.023,-5.533
15:50:53.023,-5.164
15:50:53.023,-5.142
15:50:53.023,-4.862
15:50:53.023,-5.05
15:50:53.039,-4.687
15:50:53.039,-4.667
15:50:53.039,-4.425
15:50:53.039,-4.126
15:50:53.039,-3.907
15:50:53.039,-3.739
15:50:53.039,-3.653
15:50:53.039,-3.552
15:50:53.039,-3.354
15:50:53.039,-3.304
15:50:53.039,-3.334
15:50:53.039,-2.817
15:50:53.039,-3.382
15:50:53.039,-3.396
15:50:53.039,-2.143
15:50:53.039,-2.44
15:50:53.039,-2.3
15:50:53.051,-1.853
15:50:53.051,-1.458
15:50:53.051,-0.943
15:50:53.051,-0.554
15:50:53.051,-0.379
15:50:53.055,-0.376
15:50:53.055,-0.196
15:50:53.055,0.126
15:50:53.055,-0.05
15:50:53.055,0.003
15:50:53.055,0.113
15:50:53.055,0.0
15:50:53.055,-0.1
15:50:53.055,0.051
15:50:53.055,-0.03
15:50:53.055,0.247
15:50:53.055,0.482
15:50:53.055,0.424
15:50:53.055,0.84
15:50:53.055,1.054
15:50:53.055,1.841
15:50:53.055,2.805
15:50:53.055,3.376
15:50:53.055,2.108
15:50:53.055,2.645
15:50:53.055,3.227
15:50:53.055,4.206
15:50:53.055,4.548
15:50:53.055,4.725
15:50:53.071,4.47
15:50:53.071,3.958
15:50:53.071,4.387
15:50:53.071,4.322
15:50:53.071,4.541
15:50:53.071,4.715
15:50:53.071,4.584
15:50:53.071,4.318
15:50:53.071,4.157
15:50:53.071,3.655
15:50:53.071,3.713
15:50:53.071,3.982
15:50:53.071,3.84
15:50:53.071,3.895
15:50:53.071,4.082
15:50:53.071,4.171
15:50:53.071,4.231
15:50:53.071,5.184
15:50:53.071,5.686
15:50:53.071,5.101
15:50:53.071,3.878
15:50:53.071,3.804
15:50:53.087,4.677
15:50:53.087,5.392
15:50:53.087,5.589
15:50:53.087,5.673
15:50:53.087,5.399
15:50:53.087,5.159
15:50:53.087,4.977
15:50:53.087,4.854
15:50:53.087,4.849
15:50:53.087,4.678
15:50:53.087,4.086
15:50:53.087,3.969
15:50:53.087,3.835
15:50:53.087,3.672
15:50:53.087,3.46
15:50:53.087,3.327
15:50:53.087,3.5
15:50:53.087,3.325
15:50:53.087,2.974
15:50:53.087,3.578
15:50:53.102,3.748
15:50:53.102,3.121
15:50:53.102,2.599
15:50:53.102,2.287
15:50:53.102,2.227
15:50:53.102,1.865
15:50:53.102,1.45
15:50:53.102,1.079
15:50:53.102,0.616
15:50:53.102,0.479
15:50:53.102,0.387
15:50:53.102,0.342
15:50:53.102,0.427
15:50:53.102,0.278
15:50:53.102,0.142
15:50:53.102,0.156
15:50:53.102,0.077
15:50:53.102,0.214
15:50:53.102,0.099
15:50:53.102,0.021
15:50:53.102,-0.151
15:50:53.102,-0.245
15:50:53.102,-0.41
15:50:53.118,-0.757
15:50:53.118,-0.936
15:50:53.120,-1.659
15:50:53.120,-3.161
15:50:53.120,-3.009
15:50:53.120,-1.588
15:50:53.124,-2.687
15:50:53.124,-3.947
15:50:53.126,-4.196
15:50:53.126,-4.788
15:50:53.126,-4.601
15:50:53.126,-4.158
15:50:53.126,-4.07
15:50:53.126,-4.05
15:50:53.126,-4.27
15:50:53.126,-4.326
15:50:53.126,-4.677
15:50:53.126,-4.437
15:50:53.126,-4.647
15:50:53.126,-4.042
15:50:53.134,-3.577
15:50:53.134,-3.583
15:50:53.134,-3.637
15:50:53.134,-3.715
15:50:53.134,-3.741
15:50:53.134,-3.76
15:50:53.134,-3.827
15:50:53.134,-4.011
15:50:53.134,-4.176
15:50:53.134,-5.25
15:50:53.134,-5.422
15:50:53.134,-5.335
15:50:53.134,-3.795
15:50:53.134,-3.877
15:50:53.134,-4.479
15:50:53.134,-5.172
15:50:53.134,-5.593
15:50:53.134,-5.592
15:50:53.134,-5.577
15:50:53.134,-5.253
15:50:53.134,-5.029
15:50:53.134,-4.979
15:50:53.134,-4.622
15:50:53.134,-4.664
15:50:53.150,-4.245
15:50:53.150,-3.94
15:50:53.150,-3.81
15:50:53.150,-3.73
15:50:53.150,-3.687
15:50:53.150,-3.468
15:50:53.150,-3.294
15:50:53.150,-3.307
15:50:53.150,-3.276
15:50:53.150,-3.038
15:50:53.150,-2.711
15:50:53.150,-3.05
15:50:53.150,-3.633
15:50:53.150,-3.224
15:50:53.150,-2.511
15:50:53.150,-2.386
15:50:53.150,-2.141
15:50:53.150,-1.979
15:50:53.150,-1.746
15:50:53.150,-1.341
15:50:53.150,-1.1
15:50:53.150,-0.513
15:50:53.166,-0.541
15:50:53.166,-0.302
15:50:53.166,-0.12
15:50:53.166,0.071
15:50:53.166,0.062
15:50:53.166,0.052
15:50:53.166,0.078
15:50:53.166,0.023
15:50:53.166,-0.126
15:50:53.166,0.083
15:50:53.166,-0.083
15:50:53.166,-0.045
15:50:53.166,0.084
15:50:53.166,0.104
15:50:53.166,0.408
15:50:53.166,0.72
15:50:53.166,0.946
15:50:53.166,1.122
15:50:53.166,1.97
15:50:53.166,2.996
15:50:53.166,3.322
15:50:53.166,2.951
15:50:53.166,1.694
15:50:53.166,2.114
15:50:53.182,3.526
15:50:53.182,4.004
15:50:53.182,4.446
15:50:53.182,4.79
15:50:53.182,4.704
15:50:53.182,4.085
15:50:53.182,4.239
15:50:53.182,4.265
15:50:53.182,4.56
15:50:53.182,4.649
15:50:53.182,4.606
15:50:53.182,4.319
15:50:53.182,4.099
15:50:53.182,3.873
15:50:53.276,3.695
15:50:53.276,3.825
15:50:53.276,3.771
15:50:53.292,3.816
15:50:53.292,4.011
15:50:53.292,3.985
15:50:53.292,4.18
15:50:53.292,4.06
15:50:53.292,4.7
15:50:53.292,5.459
15:50:53.292,5.356
15:50:53.292,4.761
15:50:53.292,3.805
15:50:53.292,3.943
15:50:53.292,4.991
15:50:53.292,5.563
15:50:53.292,5.745
15:50:53.302,5.661
15:50:53.302,5.339
15:50:53.302,5.293
15:50:53.302,4.84
15:50:53.302,5.038
15:50:53.302,4.828
15:50:53.302,4.819
15:50:53.302,4.482
15:50:53.302,4.217
15:50:53.308,3.723
15:50:53.308,3.833
15:50:53.308,3.561
15:50:53.308,3.393
15:50:53.308,3.523
15:50:53.308,3.511
15:50:53.308,2.774
15:50:53.308,3.389
15:50:53.308,3.707
15:50:53.308,2.835
15:50:53.308,2.354
15:50:53.308,2.254
15:50:53.308,1.897
15:50:53.308,1.718
15:50:53.308,1.252
15:50:53.308,0.797
15:50:53.308,0.603
15:50:53.308,0.51
15:50:53.308,0.289
15:50:53.308,0.059
15:50:53.308,0.296
15:50:53.308,0.281
15:50:53.324,-0.05
15:50:53.324,0.171
15:50:53.324,0.201
15:50:53.324,0.103
15:50:53.324,0.061
15:50:53.324,0.208
15:50:53.324,0.084
15:50:53.324,0.025
15:50:53.324,-0.137
15:50:53.324,-0.243
15:50:53.324,-0.369
15:50:53.324,-0.79
15:50:53.324,-1.008
15:50:53.324,-1.026
15:50:53.324,-1.813
15:50:53.324,-3.255
15:50:53.324,-3.173
15:50:53.324,-1.505
15:50:53.324,-2.57
15:50:53.324,-3.171
15:50:53.324,-3.898
15:50:53.324,-4.07
15:50:53.324,-4.642
15:50:53.340,-4.601
15:50:53.340,-4.162
15:50:53.340,-4.075
15:50:53.340,-4.143
15:50:53.340,-4.114
15:50:53.340,-4.492
15:50:53.340,-4.401
15:50:53.340,-4.46
15:50:53.340,-4.11
15:50:53.340,-3.888
15:50:53.340,-3.723
15:50:53.340,-3.68
15:50:53.340,-3.616
15:50:53.340,-3.69
15:50:53.340,-3.671
15:50:53.340,-3.868
15:50:53.340,-3.962
15:50:53.340,-3.999
15:50:53.340,-4.192
15:50:53.340,-4.813
15:50:53.340,-5.281
15:50:53.340,-4.09
15:50:53.340,-3.757
15:50:53.356,-4.202
15:50:53.356,-5.136
15:50:53.356,-5.178
15:50:53.356,-5.767
15:50:53.356,-5.586
15:50:53.356,-5.283
15:50:53.356,-5.022
15:50:53.356,-4.944
15:50:53.356,-4.75
15:50:53.356,-4.655
15:50:53.356,-4.726
15:50:53.356,-4.442
15:50:53.356,-4.086
15:50:53.356,-3.944
15:50:53.356,-3.629
15:50:53.368,-3.732
15:50:53.368,-3.725
15:50:53.368,-3.391
15:50:53.368,-3.165
15:50:53.368,-3.184
15:50:53.368,-3.324
15:50:53.373,-2.934
15:50:53.373,-2.973
15:50:53.373,-3.451
15:50:53.373,-3.276
15:50:53.373,-2.538
15:50:53.373,-2.399
15:50:53.373,-2.145
15:50:53.373,-1.726
15:50:53.373,-1.688
15:50:53.373,-1.319
15:50:53.373,-0.85
15:50:53.373,-0.41
15:50:53.373,-0.461
15:50:53.373,-0.42
15:50:53.373,-0.066
15:50:53.373,-0.122
15:50:53.373,-0.066
15:50:53.373,-0.137
15:50:53.373,0.021
15:50:53.373,0.08
15:50:53.373,-0.012
15:50:53.373,-0.114
15:50:53.373,-0.21
15:50:53.373,0.049
15:50:53.388,0.181
15:50:53.388,0.463
15:50:53.388,0.566
15:50:53.388,1.06
15:50:53.388,1.166
15:50:53.388,2.221
15:50:53.388,3.498
15:50:53.388,2.876
15:50:53.388,1.596
15:50:53.388,2.768
15:50:53.388,4.015
15:50:53.388,4.355
15:50:53.388,4.761
15:50:53.388,4.474
15:50:53.388,4.247
15:50:53.388,4.0
15:50:53.388,4.393
15:50:53.388,4.394
15:50:53.388,4.686
15:50:53.388,4.721
15:50:53.388,4.284
15:50:53.388,3.94
15:50:53.404,3.729
15:50:53.405,3.792
15:50:53.405,4.028
15:50:53.405,3.871
15:50:53.409,4.095
15:50:53.409,4.159
15:50:53.409,4.365
15:50:53.409,5.278
15:50:53.409,5.727
15:50:53.409,5.07
15:50:53.409,3.742
15:50:53.409,4.28
15:50:53.409,5.254
15:50:53.409,5.684
15:50:53.419,5.723
15:50:53.419,5.677
15:50:53.419,5.263
15:50:53.419,5.207
15:50:53.419,5.055
15:50:53.419,4.704
15:50:53.419,4.797
15:50:53.419,4.742
15:50:53.419,4.859
15:50:53.419,4.29
15:50:53.419,3.919
15:50:53.419,3.85
15:50:53.419,3.864
15:50:53.435,3.751
15:50:53.435,3.57
15:50:53.435,3.36
15:50:53.435,3.314
15:50:53.441,3.506
15:50:53.442,3.174
15:50:53.442,3.168
15:50:53.442,3.573
15:50:53.442,3.262
15:50:53.442,2.636
15:50:53.442,2.581
15:50:53.442,2.265
15:50:53.442,2.222
15:50:53.442,1.805
15:50:53.442,1.596
15:50:53.442,1.296
15:50:53.442,0.604
15:50:53.442,0.479
15:50:53.442,0.367
15:50:53.451,0.313
15:50:53.451,0.321
15:50:53.451,0.013
15:50:53.451,0.027
15:50:53.455,0.145
15:50:53.455,0.022
15:50:53.457,0.236
15:50:53.459,0.146
15:50:53.460,0.078
15:50:53.460,-0.114
15:50:53.460,-0.35
15:50:53.460,-0.493
15:50:53.460,-0.723
15:50:53.460,-0.745
15:50:53.460,-0.882
15:50:53.468,-1.057
15:50:53.468,-2.487
15:50:53.468,-3.573
15:50:53.468,-2.97
15:50:53.468,-1.312
15:50:53.468,-1.642
15:50:53.468,-3.129
15:50:53.468,-3.888
15:50:53.468,-4.038
15:50:53.468,-4.331
15:50:53.468,-4.684
15:50:53.478,-4.369
15:50:53.478,-3.976
15:50:53.479,-4.152
15:50:53.479,-4.283
15:50:53.480,-4.369
15:50:53.480,-4.505
15:50:53.480,-4.461
15:50:53.480,-4.379
15:50:53.480,-3.985
15:50:53.483,-3.84
15:50:53.483,-3.638
15:50:53.483,-3.498
15:50:53.483,-3.544
15:50:53.483,-3.653
15:50:53.483,-3.781
15:50:53.483,-3.969
15:50:53.483,-4.097
15:50:53.483,-4.137
15:50:53.483,-4.645
15:50:53.492,-5.321
15:50:53.492,-5.283
15:50:53.494,-3.866
15:50:53.494,-3.73
15:50:53.494,-4.256
15:50:53.494,-5.252
15:50:53.496,-5.457
15:50:53.496,-5.516
15:50:53.498,-5.639
15:50:53.498,-5.258
15:50:53.499,-5.017
15:50:53.499,-5.221
15:50:53.501,-4.797
15:50:53.501,-4.459
15:50:53.501,-4.641
15:50:53.501,-4.111
15:50:53.501,-3.908
15:50:53.501,-3.736
15:50:53.501,-3.699
15:50:53.501,-3.569
15:50:53.501,-3.226
15:50:53.501,-3.414
15:50:53.501,-3.376
15:50:53.501,-2.899
15:50:53.501,-3.097
15:50:53.501,-3.543
15:50:53.501,-3.261
15:50:53.501,-2.364
15:50:53.501,-2.435
15:50:53.501,-2.263
15:50:53.501,-2.164
15:50:53.501,-1.815
15:50:53.515,-1.437
15:50:53.515,-1.207
15:50:53.516,-0.75
15:50:53.516,-0.466
15:50:53.518,-0.491
15:50:53.518,-0.267
15:50:53.518,-0.214
15:50:53.518,0.03
15:50:53.518,0.14
15:50:53.518,-0.005
15:50:53.518,-0.04
15:50:53.518,-0.058
15:50:53.518,0.046
15:50:53.518,-0.22
15:50:53.518,-0.143
15:50:53.518,-0.074
15:50:53.518,0.196
15:50:53.518,-0.043
15:50:53.518,0.221
15:50:53.518,0.655
15:50:53.518,0.83
15:50:53.518,0.957
15:50:53.518,1.397
15:50:53.532,3.017
15:50:53.532,3.477
15:50:53.532,2.47
15:50:53.532,1.604
15:50:53.532,2.46
15:50:53.532,3.272
15:50:53.532,4.308
15:50:53.532,4.37
15:50:53.532,4.519
15:50:53.532,4.619
15:50:53.532,3.99
15:50:53.532,4.134
15:50:53.532,4.393
15:50:53.532,4.479
15:50:53.532,4.633
15:50:53.532,4.563
15:50:53.532,4.678
15:50:53.532,4.451
15:50:53.532,4.047
15:50:53.532,3.879
15:50:53.545,3.782
15:50:53.546,3.807
15:50:53.548,3.709
15:50:53.548,3.904
15:50:53.548,3.962
15:50:53.548,4.115
15:50:53.548,4.14
15:50:53.548,4.2
15:50:53.551,4.83
15:50:53.551,5.445
15:50:53.551,5.223
15:50:53.551,3.724
15:50:53.551,3.772
15:50:53.551,4.863
15:50:53.551,5.523
15:50:53.551,5.617
15:50:53.551,5.606
15:50:53.551,5.618
15:50:53.551,5.501
15:50:53.551,4.838
15:50:53.551,4.841
15:50:53.551,4.998
15:50:53.551,4.891
15:50:53.551,4.476
15:50:53.562,4.277
15:50:53.563,3.975
15:50:53.563,4.22
15:50:53.563,3.821
15:50:53.563,3.583
15:50:53.563,3.167
15:50:53.563,3.346
15:50:53.563,3.459
15:50:53.563,3.258
15:50:53.571,2.819
15:50:53.571,3.15
15:50:53.571,3.638
15:50:53.572,3.317
15:50:53.572,2.597
15:50:53.572,2.204
15:50:53.572,2.263
15:50:53.572,2.214
15:50:53.572,1.826
15:50:53.572,1.537
15:50:53.572,1.041
15:50:53.578,0.635
15:50:53.580,0.584
15:50:53.580,0.253
15:50:53.580,0.286
15:50:53.580,0.04
15:50:53.583,0.076
15:50:53.584,-0.057
15:50:53.584,0.197
15:50:53.584,0.111
15:50:53.584,0.072
15:50:53.584,0.133
15:50:53.584,0.259
15:50:53.584,0.118
15:50:53.584,0.059
15:50:53.584,-0.052
15:50:53.584,-0.244
15:50:53.584,-0.263
15:50:53.584,-0.702
15:50:53.584,-0.898
15:50:53.584,-0.891
15:50:53.584,-1.52
15:50:53.594,-2.789
15:50:53.595,-3.452
15:50:53.595,-1.873
15:50:53.595,-1.755
15:50:53.595,-2.66
15:50:53.595,-3.517
15:50:53.595,-4.139
15:50:53.595,-4.549
15:50:53.595,-4.53
15:50:53.595,-4.195
15:50:53.595,-3.986
15:50:53.595,-4.065
15:50:53.595,-4.316
15:50:53.595,-4.516
15:50:53.595,-4.437
15:50:53.595,-4.218
15:50:53.595,-4.012
15:50:53.595,-3.751
15:50:53.595,-3.551
15:50:53.595,-3.652
15:50:53.595,-3.783
15:50:53.595,-3.726
15:50:53.595,-3.739
15:50:53.611,-3.911
15:50:53.611,-3.975
15:50:53.611,-4.373
15:50:53.611,-5.301
15:50:53.611,-5.535
15:50:53.611,-3.608
15:50:53.611,-3.757
15:50:53.611,-4.975
15:50:53.611,-5.549
15:50:53.611,-5.532
15:50:53.611,-5.372
15:50:53.611,-5.395
15:50:53.611,-5.196
15:50:53.611,-4.969
15:50:53.611,-4.932
15:50:53.611,-4.833
15:50:53.611,-4.817
15:50:53.611,-4.4
15:50:53.611,-4.222
15:50:53.611,-3.967
15:50:53.611,-3.886
15:50:53.611,-3.674
15:50:53.626,-3.631
15:50:53.627,-3.491
15:50:53.627,-3.374
15:50:53.627,-3.285
15:50:53.627,-3.207
15:50:53.627,-3.162
15:50:53.627,-2.781
15:50:53.627,-3.684
15:50:53.627,-3.506
15:50:53.627,-2.805
15:50:53.627,-2.362
15:50:53.627,-2.358
15:50:53.627,-1.975
15:50:53.627,-1.75
15:50:53.627,-1.434
15:50:53.636,-0.945
15:50:53.636,-0.538
15:50:53.636,-0.484
15:50:53.636,-0.378
15:50:53.636,-0.279
15:50:53.636,-0.188
15:50:53.636,0.018
15:50:53.636,0.0
15:50:53.636,-0.138
15:50:53.642,0.157
15:50:53.642,0.009
15:50:53.642,0.029
15:50:53.644,-0.109
15:50:53.644,0.043
15:50:53.644,0.087
15:50:53.644,0.491
15:50:53.644,0.629
15:50:53.644,0.925
15:50:53.644,0.86
15:50:53.644,1.027
15:50:53.644,2.608
15:50:53.644,3.239
15:50:53.644,2.51
15:50:53.644,1.641
15:50:53.644,2.077
15:50:53.644,3.293
15:50:53.644,4.061
15:50:53.644,4.435
15:50:53.644,4.468
15:50:53.644,4.691
15:50:53.644,4.483
15:50:53.644,4.066
15:50:53.644,4.291
15:50:53.644,4.495
15:50:53.658,4.563
15:50:53.659,4.562
15:50:53.659,4.348
15:50:53.659,4.265
15:50:53.659,4.009
15:50:53.659,3.847
15:50:53.659,3.625
15:50:53.659,3.836
15:50:53.659,3.855
15:50:53.659,3.962
15:50:53.659,3.909
15:50:53.659,3.947
15:50:53.659,4.051
15:50:53.659,4.146
15:50:53.659,4.6
15:50:53.659,5.304
15:50:53.659,4.663
15:50:53.659,3.726
15:50:53.659,4.417
15:50:53.674,5.19
15:50:53.674,5.626
15:50:53.674,5.548
15:50:53.674,5.362
15:50:53.674,5.339
15:50:53.674,5.256
15:50:53.674,5.007
15:50:53.674,4.982
15:50:53.674,4.754
15:50:53.674,5.006
15:50:53.674,4.639
15:50:53.674,4.118
15:50:53.674,4.139
15:50:53.674,4.061
15:50:53.674,3.632
15:50:53.674,3.568
15:50:53.674,3.398
15:50:53.674,3.408
15:50:53.674,3.515
15:50:53.689,3.43
15:50:53.689,2.758
15:50:53.689,3.316
15:50:53.689,3.679
15:50:53.689,2.852
15:50:53.689,2.306
15:50:53.689,2.302
15:50:53.689,2.311
15:50:53.689,2.036
15:50:53.689,1.738
15:50:53.689,1.467
15:50:53.689,0.923
15:50:53.689,0.612
15:50:53.689,0.494
15:50:53.689,0.361
15:50:53.689,0.24
15:50:53.689,0.011
15:50:53.689,0.113
15:50:53.689,-0.001
15:50:53.689,0.164
15:50:53.689,0.13
15:50:53.689,0.027
15:50:53.689,0.201
15:50:53.689,0.123
15:50:53.705,0.138
15:50:53.707,0.03
15:50:53.707,-0.111
15:50:53.707,-0.248
15:50:53.707,-0.543
15:50:53.707,-0.867
15:50:53.707,-0.996
15:50:53.711,-1.064
15:50:53.711,-2.17
15:50:53.711,-3.323
15:50:53.711,-3.279
15:50:53.711,-1.604
15:50:53.711,-2.118
15:50:53.711,-3.313
15:50:53.711,-3.863
15:50:53.711,-4.126
15:50:53.711,-4.566
15:50:53.711,-4.645
15:50:53.711,-4.13
15:50:53.711,-3.99
15:50:53.711,-4.117
15:50:53.711,-4.302
15:50:53.711,-4.402
15:50:53.722,-4.662
15:50:53.722,-4.4
15:50:53.722,-4.231
15:50:53.722,-4.127
15:50:53.722,-3.821
15:50:53.722,-3.81
15:50:53.726,-3.63
15:50:53.726,-3.612
15:50:53.726,-3.747
15:50:53.727,-3.695
15:50:53.727,-3.899
15:50:53.727,-4.002
15:50:53.727,-4.074
15:50:53.727,-4.113
15:50:53.727,-4.867
15:50:53.732,-5.479
15:50:53.732,-5.025
15:50:53.732,-3.736
15:50:53.732,-3.875
15:50:53.732,-4.477
15:50:53.732,-5.193
15:50:53.732,-5.267
15:50:53.732,-5.778
15:50:53.737,-5.552
15:50:53.737,-5.284
15:50:53.737,-5.03
15:50:53.739,-4.925
15:50:53.739,-4.818
15:50:53.739,-4.696
15:50:53.739,-4.807
15:50:53.739,-4.35
15:50:53.739,-3.901
15:50:53.739,-3.898
15:50:53.739,-3.889
15:50:53.739,-3.644
15:50:53.739,-3.534
15:50:53.739,-3.355
15:50:53.739,-3.142
15:50:53.739,-3.371
15:50:53.739,-2.996
15:50:53.739,-2.787
15:50:53.739,-3.182
15:50:53.739,-3.464
15:50:53.739,-2.58
15:50:53.739,-2.539
15:50:53.739,-2.568
15:50:53.739,-2.29
15:50:53.739,-1.985
15:50:53.753,-1.736
15:50:53.753,-1.32
15:50:53.753,-1.064
15:50:53.753,-0.551
15:50:53.753,-0.36
15:50:53.753,-0.244
15:50:53.753,-0.223
15:50:53.753,0.006
15:50:53.753,-0.205
15:50:53.753,-0.06
15:50:53.753,-0.201
15:50:53.753,0.108
15:50:53.753,0.063
15:50:53.753,-0.205
15:50:53.753,-0.116
15:50:53.753,-0.002
15:50:53.753,0.024
15:50:53.753,0.119
15:50:53.753,0.31
15:50:53.753,0.582
15:50:53.753,0.84
15:50:53.753,1.083
15:50:53.753,1.125
15:50:53.753,2.14
15:50:53.769,3.259
15:50:53.769,3.319
15:50:53.770,2.357
15:50:53.770,1.503
15:50:53.770,2.415
15:50:53.770,3.404
15:50:53.770,4.309
15:50:53.770,4.506
15:50:53.770,4.72
15:50:53.770,4.314
15:50:53.770,4.042
15:50:53.770,4.288
15:50:53.770,4.507
15:50:53.770,4.687
15:50:53.770,4.598
15:50:53.770,4.413
15:50:53.770,3.931
15:50:53.770,3.89
15:50:53.770,3.663
15:50:53.770,3.828
15:50:53.770,3.923
15:50:53.770,3.942
15:50:53.770,4.099
15:50:53.770,4.147
15:50:53.785,4.239
15:50:53.785,4.671
15:50:53.785,5.261
15:50:53.785,5.475
15:50:53.785,4.665
15:50:53.785,3.687
15:50:53.785,4.162
15:50:53.785,4.726
15:50:53.785,5.794
15:50:53.785,5.562
15:50:53.785,5.518
15:50:53.785,5.425
15:50:53.785,5.432
15:50:53.785,5.083
15:50:53.785,4.99
15:50:53.785,4.78
15:50:53.785,4.76
15:50:53.785,4.765
15:50:53.785,4.46
15:50:53.785,4.076
15:50:53.798,4.008
15:50:53.798,3.887
15:50:53.798,3.717
15:50:53.798,3.686
15:50:53.801,3.493
15:50:53.801,3.484
15:50:53.802,3.243
15:50:53.803,2.918
15:50:53.803,3.11
15:50:53.803,3.658
15:50:53.803,3.572
15:50:53.803,2.723
15:50:53.803,2.443
15:50:53.803,2.176
15:50:53.803,2.238
15:50:53.803,1.643
15:50:53.803,1.294
15:50:53.803,0.769
15:50:53.803,0.656
15:50:53.803,0.328
15:50:53.803,0.373
15:50:53.803,0.255
15:50:53.803,0.025
15:50:53.803,0.063
15:50:53.803,0.017
15:50:53.803,0.173
15:50:53.803,-0.082
15:50:53.803,0.243
15:50:53.803,0.228
15:50:53.817,0.124
15:50:53.818,-0.181
15:50:53.818,-0.578
15:50:53.818,-0.066
15:50:53.818,-0.63
15:50:53.818,-1.111
15:50:53.818,-1.104
15:50:53.818,-0.969
15:50:53.818,-2.161
15:50:53.818,-3.478
15:50:53.818,-3.101
15:50:53.825,-2.0
15:50:53.825,-1.527
15:50:53.825,-2.757
15:50:53.825,-3.537
15:50:53.825,-4.226
15:50:53.825,-4.415
15:50:53.825,-4.675
15:50:53.825,-4.262
15:50:53.825,-3.949
15:50:53.825,-4.108
15:50:53.825,-4.179
15:50:53.825,-4.24
15:50:53.833,-4.356
15:50:53.833,-4.412
15:50:53.833,-4.488
15:50:53.833,-4.27
15:50:53.833,-3.86
15:50:53.833,-3.732
15:50:53.833,-3.628
15:50:53.833,-3.533
15:50:53.833,-3.789
15:50:53.833,-3.809
15:50:53.833,-3.854
15:50:53.833,-3.964
15:50:53.833,-3.997
15:50:53.833,-4.188
15:50:53.833,-4.691
15:50:53.833,-5.514
15:50:53.844,-4.534
15:50:53.844,-3.5
15:50:53.844,-4.216
15:50:53.844,-5.051
15:50:53.844,-5.435
15:50:53.844,-5.639
15:50:53.844,-5.359
15:50:53.849,-5.462
15:50:53.849,-5.32
15:50:53.849,-4.914
15:50:53.849,-4.933
15:50:53.849,-4.642
15:50:53.849,-4.64
15:50:53.849,-4.384
15:50:53.849,-3.723
15:50:53.849,-3.784
15:50:53.849,-3.586
15:50:53.849,-3.312
15:50:53.849,-3.236
15:50:53.849,-3.265
15:50:53.849,-3.504
15:50:53.860,-3.053
15:50:53.860,-2.757
15:50:53.860,-3.313
15:50:53.860,-3.623
15:50:53.860,-2.289
15:50:53.864,-2.241
15:50:53.865,-2.651
15:50:53.865,-2.213
15:50:53.865,-1.869
15:50:53.865,-1.643
15:50:53.865,-0.777
15:50:53.865,-0.711
15:50:53.865,-0.333
15:50:53.865,-0.322
15:50:53.865,-0.274
15:50:53.865,-0.144
15:50:53.865,-0.166
15:50:53.865,-0.216
15:50:53.865,0.035
15:50:53.865,0.106
15:50:53.865,0.108
15:50:53.865,-0.151
15:50:53.865,0.071
15:50:53.865,-0.065
15:50:53.865,0.3
15:50:53.865,0.262
15:50:53.865,0.512
15:50:53.865,0.546
15:50:53.880,0.985
15:50:53.880,1.399
15:50:53.880,2.441
15:50:53.880,3.472
15:50:53.880,3.08
15:50:53.880,1.64
15:50:53.880,1.89
15:50:53.880,2.669
15:50:53.880,4.136
15:50:53.887,4.245
15:50:53.887,4.617
15:50:53.887,4.667
15:50:53.887,4.152
15:50:53.889,4.131
15:50:53.890,4.212
15:50:53.891,4.334
15:50:53.891,4.587
15:50:53.891,4.525
15:50:53.891,4.53
15:50:53.891,4.594
15:50:53.891,4.429
15:50:53.891,4.046
15:50:53.891,3.952
15:50:53.896,3.755
15:50:53.897,3.71
15:50:53.897,3.854
15:50:53.900,3.988
15:50:53.900,3.938
15:50:53.900,4.113
15:50:53.900,4.116
15:50:53.900,4.191
15:50:53.900,4.982
15:50:53.900,5.542
15:50:53.905,5.287
15:50:53.905,4.103
15:50:53.905,4.107
15:50:53.905,4.947
15:50:53.905,5.678
15:50:53.910,5.508
15:50:53.910,5.467
15:50:53.913,5.043
15:50:53.913,4.98
15:50:53.915,4.779
15:50:53.915,5.05
15:50:53.916,4.846
15:50:53.916,4.563
15:50:53.918,4.119
15:50:53.918,4.127
15:50:53.920,4.04
15:50:53.920,3.909
15:50:53.922,3.773
15:50:53.923,3.38
15:50:53.924,3.201
15:50:53.924,3.263
15:50:53.924,3.517
15:50:53.926,2.992
15:50:53.928,3.069
15:50:53.929,3.529
15:50:53.929,3.691
15:50:53.929,2.885
15:50:53.929,2.34
15:50:53.929,2.33
15:50:53.929,2.262
15:50:53.932,2.382
15:50:53.932,1.634
15:50:53.932,1.46
15:50:53.932,0.984
15:50:53.935,0.823
15:50:53.935,0.643
15:50:53.937,0.384
15:50:53.938,0.303
15:50:53.938,0.248
15:50:53.940,0.191
15:50:53.940,0.006
15:50:53.941,0.23
15:50:53.943,0.131
15:50:53.944,-0.117
15:50:53.944,0.466
15:50:53.946,0.294
15:50:53.946,0.109
15:50:53.947,-0.149
15:50:53.947,-0.149
15:50:53.947,-0.451
15:50:53.950,-0.701
15:50:53.951,-0.774
15:50:53.951,-1.091
15:50:53.951,-2.405
15:50:53.951,-3.595
15:50:53.954,-2.895
15:50:53.954,-1.27
15:50:53.954,-2.359
15:50:53.954,-3.928
15:50:53.954,-4.085
15:50:53.954,-4.446
15:50:53.954,-4.631
15:50:53.954,-4.258
15:50:53.959,-4.057
15:50:53.959,-4.147
15:50:53.959,-4.226
15:50:53.959,-4.3
15:50:53.959,-4.546
15:50:54.054,-4.435
15:50:54.054,-4.311
15:50:54.054,-3.996
15:50:54.054,-3.831
15:50:54.066,-3.641
15:50:54.066,-3.416
15:50:54.066,-3.718
15:50:54.066,-3.606
15:50:54.066,-3.627
15:50:54.070,-4.019
15:50:54.070,-4.113
15:50:54.070,-4.074
15:50:54.070,-4.259
15:50:54.075,-5.295
15:50:54.075,-5.415
15:50:54.076,-3.722
15:50:54.076,-4.001
15:50:54.078,-4.345
15:50:54.078,-5.004
15:50:54.079,-5.764
15:50:54.080,-5.452
15:50:54.081,-5.555
15:50:54.081,-5.266
15:50:54.082,-5.044
15:50:54.083,-4.915
15:50:54.083,-4.984
15:50:54.083,-4.548
15:50:54.086,-4.165
15:50:54.087,-4.061
15:50:54.087,-3.88
15:50:54.088,-3.81
15:50:54.088,-3.778
15:50:54.089,-3.481
15:50:54.090,-3.272
15:50:54.091,-3.216
15:50:54.091,-3.265
15:50:54.092,-3.093
15:50:54.093,-2.793
15:50:54.093,-3.337
15:50:54.093,-3.56
15:50:54.095,-2.963
15:50:54.096,-2.318
15:50:54.096,-2.179
15:50:54.097,-2.262
15:50:54.098,-1.796
15:50:54.098,-1.453
15:50:54.098,-1.16
15:50:54.101,-0.533
15:50:54.101,-0.527
15:50:54.101,-0.351
15:50:54.103,-0.079
15:50:54.103,-0.01
15:50:54.104,-0.033
15:50:54.104,-0.062
15:50:54.106,-0.063
15:50:54.106,-0.052
15:50:54.107,0.058
15:50:54.108,0.057
15:50:54.108,-0.078
15:50:54.109,-0.05
15:50:54.110,-0.166
15:50:54.110,0.153
15:50:54.111,0.219
15:50:54.112,0.381
15:50:54.113,0.428
15:50:54.113,0.828
15:50:54.114,1.06
15:50:54.115,1.046
15:50:54.115,2.469
15:50:54.116,3.348
15:50:54.117,2.757
15:50:54.119,2.028
15:50:54.119,1.868
15:50:54.119,2.877
15:50:54.121,4.056
15:50:54.122,4.293
15:50:54.123,4.711
15:50:54.123,4.554
15:50:54.123,4.219
15:50:54.123,4.211
15:50:54.123,4.18
15:50:54.127,4.435
15:50:54.127,4.515
15:50:54.128,4.734
15:50:54.129,4.571
15:50:54.129,4.477
15:50:54.129,4.133
15:50:54.129,4.041
15:50:54.132,3.703
15:50:54.132,3.793
15:50:54.132,4.039
15:50:54.132,3.833
15:50:54.132,4.029
15:50:54.132,4.15
15:50:54.132,4.205
15:50:54.132,4.113
15:50:54.137,4.467
15:50:54.137,5.236
15:50:54.139,4.956
15:50:54.139,3.954
15:50:54.139,4.043
15:50:54.141,4.453
15:50:54.141,5.348
15:50:54.142,5.717
15:50:54.142,5.576
15:50:54.142,5.594
15:50:54.142,5.24
15:50:54.142,5.212
15:50:54.142,4.895
15:50:54.146,4.959
15:50:54.146,4.891
15:50:54.146,4.946
15:50:54.148,4.463
15:50:54.149,4.233
15:50:54.149,4.029
15:50:54.150,3.861
15:50:54.150,3.783
15:50:54.151,3.628
15:50:54.151,3.317
15:50:54.153,3.371
15:50:54.153,3.411
15:50:54.154,3.052
15:50:54.154,2.923
15:50:54.154,2.683
15:50:54.154,3.56
15:50:54.154,3.453
15:50:54.158,2.575
15:50:54.158,2.303
15:50:54.158,2.376
15:50:54.158,2.386
15:50:54.161,1.939
15:50:54.161,1.823
15:50:54.162,1.088
15:50:54.162,0.826
15:50:54.164,0.465
15:50:54.164,0.376
15:50:54.164,0.337
15:50:54.164,0.198
15:50:54.164,0.187
15:50:54.167,0.153
15:50:54.167,-0.005
15:50:54.168,-0.048
15:50:54.168,0.128
15:50:54.169,0.19
15:50:54.169,0.141
15:50:54.170,0.017
15:50:54.170,0.021
15:50:54.172,-0.217
15:50:54.172,-0.485
15:50:54.173,-0.752
15:50:54.173,-0.989
15:50:54.173,-0.973
15:50:54.173,-1.958
15:50:54.173,-3.181
15:50:54.173,-3.435
15:50:54.177,-2.15
15:50:54.177,-1.85
15:50:54.178,-2.579
15:50:54.179,-3.673
15:50:54.179,-4.203
15:50:54.179,-4.579
15:50:54.182,-4.608
15:50:54.182,-4.011
15:50:54.183,-3.917
15:50:54.183,-4.176
15:50:54.184,-4.169
15:50:54.184,-4.582
15:50:54.186,-4.479
15:50:54.186,-4.325
15:50:54.187,-4.139
15:50:54.187,-3.881
15:50:54.187,-3.724
15:50:54.189,-3.537
15:50:54.189,-3.671
15:50:54.190,-3.886
15:50:54.190,-3.667
15:50:54.192,-3.774
15:50:54.192,-3.956
15:50:54.193,-4.12
15:50:54.193,-4.17
15:50:54.194,-4.707
15:50:54.195,-5.365
15:50:54.196,-5.403
15:50:54.196,-3.777
15:50:54.196,-3.873
15:50:54.196,-4.663
15:50:54.196,-5.404
15:50:54.196,-5.511
15:50:54.196,-5.358
15:50:54.196,-5.465
15:50:54.196,-5.34
15:50:54.196,-4.91
15:50:54.196,-5.134
15:50:54.196,-4.892
15:50:54.196,-4.848
15:50:54.196,-4.595
15:50:54.196,-4.442
15:50:54.196,-4.321
15:50:54.196,-3.923
15:50:54.196,-3.787
15:50:54.196,-3.707
15:50:54.196,-3.565
15:50:54.196,-3.319
15:50:54.196,-3.154
15:50:54.196,-3.231
15:50:54.196,-2.902
15:50:54.211,-2.917
15:50:54.211,-3.395
15:50:54.211,-3.558
15:50:54.211,-2.571
15:50:54.211,-2.387
15:50:54.211,-2.188
15:50:54.211,-2.135
15:50:54.211,-1.811
15:50:54.211,-1.363
15:50:54.211,-0.928
15:50:54.211,-0.554
15:50:54.211,-0.375
15:50:54.211,-0.291
15:50:54.211,-0.265
15:50:54.211,-0.17
15:50:54.211,-0.29
15:50:54.211,0.044
15:50:54.211,0.078
15:50:54.211,0.181
15:50:54.211,0.362
15:50:54.211,-0.107
15:50:54.211,-0.306
15:50:54.211,-0.081
15:50:54.211,-0.006
15:50:54.227,0.419
15:50:54.259,0.176
15:50:54.259,0.666
15:50:54.259,0.968
15:50:54.259,0.961
15:50:54.259,1.287
15:50:54.259,3.506
15:50:54.259,3.168
15:50:54.259,1.733
15:50:54.274,2.522
15:50:54.275,4.04
15:50:54.275,4.419
15:50:54.275,4.519
15:50:54.280,4.634
15:50:54.281,4.256
15:50:54.281,3.984
15:50:54.281,4.329
15:50:54.281,4.371
15:50:54.281,4.498
15:50:54.281,4.645
15:50:54.281,4.515
15:50:54.281,4.542
15:50:54.290,4.03
15:50:54.290,3.92
15:50:54.290,3.692
15:50:54.290,3.721
15:50:54.290,3.988
15:50:54.290,3.876
15:50:54.290,4.123
15:50:54.290,4.082
15:50:54.290,4.22
15:50:54.290,4.189
15:50:54.290,5.342
15:50:54.290,5.593
15:50:54.306,5.272
15:50:54.307,4.044
15:50:54.307,4.227
15:50:54.307,5.389
15:50:54.307,5.534
15:50:54.307,5.618
15:50:54.307,5.686
15:50:54.307,5.331
15:50:54.307,5.211
15:50:54.307,4.796
15:50:54.307,5.127
15:50:54.307,4.871
15:50:54.307,4.788
15:50:54.307,4.383
15:50:54.307,4.181
15:50:54.307,4.012
15:50:54.322,3.864
15:50:54.322,3.867
15:50:54.322,3.623
15:50:54.322,3.182
15:50:54.326,3.49
15:50:54.326,3.496
15:50:54.326,3.112
15:50:54.326,2.844
15:50:54.326,3.115
15:50:54.326,3.716
15:50:54.326,3.295
15:50:54.326,2.523
15:50:54.326,2.153
15:50:54.326,2.25
15:50:54.326,1.967
15:50:54.326,1.857
15:50:54.326,1.405
15:50:54.326,0.875
15:50:54.339,0.483
15:50:54.341,0.355
15:50:54.341,0.22
15:50:54.343,0.14
15:50:54.343,0.028
15:50:54.343,0.07
15:50:54.343,0.261
15:50:54.343,0.151
15:50:54.343,0.017
15:50:54.343,-0.142
15:50:54.349,0.445
15:50:54.349,0.054
15:50:54.351,0.115
15:50:54.351,-0.073
15:50:54.352,-0.16
15:50:54.352,-0.311
15:50:54.353,-0.671
15:50:54.355,-0.874
15:50:54.355,-0.919
15:50:54.355,-1.096
15:50:54.355,-2.763
15:50:54.355,-3.551
15:50:54.355,-2.455
15:50:54.355,-1.416
15:50:54.355,-2.076
15:50:54.355,-2.998
15:50:54.355,-4.015
15:50:54.355,-4.123
15:50:54.355,-4.576
15:50:54.355,-4.635
15:50:54.355,-4.008
15:50:54.355,-3.989
15:50:54.355,-4.178
15:50:54.355,-4.423
15:50:54.369,-4.449
15:50:54.369,-4.533
15:50:54.369,-4.475
15:50:54.369,-4.296
15:50:54.369,-3.794
15:50:54.369,-3.768
15:50:54.369,-3.608
15:50:54.376,-3.564
15:50:54.376,-3.802
15:50:54.376,-3.608
15:50:54.376,-3.795
15:50:54.376,-4.098
15:50:54.376,-4.011
15:50:54.376,-4.418
15:50:54.376,-5.036
15:50:54.376,-5.562
15:50:54.376,-4.686
15:50:54.376,-3.707
15:50:54.376,-4.531
15:50:54.385,-5.104
15:50:54.385,-5.479
15:50:54.385,-5.636
15:50:54.385,-5.335
15:50:54.385,-5.159
15:50:54.385,-4.94
15:50:54.385,-4.85
15:50:54.385,-4.837
15:50:54.385,-4.633
15:50:54.385,-4.433
15:50:54.385,-4.302
15:50:54.385,-3.844
15:50:54.385,-3.717
15:50:54.385,-3.708
15:50:54.385,-3.592
15:50:54.385,-3.481
15:50:54.385,-3.227
15:50:54.385,-3.378
15:50:54.385,-3.001
15:50:54.385,-2.825
15:50:54.385,-3.294
15:50:54.385,-3.542
15:50:54.385,-2.99
15:50:54.401,-2.55
15:50:54.401,-2.684
15:50:54.403,-2.148
15:50:54.403,-2.077
15:50:54.405,-1.805
15:50:54.405,-1.514
15:50:54.407,-0.905
15:50:54.408,-0.579
15:50:54.408,-0.415
15:50:54.408,-0.282
15:50:54.408,-0.285
15:50:54.408,-0.069
15:50:54.408,-0.108
15:50:54.408,0.02
15:50:54.408,0.097
15:50:54.408,0.09
15:50:54.408,-0.09
15:50:54.418,-0.215
15:50:54.418,0.042
15:50:54.418,-0.177
15:50:54.418,-0.03
15:50:54.418,0.168
15:50:54.418,0.476
15:50:54.418,0.571
15:50:54.418,0.699
15:50:54.418,0.96
15:50:54.418,1.176
15:50:54.427,1.894
15:50:54.427,2.22
15:50:54.427,3.109
15:50:54.427,3.38
15:50:54.427,2.056
15:50:54.427,1.736
15:50:54.433,2.648
15:50:54.433,3.76
15:50:54.433,4.555
15:50:54.433,4.586
15:50:54.433,4.479
15:50:54.433,4.066
15:50:54.433,4.183
15:50:54.433,4.398
15:50:54.433,4.643
15:50:54.433,4.524
15:50:54.433,4.508
15:50:54.433,4.342
15:50:54.433,4.222
15:50:54.433,3.96
15:50:54.433,3.694
15:50:54.433,3.996
15:50:54.433,3.667
15:50:54.433,4.121
15:50:54.448,4.098
15:50:54.448,4.166
15:50:54.448,4.913
15:50:54.448,5.543
15:50:54.448,5.462
15:50:54.448,3.9
15:50:54.448,3.737
15:50:54.455,4.494
15:50:54.455,5.45
15:50:54.455,5.948
15:50:54.455,5.483
15:50:54.455,5.58
15:50:54.455,5.584
15:50:54.455,5.403
15:50:54.455,4.979
15:50:54.455,4.962
15:50:54.455,4.753
15:50:54.455,4.718
15:50:54.455,4.246
15:50:54.464,3.997
15:50:54.464,3.97
15:50:54.464,3.681
15:50:54.464,3.496
15:50:54.464,3.34
15:50:54.464,3.491
15:50:54.464,3.379
15:50:54.464,2.988
15:50:54.464,3.148
15:50:54.464,3.655
15:50:54.464,3.258
15:50:54.464,2.713
15:50:54.464,2.331
15:50:54.464,2.331
15:50:54.464,2.228
15:50:54.464,1.938
15:50:54.464,1.567
15:50:54.464,1.644
15:50:54.464,0.838
15:50:54.464,0.505
15:50:54.464,0.467
15:50:54.464,0.393
15:50:54.464,0.207
15:50:54.481,0.449
15:50:54.481,0.145
15:50:54.481,0.098
15:50:54.481,0.137
15:50:54.481,0.156
15:50:54.481,0.205
15:50:54.481,0.206
15:50:54.481,0.102
15:50:54.481,0.084
15:50:54.481,-0.166
15:50:54.481,-0.48
15:50:54.481,-0.771
15:50:54.481,-0.947
15:50:54.481,-1.355
15:50:54.481,-2.479
15:50:54.481,-3.339
15:50:54.481,-3.113
15:50:54.481,-1.308
15:50:54.481,-2.195
15:50:54.481,-3.91
15:50:54.481,-4.336
15:50:54.481,-4.699
15:50:54.481,-4.37
15:50:54.496,-4.071
15:50:54.496,-4.159
15:50:54.496,-4.219
15:50:54.496,-4.691
15:50:54.496,-4.386
15:50:54.496,-4.275
15:50:54.496,-3.839
15:50:54.496,-3.543
15:50:54.496,-3.613
15:50:54.496,-3.778
15:50:54.496,-3.516
15:50:54.496,-3.622
15:50:54.496,-3.866
15:50:54.496,-4.149
15:50:54.496,-4.014
15:50:54.496,-4.245
15:50:54.496,-5.393
15:50:54.496,-5.512
15:50:54.496,-4.291
15:50:54.496,-3.685
15:50:54.496,-4.029
15:50:54.496,-5.31
15:50:54.496,-5.692
15:50:54.512,-5.417
15:50:54.512,-5.654
15:50:54.512,-5.134
15:50:54.512,-5.057
15:50:54.512,-5.007
15:50:54.512,-4.86
15:50:54.512,-4.665
15:50:54.512,-4.552
15:50:54.512,-4.355
15:50:54.512,-3.965
15:50:54.512,-3.826
15:50:54.512,-3.858
15:50:54.512,-3.637
15:50:54.512,-3.527
15:50:54.512,-3.316
15:50:54.512,-3.238
15:50:54.512,-3.28
15:50:54.512,-3.021
15:50:54.512,-2.888
15:50:54.512,-3.368
15:50:54.512,-3.157
15:50:54.512,-2.41
15:50:54.512,-2.316
15:50:54.528,-2.107
15:50:54.528,-2.21
15:50:54.528,-1.823
15:50:54.528,-1.245
15:50:54.528,-1.125
15:50:54.528,-0.739
15:50:54.528,-0.381
15:50:54.528,-0.414
15:50:54.528,-0.178
15:50:54.528,-0.256
15:50:54.528,0.053
15:50:54.528,-0.184
15:50:54.528,0.193
15:50:54.528,-0.125
15:50:54.528,0.302
15:50:54.528,-0.246
15:50:54.528,-0.035
15:50:54.528,-0.029
15:50:54.528,0.134
15:50:54.528,0.235
15:50:54.528,0.605
15:50:54.528,0.572
15:50:54.528,0.977
15:50:54.544,1.169
15:50:54.546,1.56
15:50:54.546,2.708
15:50:54.548,3.315
15:50:54.548,2.221
15:50:54.549,1.795
15:50:54.549,2.848
15:50:54.551,3.811
15:50:54.552,4.188
15:50:54.552,4.702
15:50:54.553,4.898
15:50:54.553,4.219
15:50:54.554,4.08
15:50:54.554,4.395
15:50:54.554,4.417
15:50:54.554,4.811
15:50:54.554,4.53
15:50:54.554,4.105
15:50:54.554,4.056
15:50:54.554,3.736
15:50:54.554,3.746
15:50:54.560,3.776
15:50:54.560,3.871
15:50:54.560,3.89
15:50:54.560,3.975
15:50:54.560,4.042
15:50:54.560,4.19
15:50:54.560,4.653
15:50:54.560,5.37
15:50:54.560,5.653
15:50:54.560,4.698
15:50:54.560,3.835
15:50:54.560,4.654
15:50:54.560,5.396
15:50:54.560,5.567
15:50:54.560,5.684
15:50:54.560,5.731
15:50:54.560,5.522
15:50:54.560,5.28
15:50:54.560,5.078
15:50:54.560,4.853
15:50:54.560,4.96
15:50:54.560,4.79
15:50:54.560,4.465
15:50:54.576,4.114
15:50:54.576,3.953
15:50:54.576,3.858
15:50:54.576,3.73
15:50:54.576,3.622
15:50:54.576,3.463
15:50:54.576,3.487
15:50:54.576,3.403
15:50:54.576,3.081
15:50:54.576,2.96
15:50:54.576,3.706
15:50:54.576,3.303
15:50:54.576,2.56
15:50:54.576,2.235
15:50:54.576,2.418
15:50:54.576,2.341
15:50:54.576,1.872
15:50:54.576,1.547
15:50:54.576,0.959
15:50:54.576,0.562
15:50:54.576,0.477
15:50:54.576,0.436
15:50:54.592,0.373
15:50:54.592,0.066
15:50:54.592,0.056
15:50:54.592,0.236
15:50:54.592,0.199
15:50:54.592,-0.079
15:50:54.592,0.169
15:50:54.592,0.214
15:50:54.592,0.216
15:50:54.592,0.049
15:50:54.592,0.05
15:50:54.592,-0.123
15:50:54.592,-0.368
15:50:54.592,-0.577
15:50:54.592,-0.653
15:50:54.592,-0.879
15:50:54.592,-1.207
15:50:54.592,-2.408
15:50:54.592,-3.431
15:50:54.592,-2.462
15:50:54.592,-2.122
15:50:54.592,-3.196
15:50:54.592,-3.851
15:50:54.607,-4.094
15:50:54.607,-4.265
15:50:54.607,-4.559
15:50:54.607,-3.984
15:50:54.607,-4.084
15:50:54.607,-4.173
15:50:54.607,-4.363
15:50:54.607,-4.478
15:50:54.607,-4.517
15:50:54.607,-4.391
15:50:54.607,-4.222
15:50:54.607,-3.952
15:50:54.607,-3.863
15:50:54.607,-3.583
15:50:54.607,-3.625
15:50:54.607,-3.555
15:50:54.607,-3.838
15:50:54.607,-3.719
15:50:54.607,-3.917
15:50:54.607,-3.935
15:50:54.607,-4.026
15:50:54.623,-4.112
15:50:54.623,-4.84
15:50:54.623,-5.614
15:50:54.623,-5.442
15:50:54.623,-4.329
15:50:54.623,-3.631
15:50:54.623,-4.088
15:50:54.623,-4.994
15:50:54.623,-5.379
15:50:54.623,-5.382
15:50:54.623,-5.464
15:50:54.623,-5.151
15:50:54.623,-5.183
15:50:54.623,-4.857
15:50:54.623,-4.847
15:50:54.623,-4.473
15:50:54.623,-4.667
15:50:54.623,-4.455
15:50:54.623,-4.09
15:50:54.623,-3.729
15:50:54.623,-3.718
15:50:54.623,-3.724
15:50:54.623,-3.561
15:50:54.623,-3.208
15:50:54.639,-3.198
15:50:54.639,-3.388
15:50:54.639,-3.107
15:50:54.639,-2.704
15:50:54.639,-3.262
15:50:54.639,-3.622
15:50:54.639,-3.12
15:50:54.639,-2.428
15:50:54.639,-2.404
15:50:54.639,-2.153
15:50:54.639,-1.904
15:50:54.639,-1.671
15:50:54.639,-1.238
15:50:54.639,-0.681
15:50:54.639,-0.589
15:50:54.639,-0.429
15:50:54.639,-0.203
15:50:54.639,-0.247
15:50:54.639,0.073
15:50:54.639,0.005
15:50:54.639,-0.149
15:50:54.655,-0.207
15:50:54.655,-0.07
15:50:54.655,0.101
15:50:54.657,-0.082
15:50:54.657,-0.115
15:50:54.657,-0.06
15:50:54.657,0.208
15:50:54.657,0.271
15:50:54.657,0.242
15:50:54.657,0.735
15:50:54.657,0.84
15:50:54.657,0.968
15:50:54.657,0.999
15:50:54.657,2.151
15:50:54.657,3.218
15:50:54.657,3.497
15:50:54.657,1.543
15:50:54.657,2.387
15:50:54.657,3.062
15:50:54.657,4.13
15:50:54.657,4.238
15:50:54.657,4.672
15:50:54.657,4.707
15:50:54.671,4.294
15:50:54.671,3.975
15:50:54.671,4.215
15:50:54.671,4.417
15:50:54.671,4.476
15:50:54.671,4.695
15:50:54.671,4.529
15:50:54.671,4.498
15:50:54.671,3.996
15:50:54.671,3.977
15:50:54.671,3.604
15:50:54.671,3.841
15:50:54.671,3.784
15:50:54.671,4.034
15:50:54.671,3.742
15:50:54.671,4.043
15:50:54.671,4.041
15:50:54.671,4.171
15:50:54.671,4.42
15:50:54.671,5.37
15:50:54.671,5.606
15:50:54.671,4.83
15:50:54.687,3.703
15:50:54.687,4.447
15:50:54.687,5.194
15:50:54.687,5.533
15:50:54.687,5.634
15:50:54.687,5.657
15:50:54.687,5.348
15:50:54.687,5.215
15:50:54.687,5.034
15:50:54.687,4.953
15:50:54.687,4.688
15:50:54.687,4.713
15:50:54.687,4.51
15:50:54.687,4.331
15:50:54.687,3.981
15:50:54.687,3.802
15:50:54.687,3.718
15:50:54.687,3.626
15:50:54.687,3.515
15:50:54.687,3.398
15:50:54.687,3.195
15:50:54.687,2.964
15:50:54.687,3.054
15:50:54.702,3.609
15:50:54.702,3.303
15:50:54.702,2.509
15:50:54.702,2.263
15:50:54.702,2.44
15:50:54.702,2.691
15:50:54.702,1.859
15:50:54.702,1.546
15:50:54.702,1.205
15:50:54.702,0.886
15:50:54.702,0.39
15:50:54.702,0.479
15:50:54.702,0.307
15:50:54.702,0.16
15:50:54.702,0.378
15:50:54.702,0.0
15:50:54.702,0.234
15:50:54.702,0.042
15:50:54.702,0.054
15:50:54.702,0.178
15:50:54.702,0.254
15:50:54.718,0.164
15:50:54.718,0.207
15:50:54.718,-0.014
15:50:54.718,-0.277
15:50:54.718,-0.399
15:50:54.718,-0.629
15:50:54.718,-0.775
15:50:54.718,-0.922
15:50:54.718,-2.166
15:50:54.718,-3.346
15:50:54.718,-3.07
15:50:54.718,-1.631
15:50:54.718,-1.835
15:50:54.718,-3.054
15:50:54.718,-4.009
15:50:54.718,-4.286
15:50:54.718,-4.606
15:50:54.718,-4.484
15:50:54.718,-4.24
15:50:54.718,-4.068
15:50:54.718,-4.146
15:50:54.718,-4.24
15:50:54.734,-4.279
15:50:54.734,-4.67
15:50:54.734,-4.373
15:50:54.734,-4.307
15:50:54.734,-4.074
15:50:54.734,-3.855
15:50:54.734,-3.683
15:50:54.734,-3.593
15:50:54.734,-3.58
15:50:54.734,-3.728
15:50:54.734,-3.653
15:50:54.734,-3.866
15:50:54.734,-4.071
15:50:54.734,-4.106
15:50:54.734,-4.345
15:50:54.734,-5.367
15:50:54.734,-5.507
15:50:54.734,-4.45
15:50:54.734,-3.573
15:50:54.734,-4.247
15:50:54.734,-5.205
15:50:54.734,-5.38
15:50:54.750,-5.53
15:50:54.750,-5.591
15:50:54.750,-5.289
15:50:54.750,-5.091
15:50:54.750,-5.31
15:50:54.750,-4.945
15:50:54.750,-4.824
15:50:54.750,-4.531
15:50:54.750,-4.644
15:50:54.750,-4.244
15:50:54.750,-3.976
15:50:54.750,-3.879
15:50:54.750,-3.706
15:50:54.750,-3.664
15:50:54.750,-3.547
15:50:54.750,-3.454
15:50:54.750,-3.177
15:50:54.750,-3.294
15:50:54.750,-3.207
15:50:54.750,-2.974
15:50:54.750,-2.81
15:50:54.750,-3.569
15:50:54.750,-3.386
15:50:54.766,-2.674
15:50:54.767,-2.36
15:50:54.767,-2.328
15:50:54.767,-2.445
15:50:54.767,-1.678
15:50:54.767,-1.79
15:50:54.767,-1.566
15:50:54.767,-0.839
15:50:54.767,-0.293
15:50:54.767,-0.346
15:50:54.775,-0.256
15:50:54.775,-0.225
15:50:54.775,-0.209
15:50:54.775,0.101
15:50:54.775,-0.047
15:50:54.775,-0.095
15:50:54.775,0.127
15:50:54.775,0.063
15:50:54.775,-0.035
15:50:54.775,-0.08
15:50:54.775,-0.08
15:50:54.782,0.033
15:50:54.782,0.117
15:50:54.782,0.321
15:50:54.782,0.369
15:50:54.782,0.726
15:50:54.782,1.072
15:50:54.782,1.003
15:50:54.782,1.81
15:50:54.782,2.872
15:50:54.782,3.445
15:50:54.782,2.219
15:50:54.782,2.022
15:50:54.782,3.462
15:50:54.782,4.383
15:50:54.893,4.588
15:50:54.896,4.827
15:50:54.896,4.264
15:50:54.896,4.107
15:50:54.900,4.205
15:50:54.900,4.521
15:50:54.900,4.484
15:50:54.900,4.682
15:50:54.900,4.656
15:50:54.900,4.529
15:50:54.900,4.116
15:50:54.900,3.967
15:50:54.900,3.897
15:50:54.900,3.682
15:50:54.900,3.658
15:50:54.900,4.029
15:50:54.909,3.861
15:50:54.909,3.743
15:50:54.909,4.073
15:50:54.909,4.144
15:50:54.909,4.122
15:50:54.909,4.196
15:50:54.909,4.815
15:50:54.909,5.468
15:50:54.909,5.375
15:50:54.909,4.319
15:50:54.909,3.905
15:50:54.909,4.877
15:50:54.909,5.233
15:50:54.921,5.676
15:50:54.921,5.529
15:50:54.924,5.574
15:50:54.924,5.471
15:50:54.924,5.411
15:50:54.924,4.928
15:50:54.924,4.851
15:50:54.924,4.654
15:50:54.924,4.911
15:50:54.924,4.662
15:50:54.924,4.423
15:50:54.924,4.067
15:50:54.940,3.849
15:50:54.940,3.954
15:50:54.940,3.813
15:50:54.940,3.687
15:50:54.940,3.464
15:50:54.940,3.173
15:50:54.940,3.382
15:50:54.940,3.398
15:50:54.940,2.903
15:50:54.940,3.219
15:50:54.940,3.692
15:50:54.940,2.727
15:50:54.940,2.176
15:50:54.956,2.21
15:50:54.956,2.211
15:50:54.956,1.932
15:50:54.956,1.781
15:50:54.956,1.206
15:50:54.956,0.793
15:50:54.956,0.581
15:50:54.956,0.463
15:50:54.956,0.328
15:50:54.956,0.386
15:50:54.956,0.326
15:50:54.956,0.356
15:50:54.956,0.436
15:50:54.956,0.098
15:50:54.956,-0.134
15:50:54.972,0.071
15:50:54.972,0.0
15:50:54.972,0.201
15:50:54.972,0.072
15:50:54.972,0.129
15:50:54.972,-0.139
15:50:54.972,-0.424
15:50:54.972,-0.817
15:50:54.972,-0.876
15:50:54.972,-1.545
15:50:54.972,-3.073
15:50:54.972,-3.411
15:50:54.972,-1.503
15:50:54.987,-2.045
15:50:54.988,-2.907
15:50:54.990,-3.839
15:50:54.990,-4.4
15:50:54.990,-4.679
15:50:54.990,-4.254
15:50:54.990,-4.066
15:50:54.990,-4.023
15:50:54.990,-4.336
15:50:54.990,-4.308
15:50:54.990,-4.502
15:50:54.990,-4.432
15:50:54.990,-4.474
15:50:54.990,-4.024
15:50:54.990,-3.813
15:50:54.990,-3.503
15:50:55.003,-3.538
15:50:55.003,-3.903
15:50:55.003,-3.736
15:50:55.003,-3.705
15:50:55.003,-4.011
15:50:55.003,-4.023
15:50:55.003,-4.137
15:50:55.003,-4.474
15:50:55.003,-5.206
15:50:55.003,-5.541
15:50:55.003,-4.673
15:50:55.003,-3.579
15:50:55.003,-3.988
15:50:55.003,-5.457
15:50:55.003,-5.765
15:50:55.003,-5.359
15:50:55.003,-5.566
15:50:55.003,-5.375
15:50:55.003,-5.092
15:50:55.003,-5.105
15:50:55.019,-4.962
15:50:55.019,-4.638
15:50:55.019,-4.648
15:50:55.019,-4.413
15:50:55.019,-4.027
15:50:55.019,-3.884
15:50:55.019,-3.773
15:50:55.019,-3.796
15:50:55.019,-3.613
15:50:55.019,-3.424
15:50:55.019,-3.246
15:50:55.019,-3.473
15:50:55.019,-3.09
15:50:55.019,-2.875
15:50:55.019,-3.483
15:50:55.019,-3.581
15:50:55.019,-2.617
15:50:55.019,-2.525
15:50:55.035,-2.161
15:50:55.035,-1.97
15:50:55.035,-1.6
15:50:55.035,-1.267
15:50:55.035,-0.628
15:50:55.039,-0.414
15:50:55.039,-0.288
15:50:55.039,-0.257
15:50:55.039,-0.151
15:50:55.039,-0.291
15:50:55.039,-0.068
15:50:55.039,0.035
15:50:55.039,0.054
15:50:55.047,-0.078
15:50:55.047,-0.06
15:50:55.047,-0.128
15:50:55.047,-0.138
15:50:55.047,0.049
15:50:55.047,0.157
15:50:55.051,0.399
15:50:55.051,0.461
15:50:55.051,0.724
15:50:55.053,0.825
15:50:55.053,1.011
15:50:55.053,1.324
15:50:55.053,2.449
15:50:55.053,3.426
15:50:55.053,2.796
15:50:55.053,1.551
15:50:55.053,2.588
15:50:55.053,3.143
15:50:55.059,4.327
15:50:55.059,4.39
15:50:55.059,4.6
15:50:55.062,4.876
15:50:55.062,4.256
15:50:55.062,4.066
15:50:55.062,4.271
15:50:55.062,4.546
15:50:55.062,4.601
15:50:55.062,4.659
15:50:55.062,4.664
15:50:55.067,4.325
15:50:55.068,4.047
15:50:55.069,3.905
15:50:55.069,3.851
15:50:55.069,3.75
15:50:55.069,3.894
15:50:55.069,3.943
15:50:55.069,4.08
15:50:55.069,4.154
15:50:55.069,4.447
15:50:55.069,5.405
15:50:55.069,5.297
15:50:55.069,3.846
15:50:55.069,3.935
15:50:55.069,4.919
15:50:55.069,5.573
15:50:55.069,5.545
15:50:55.069,5.627
15:50:55.069,5.379
15:50:55.069,5.243
15:50:55.069,4.884
15:50:55.069,4.807
15:50:55.069,4.898
15:50:55.083,4.468
15:50:55.084,4.054
15:50:55.084,3.99
15:50:55.084,3.774
15:50:55.084,4.0
15:50:55.084,3.649
15:50:55.088,3.16
15:50:55.088,3.471
15:50:55.088,3.333
15:50:55.088,3.017
15:50:55.088,3.094
15:50:55.088,3.545
15:50:55.088,3.416
15:50:55.088,2.988
15:50:55.088,2.358
15:50:55.088,2.431
15:50:55.088,2.015
15:50:55.088,1.867
15:50:55.088,1.371
15:50:55.088,0.916
15:50:55.088,0.775
15:50:55.088,0.511
15:50:55.088,0.413
15:50:55.099,0.451
15:50:55.099,0.252
15:50:55.099,0.273
15:50:55.099,0.134
15:50:55.099,0.082
15:50:55.099,0.117
15:50:55.099,0.05
15:50:55.099,0.006
15:50:55.099,0.179
15:50:55.099,0.189
15:50:55.099,0.075
15:50:55.099,-0.071
15:50:55.099,-0.149
15:50:55.099,-0.376
15:50:55.099,-0.56
15:50:55.099,-0.681
15:50:55.099,-0.847
15:50:55.099,-0.991
15:50:55.099,-1.838
15:50:55.099,-3.369
15:50:55.099,-2.865
15:50:55.099,-2.038
15:50:55.099,-2.255
15:50:55.099,-3.292
15:50:55.114,-3.88
15:50:55.115,-4.687
15:50:55.115,-4.795
15:50:55.116,-4.305
15:50:55.117,-3.947
15:50:55.117,-3.939
15:50:55.117,-4.237
15:50:55.117,-4.33
15:50:55.117,-4.475
15:50:55.117,-4.628
15:50:55.117,-4.32
15:50:55.117,-4.231
15:50:55.117,-3.928
15:50:55.117,-3.755
15:50:55.117,-3.536
15:50:55.117,-3.595
15:50:55.117,-3.684
15:50:55.117,-3.731
15:50:55.130,-3.787
15:50:55.131,-3.958
15:50:55.131,-3.946
15:50:55.131,-4.165
15:50:55.131,-4.909
15:50:55.131,-5.597
15:50:55.136,-5.208
15:50:55.136,-3.996
15:50:55.136,-3.785
15:50:55.138,-5.156
15:50:55.138,-5.357
15:50:55.138,-5.599
15:50:55.138,-5.684
15:50:55.138,-5.318
15:50:55.141,-5.144
15:50:55.141,-4.906
15:50:55.141,-5.009
15:50:55.141,-4.624
15:50:55.141,-4.657
15:50:55.141,-4.342
15:50:55.141,-4.021
15:50:55.146,-3.9
15:50:55.146,-3.678
15:50:55.146,-3.688
15:50:55.146,-3.527
15:50:55.146,-3.184
15:50:55.146,-3.352
15:50:55.146,-2.978
15:50:55.146,-2.875
15:50:55.146,-3.387
15:50:55.146,-3.601
15:50:55.146,-3.037
15:50:55.146,-2.193
15:50:55.146,-2.453
15:50:55.146,-2.441
15:50:55.146,-2.084
15:50:55.146,-1.698
15:50:55.156,-1.457
15:50:55.156,-0.991
15:50:55.156,-0.517
15:50:55.156,-0.374
15:50:55.156,-0.269
15:50:55.156,-0.145
15:50:55.156,-0.088
15:50:55.161,-0.039
15:50:55.161,-0.113
15:50:55.162,-0.097
15:50:55.163,0.029
15:50:55.163,0.005
15:50:55.163,0.102
15:50:55.163,-0.111
15:50:55.163,-0.087
15:50:55.163,-0.037
15:50:55.163,0.09
15:50:55.163,0.235
15:50:55.163,0.418
15:50:55.163,0.812
15:50:55.163,0.946
15:50:55.163,1.11
15:50:55.163,2.139
15:50:55.163,3.227
15:50:55.163,3.434
15:50:55.163,2.167
15:50:55.163,1.628
15:50:55.163,2.626
15:50:55.163,3.809
15:50:55.176,4.373
15:50:55.176,4.662
15:50:55.176,4.664
15:50:55.178,4.147
15:50:55.179,4.03
15:50:55.179,4.506
15:50:55.179,4.379
15:50:55.181,4.776
15:50:55.181,4.639
15:50:55.181,4.449
15:50:55.181,4.384
15:50:55.181,3.979
15:50:55.181,3.889
15:50:55.181,3.739
15:50:55.181,3.71
15:50:55.181,3.969
15:50:55.181,3.82
15:50:55.181,4.037
15:50:55.181,4.153
15:50:55.181,4.161
15:50:55.181,4.152
15:50:55.181,5.064
15:50:55.181,5.595
15:50:55.181,5.516
15:50:55.194,4.14
15:50:55.194,4.009
15:50:55.194,5.139
15:50:55.194,5.587
15:50:55.194,5.624
15:50:55.194,5.672
15:50:55.194,5.264
15:50:55.194,5.189
15:50:55.194,5.109
15:50:55.194,4.95
15:50:55.194,4.709
15:50:55.194,4.869
15:50:55.194,4.69
15:50:55.194,4.061
15:50:55.194,3.997
15:50:55.194,3.751
15:50:55.194,3.86
15:50:55.194,3.682
15:50:55.194,3.338
15:50:55.194,3.439
15:50:55.194,3.201
15:50:55.194,2.942
15:50:55.194,3.406
15:50:55.210,3.393
15:50:55.210,2.782
15:50:55.210,2.16
15:50:55.210,2.417
15:50:55.210,2.186
15:50:55.210,1.862
15:50:55.210,1.743
15:50:55.210,1.162
15:50:55.210,0.681
15:50:55.210,0.527
15:50:55.210,0.417
15:50:55.210,0.313
15:50:55.210,0.149
15:50:55.210,0.213
15:50:55.210,0.242
15:50:55.210,0.111
15:50:55.210,-0.028
15:50:55.210,0.069
15:50:55.210,0.203
15:50:55.210,0.208
15:50:55.210,0.076
15:50:55.210,0.1
15:50:55.226,-0.039
15:50:55.226,-0.304
15:50:55.226,-0.31
15:50:55.226,-0.455
15:50:55.226,-0.891
15:50:55.226,-1.078
15:50:55.226,-2.138
15:50:55.226,-3.314
15:50:55.226,-3.396
15:50:55.226,-2.679
15:50:55.226,-1.45
15:50:55.226,-2.446
15:50:55.226,-3.468
15:50:55.226,-3.909
15:50:55.226,-4.072
15:50:55.226,-4.398
15:50:55.226,-4.678
15:50:55.226,-4.015
15:50:55.226,-4.056
15:50:55.226,-4.269
15:50:55.226,-4.212
15:50:55.226,-4.477
15:50:55.226,-4.552
15:50:55.241,-4.237
15:50:55.242,-4.163
15:50:55.243,-3.886
15:50:55.243,-3.707
15:50:55.243,-3.549
15:50:55.243,-3.78
15:50:55.243,-3.699
15:50:55.243,-3.789
15:50:55.243,-3.955
15:50:55.243,-4.019
15:50:55.243,-4.104
15:50:55.243,-4.982
15:50:55.243,-5.404
15:50:55.243,-5.341
15:50:55.243,-4.001
15:50:55.243,-3.732
15:50:55.243,-4.86
15:50:55.243,-5.15
15:50:55.243,-5.417
15:50:55.255,-5.599
15:50:55.255,-5.469
15:50:55.257,-5.11
15:50:55.257,-5.076
15:50:55.257,-4.92
15:50:55.257,-4.685
15:50:55.257,-4.689
15:50:55.257,-4.499
15:50:55.257,-4.005
15:50:55.257,-3.868
15:50:55.257,-3.833
15:50:55.257,-3.724
15:50:55.257,-3.493
15:50:55.257,-3.479
15:50:55.257,-3.235
15:50:55.257,-3.478
15:50:55.257,-3.115
15:50:55.257,-2.793
15:50:55.257,-3.153
15:50:55.257,-3.538
15:50:55.257,-3.186
15:50:55.257,-2.154
15:50:55.272,-2.554
15:50:55.274,-2.21
15:50:55.274,-1.979
15:50:55.274,-1.74
15:50:55.276,-1.32
15:50:55.276,-0.573
15:50:55.276,-0.427
15:50:55.276,-0.205
15:50:55.276,-0.236
15:50:55.276,-0.072
15:50:55.276,0.099
15:50:55.276,0.109
15:50:55.276,0.05
15:50:55.276,0.127
15:50:55.276,-0.076
15:50:55.276,-0.167
15:50:55.276,-0.051
15:50:55.276,0.017
15:50:55.276,0.154
15:50:55.276,0.118
15:50:55.276,0.427
15:50:55.276,0.508
15:50:55.276,0.79
15:50:55.276,0.979
15:50:55.289,1.104
15:50:55.289,1.338
15:50:55.289,3.001
15:50:55.289,3.592
15:50:55.289,2.123
15:50:55.289,1.938
15:50:55.289,3.101
15:50:55.289,4.126
15:50:55.289,4.426
15:50:55.289,4.735
15:50:55.289,3.833
15:50:55.289,4.27
15:50:55.289,4.414
15:50:55.289,4.517
15:50:55.289,4.651
15:50:55.289,4.579
15:50:55.289,4.141
15:50:55.289,3.92
15:50:55.289,3.749
15:50:55.289,3.79
15:50:55.289,3.889
15:50:55.289,3.9
15:50:55.304,3.958
15:50:55.305,4.004
15:50:55.306,4.278
15:50:55.306,4.835
15:50:55.308,5.238
15:50:55.308,5.582
15:50:55.308,4.285
15:50:55.308,3.725
15:50:55.308,4.275
15:50:55.308,5.096
15:50:55.308,5.807
15:50:55.308,5.732
15:50:55.308,5.615
15:50:55.308,5.683
15:50:55.308,4.996
15:50:55.308,4.841
15:50:55.308,4.934
15:50:55.308,4.908
15:50:55.308,4.681
15:50:55.308,4.521
15:50:55.308,4.287
15:50:55.320,4.114
15:50:55.320,3.904
15:50:55.320,3.876
15:50:55.320,3.619
15:50:55.320,3.4
15:50:55.320,3.424
15:50:55.320,3.485
15:50:55.320,3.33
15:50:55.320,3.083
15:50:55.320,3.071
15:50:55.320,3.551
15:50:55.320,3.336
15:50:55.320,2.67
15:50:55.320,2.224
15:50:55.320,2.339
15:50:55.320,2.242
15:50:55.320,1.861
15:50:55.320,1.368
15:50:55.320,0.939
15:50:55.320,0.712
15:50:55.320,0.39
15:50:55.333,0.223
15:50:55.333,0.237
15:50:55.333,0.273
15:50:55.333,0.193
15:50:55.336,0.105
15:50:55.337,0.038
15:50:55.339,0.029
15:50:55.339,-0.175
15:50:55.339,0.304
15:50:55.339,0.087
15:50:55.339,0.091
15:50:55.339,-0.099
15:50:55.339,-0.563
15:50:55.339,-0.487
15:50:55.339,-0.734
15:50:55.339,-0.885
15:50:55.339,-1.051
15:50:55.339,-2.537
15:50:55.339,-3.28
15:50:55.339,-3.081
15:50:55.339,-1.608
15:50:55.339,-2.524
15:50:55.339,-3.286
15:50:55.339,-4.024
15:50:55.352,-4.267
15:50:55.352,-4.759
15:50:55.352,-4.722
15:50:55.352,-4.339
15:50:55.352,-4.025
15:50:55.352,-4.015
15:50:55.352,-4.222
15:50:55.359,-4.245
15:50:55.359,-4.606
15:50:55.359,-4.555
15:50:55.359,-4.525
15:50:55.359,-4.117
15:50:55.359,-3.873
15:50:55.359,-3.752
15:50:55.359,-3.639
15:50:55.359,-3.501
15:50:55.359,-3.688
15:50:55.368,-3.726
15:50:55.368,-3.853
15:50:55.368,-4.076
15:50:55.368,-4.115
15:50:55.368,-5.097
15:50:55.368,-5.644
15:50:55.373,-4.821
15:50:55.373,-3.765
15:50:55.374,-4.202
15:50:55.374,-5.087
15:50:55.375,-5.563
15:50:55.375,-5.474
15:50:55.375,-5.539
15:50:55.375,-5.35
15:50:55.375,-5.18
15:50:55.375,-5.173
15:50:55.375,-4.93
15:50:55.375,-4.769
15:50:55.375,-4.645
15:50:55.375,-4.641
15:50:55.375,-4.392
15:50:55.375,-3.966
15:50:55.375,-3.927
15:50:55.384,-3.732
15:50:55.384,-3.727
15:50:55.384,-3.552
15:50:55.384,-3.207
15:50:55.384,-3.353
15:50:55.384,-3.427
15:50:55.384,-2.944
15:50:55.384,-2.88
15:50:55.384,-3.431
15:50:55.384,-3.525
15:50:55.384,-3.003
15:50:55.384,-2.572
15:50:55.384,-2.588
15:50:55.384,-2.235
15:50:55.384,-2.153
15:50:55.384,-1.797
15:50:55.384,-1.665
15:50:55.384,-1.219
15:50:55.384,-0.464
15:50:55.384,-0.486
15:50:55.384,-0.305
15:50:55.384,-0.267
15:50:55.384,0.063
15:50:55.399,0.03
15:50:55.400,-0.035
15:50:55.400,0.047
15:50:55.402,-0.001
15:50:55.402,0.056
15:50:55.402,-0.052
15:50:55.402,-0.096
15:50:55.402,-0.056
15:50:55.402,0.022
15:50:55.402,0.074
15:50:55.409,0.412
15:50:55.409,0.633
15:50:55.409,0.974
15:50:55.409,1.075
15:50:55.409,2.055
15:50:55.409,3.064
15:50:55.409,3.135
15:50:55.409,1.696
15:50:55.415,2.785
15:50:55.415,3.837
15:50:55.419,4.297
15:50:55.420,4.504
15:50:55.420,4.619
15:50:55.420,4.329
15:50:55.420,4.06
15:50:55.420,4.184
15:50:55.420,4.421
15:50:55.420,4.663
15:50:55.420,4.54
15:50:55.420,4.409
15:50:55.420,4.443
15:50:55.420,3.973
15:50:55.432,3.878
15:50:55.432,3.673
15:50:55.432,3.929
15:50:55.432,3.682
15:50:55.432,3.858
15:50:55.432,3.95
15:50:55.432,4.249
15:50:55.432,4.131
15:50:55.432,4.253
15:50:55.432,4.76
15:50:55.432,5.493
15:50:55.432,5.237
15:50:55.432,3.866
15:50:55.432,3.878
15:50:55.444,4.309
15:50:55.445,5.374
15:50:55.445,5.698
15:50:55.446,5.655
15:50:55.446,5.335
15:50:55.446,5.346
15:50:55.448,5.058
15:50:55.449,4.836
15:50:55.449,4.875
15:50:55.449,4.873
15:50:55.449,4.539
15:50:55.449,4.377
15:50:55.449,4.106
15:50:55.449,4.012
15:50:55.449,3.863
15:50:55.449,3.848
15:50:55.449,3.667
15:50:55.449,3.35
15:50:55.449,3.34
15:50:55.449,3.531
15:50:55.464,3.434
15:50:55.464,2.88
15:50:55.464,3.056
15:50:55.464,3.625
15:50:55.464,3.623
15:50:55.464,2.755
15:50:55.464,2.355
15:50:55.464,2.348
15:50:55.464,2.282
15:50:55.464,2.037
15:50:55.464,1.51
15:50:55.464,1.571
15:50:55.464,1.146
15:50:55.464,0.719
15:50:55.464,0.461
15:50:55.464,0.391
15:50:55.464,0.381
15:50:55.464,0.199
15:50:55.464,0.272
15:50:55.464,0.195
15:50:55.464,0.073
15:50:55.464,0.117
15:50:55.479,-0.022
15:50:55.479,0.19
15:50:55.479,0.226
15:50:55.479,0.026
15:50:55.479,-0.007
15:50:55.479,-0.57
15:50:55.479,-0.048
15:50:55.479,-0.718
15:50:55.479,-0.825
15:50:55.479,-1.125
15:50:55.479,-1.26
15:50:55.479,-2.824
15:50:55.479,-3.642
15:50:55.479,-2.824
15:50:55.479,-1.746
15:50:55.479,-2.061
15:50:55.479,-3.445
15:50:55.479,-3.676
15:50:55.479,-4.257
15:50:55.479,-4.456
15:50:55.479,-4.509
15:50:55.479,-4.074
15:50:55.495,-3.982
15:50:55.495,-4.106
15:50:55.495,-4.324
15:50:55.495,-4.334
15:50:55.495,-4.638
15:50:55.495,-4.378
15:50:55.495,-4.199
15:50:55.495,-4.016
15:50:55.495,-3.575
15:50:55.495,-3.5
15:50:55.495,-3.655
15:50:55.495,-3.723
15:50:55.495,-3.789
15:50:55.495,-3.973
15:50:55.495,-4.074
15:50:55.495,-4.097
15:50:55.495,-4.084
15:50:55.495,-2.251
15:50:55.495,-1.58
15:50:55.495,-1.697
15:50:55.495,-0.998
15:50:55.495,-0.519
15:50:55.495,-0.346
15:50:55.495,-0.12
15:50:55.495,-0.155
15:50:55.511,-0.077
15:50:55.511,-0.149
15:50:55.511,0.088
15:50:55.511,0.037
15:50:55.511,0.018
15:50:55.511,-0.03
15:50:55.511,0.001
15:50:55.511,-0.03
15:50:55.511,0.117
15:50:55.511,0.405
15:50:55.511,0.747
15:50:55.511,0.891
15:50:55.511,1.155
15:50:55.511,2.035
15:50:55.511,3.327
15:50:55.511,2.235
15:50:55.511,1.823
15:50:55.511,3.582
15:50:55.511,4.142
15:50:55.511,4.377
15:50:55.511,4.851
15:50:55.511,4.4
15:50:55.526,3.965
15:50:55.526,4.056
15:50:55.526,4.433
15:50:55.526,4.228
15:50:55.526,4.698
15:50:55.526,4.634
15:50:55.526,4.555
15:50:55.526,4.096
15:50:55.526,4.064
15:50:55.526,3.789
15:50:55.526,3.635
15:50:55.526,3.886
15:50:55.526,3.851
15:50:55.526,3.891
15:50:55.526,4.072
15:50:55.526,4.138
15:50:55.526,4.109
15:50:55.526,4.481
15:50:55.526,5.325
15:50:55.526,5.391
15:50:55.526,4.472
15:50:55.526,4.017
15:50:55.526,4.015
15:50:55.526,5.657
15:50:55.542,5.633
15:50:55.544,5.599
15:50:55.545,5.422
15:50:55.546,5.118
15:50:55.546,4.865
15:50:55.547,4.721
15:50:55.547,4.944
15:50:55.547,4.734
15:50:55.547,4.264
15:50:55.547,4.113
15:50:55.547,3.984
15:50:55.547,3.852
15:50:55.547,3.589
15:50:55.547,3.263
15:50:55.547,3.43
15:50:55.547,3.279
15:50:55.558,2.915
15:50:55.558,3.052
15:50:55.558,3.523
15:50:55.558,3.604
15:50:55.558,2.771
15:50:55.558,2.341
15:50:55.558,2.313
15:50:55.569,2.285
15:50:55.569,1.637
15:50:55.569,1.8
15:50:55.569,1.594
15:50:55.569,1.119
15:50:55.569,0.718
15:50:55.569,0.571
15:50:55.574,0.278
15:50:55.574,0.26
15:50:55.574,0.273
15:50:55.574,0.072
15:50:55.574,-0.098
15:50:55.574,0.063
15:50:55.574,0.187
15:50:55.574,0.093
15:50:55.574,-0.02
15:50:55.574,0.181
15:50:55.574,0.172
15:50:55.574,0.172
15:50:55.574,0.053
15:50:55.574,-0.23
15:50:55.574,-0.407
15:50:55.574,-0.762
15:50:55.574,-0.968
15:50:55.574,-0.957
15:50:55.589,-2.088
15:50:55.589,-3.124
15:50:55.605,-3.331
15:50:55.605,-2.136
15:50:55.605,-1.692
15:50:55.605,-2.767
15:50:55.605,-3.661
15:50:55.605,-4.184
15:50:55.605,-4.781
15:50:55.605,-4.553
15:50:55.605,-4.005
15:50:55.605,-3.759
15:50:55.605,-4.285
15:50:55.605,-4.296
15:50:55.605,-4.397
15:50:55.605,-4.165
15:50:55.605,-3.853
15:50:55.605,-3.757
15:50:55.605,-3.542
15:50:55.605,-3.498
15:50:55.605,-3.829
15:50:55.605,-3.66
15:50:55.605,-3.78
15:50:55.605,-4.102
15:50:55.621,-4.159
15:50:55.621,-4.133
15:50:55.621,-5.437
15:50:55.621,-5.054
15:50:55.621,-4.147
15:50:55.621,-3.997
15:50:55.621,-5.096
15:50:55.621,-5.47
15:50:55.621,-5.658
15:50:55.621,-5.435
15:50:55.621,-5.121
15:50:55.621,-4.958
15:50:55.715,-4.824
15:50:55.715,-4.704
15:50:55.715,-4.513
15:50:55.715,-4.215
15:50:55.715,-3.902
15:50:55.715,-3.905
15:50:55.715,-3.737
15:50:55.715,-3.588
15:50:55.731,-3.493
15:50:55.732,-3.302
15:50:55.732,-3.37
15:50:55.732,-3.023
15:50:55.732,-2.99
15:50:55.734,-2.965
15:50:55.735,-3.6
15:50:55.735,-3.251
15:50:55.735,-2.401
15:50:55.737,-2.299
15:50:55.737,-2.327
15:50:55.739,-1.86
15:50:55.740,-1.767
15:50:55.740,-1.348
15:50:55.741,-0.74
15:50:55.742,-0.413
15:50:55.742,-0.271
15:50:55.743,-0.144
15:50:55.744,-0.136
15:50:55.744,-0.004
15:50:55.745,-0.031
15:50:55.746,0.024
15:50:55.747,0.023
15:50:55.747,-0.201
15:50:55.748,-0.023
15:50:55.749,0.062
15:50:55.750,0.219
15:50:55.750,0.491
15:50:55.751,0.493
15:50:55.752,0.666
15:50:55.752,1.047
15:50:55.753,1.319
15:50:55.754,3.393
15:50:55.754,3.061
15:50:55.755,1.838
15:50:55.756,1.785
15:50:55.756,3.163
15:50:55.757,3.626
15:50:55.757,4.222
15:50:55.759,4.86
15:50:55.759,4.214
15:50:55.759,4.104
15:50:55.761,4.152
15:50:55.762,4.318
15:50:55.762,4.483
15:50:55.762,4.652
15:50:55.762,4.575
15:50:55.762,4.582
15:50:55.762,4.09
15:50:55.762,3.98
15:50:55.762,3.674
15:50:55.762,3.829
15:50:55.762,3.761
15:50:55.762,3.867
15:50:55.762,3.928
15:50:55.762,3.992
15:50:55.762,4.077
15:50:55.762,4.265
15:50:55.762,4.289
15:50:55.762,4.563
15:50:55.762,5.495
15:50:55.776,5.393
15:50:55.776,3.947
15:50:55.777,4.009
15:50:55.777,4.575
15:50:55.779,5.239
15:50:55.780,5.602
15:50:55.781,5.788
15:50:55.781,5.652
15:50:55.782,5.522
15:50:55.782,5.281
15:50:55.784,4.853
15:50:55.784,4.832
15:50:55.784,4.759
15:50:55.784,4.468
15:50:55.784,4.223
15:50:55.784,4.079
15:50:55.784,3.809
15:50:55.784,3.736
15:50:55.784,3.653
15:50:55.784,3.356
15:50:55.784,3.445
15:50:55.784,3.523
15:50:55.784,2.834
15:50:55.784,2.818
15:50:55.784,3.647
15:50:55.794,3.67
15:50:55.794,2.506
15:50:55.794,2.423
15:50:55.794,2.467
15:50:55.794,2.317
15:50:55.794,1.942
15:50:55.794,1.573
15:50:55.794,1.243
15:50:55.794,0.775
15:50:55.794,0.497
15:50:55.794,0.409
15:50:55.794,0.345
15:50:55.794,0.291
15:50:55.794,0.12
15:50:55.794,0.211
15:50:55.794,0.176
15:50:55.794,0.141
15:50:55.794,0.055
15:50:55.794,0.186
15:50:55.794,0.151
15:50:55.794,0.146
15:50:55.794,0.011
15:50:55.794,-0.203
15:50:55.810,-0.355
15:50:55.810,-0.512
15:50:55.810,-0.729
15:50:55.810,-0.86
15:50:55.810,-0.981
15:50:55.810,-2.519
15:50:55.810,-3.548
15:50:55.810,-2.971
15:50:55.810,-1.909
15:50:55.810,-1.697
15:50:55.810,-3.194
15:50:55.810,-3.939
15:50:55.810,-4.258
15:50:55.810,-4.547
15:50:55.810,-4.353
15:50:55.810,-4.202
15:50:55.810,-4.049
15:50:55.810,-4.085
15:50:55.810,-4.232
15:50:55.810,-4.346
15:50:55.825,-4.511
15:50:55.825,-4.531
15:50:55.825,-4.478
15:50:55.825,-4.008
15:50:55.825,-3.762
15:50:55.825,-3.504
15:50:55.825,-3.668
15:50:55.825,-3.832
15:50:55.825,-3.748
15:50:55.825,-3.918
15:50:55.825,-4.032
15:50:55.825,-3.91
15:50:55.825,-4.25
15:50:55.825,-5.041
15:50:55.825,-5.427
15:50:55.825,-5.193
15:50:55.825,-3.8
15:50:55.825,-4.556
15:50:55.825,-5.456
15:50:55.825,-5.578
15:50:55.825,-5.602
15:50:55.825,-5.406
15:50:55.825,-5.099
15:50:55.825,-4.907
15:50:55.841,-4.84
15:50:55.841,-4.766
15:50:55.841,-4.553
15:50:55.841,-4.398
15:50:55.841,-3.979
15:50:55.841,-3.999
15:50:55.841,-3.771
15:50:55.841,-3.653
15:50:55.841,-3.462
15:50:55.841,-3.251
15:50:55.841,-3.293
15:50:55.841,-3.311
15:50:55.841,-3.187
15:50:55.841,-2.876
15:50:55.841,-3.003
15:50:55.841,-3.441
15:50:55.841,-3.059
15:50:55.841,-2.238
15:50:55.841,-2.83
15:50:55.841,-2.373
15:50:55.841,-2.253
15:50:55.841,-1.7
15:50:55.857,-1.559
15:50:55.857,-1.111
15:50:55.857,-0.725
15:50:55.857,-0.511
15:50:55.857,-0.349
15:50:55.862,-0.102
15:50:55.862,-0.171
15:50:55.862,-0.063
15:50:55.862,-0.217
15:50:55.862,0.065
15:50:55.862,-0.009
15:50:55.862,0.043
15:50:55.862,0.005
15:50:55.862,-0.026
15:50:55.862,0.108
15:50:55.862,0.05
15:50:55.862,0.303
15:50:55.862,0.311
15:50:55.862,0.441
15:50:55.862,1.032
15:50:55.873,0.964
15:50:55.873,1.184
15:50:55.875,2.45
15:50:55.875,3.316
15:50:55.875,3.618
15:50:55.875,2.013
15:50:55.875,2.218
15:50:55.875,3.668
15:50:55.875,4.133
15:50:55.875,4.524
15:50:55.875,4.669
15:50:55.875,4.316
15:50:55.875,4.126
15:50:55.875,4.189
15:50:55.875,4.321
15:50:55.875,4.363
15:50:55.875,4.73
15:50:55.875,4.605
15:50:55.875,4.436
15:50:55.875,4.077
15:50:55.875,3.866
15:50:55.875,3.573
15:50:55.889,3.841
15:50:55.889,4.09
15:50:55.889,3.638
15:50:55.889,3.989
15:50:55.889,4.172
15:50:55.889,4.126
15:50:55.889,4.199
15:50:55.889,4.949
15:50:55.889,5.313
15:50:55.889,5.384
15:50:55.889,3.98
15:50:55.889,3.986
15:50:55.889,4.842
15:50:55.889,5.673
15:50:55.889,5.547
15:50:55.889,5.483
15:50:55.889,5.532
15:50:55.889,5.359
15:50:55.889,4.948
15:50:55.889,4.92
15:50:55.889,4.784
15:50:55.889,4.882
15:50:55.905,4.666
15:50:55.905,4.518
15:50:55.905,4.066
15:50:55.905,3.897
15:50:55.909,3.916
15:50:55.910,3.6
15:50:55.910,3.47
15:50:55.910,3.334
15:50:55.910,3.308
15:50:55.910,2.862
15:50:55.914,3.293
15:50:55.915,3.589
15:50:55.916,3.25
15:50:55.917,2.502
15:50:55.918,2.198
15:50:55.918,2.449
15:50:55.918,2.109
15:50:55.918,1.682
15:50:55.921,1.631
15:50:55.921,1.141
15:50:55.924,0.51
15:50:55.924,0.387
15:50:55.926,0.411
15:50:55.926,0.421
15:50:55.926,0.332
15:50:55.929,0.05
15:50:55.929,0.018
15:50:55.929,0.085
15:50:55.929,0.176
15:50:55.929,0.203
15:50:55.929,0.062
15:50:55.929,-0.45
15:50:55.929,-0.323
15:50:55.929,-0.819
15:50:55.929,-0.955
15:50:55.929,-1.242
15:50:55.937,-2.73
15:50:55.937,-2.929
15:50:55.937,-2.09
15:50:55.937,-2.225
15:50:55.937,-3.053
15:50:55.937,-3.647
15:50:55.937,-4.301
15:50:55.937,-4.706
15:50:55.937,-4.444
15:50:55.937,-3.974
15:50:55.937,-4.007
15:50:55.937,-4.169
15:50:55.948,-4.188
15:50:55.948,-4.697
15:50:55.948,-4.392
15:50:55.948,-4.367
15:50:55.952,-3.971
15:50:55.952,-3.809
15:50:55.955,-3.405
15:50:55.955,-3.532
15:50:55.957,-3.76
15:50:55.957,-3.801
15:50:55.957,-3.951
15:50:55.957,-4.128
15:50:55.957,-4.034
15:50:55.957,-4.779
15:50:55.957,-5.533
15:50:55.957,-4.947
15:50:55.957,-3.601
15:50:55.957,-4.124
15:50:55.957,-4.779
15:50:55.957,-5.52
15:50:55.957,-5.539
15:50:55.957,-5.366
15:50:55.957,-4.888
15:50:55.957,-5.231
15:50:55.969,-4.951
15:50:55.969,-4.77
15:50:55.969,-4.727
15:50:55.969,-4.609
15:50:55.969,-4.052
15:50:55.969,-4.022
15:50:55.969,-3.777
15:50:55.969,-3.679
15:50:55.969,-3.41
15:50:55.969,-3.192
15:50:55.969,-3.303
15:50:55.969,-3.236
15:50:55.969,-2.887
15:50:55.969,-3.248
15:50:55.969,-3.113
15:50:55.969,-2.2
15:50:55.969,-2.218
15:50:55.969,-2.228
15:50:55.969,-1.921
15:50:55.984,-1.501
15:50:55.984,-1.149
15:50:55.984,-0.778
15:50:55.984,-0.521
15:50:55.984,-0.306
15:50:55.984,0.124
15:50:55.984,-0.041
15:50:55.984,-0.063
15:50:55.984,-0.153
15:50:55.984,0.024
15:50:55.984,0.036
15:50:55.984,-0.07
15:50:55.984,0.105
15:50:55.984,-0.093
15:50:55.984,-0.038
15:50:55.984,0.151
15:50:55.984,0.039
15:50:55.984,0.481
15:50:55.984,0.601
15:50:55.984,0.734
15:50:55.984,0.964
15:50:55.984,1.071
15:50:56.000,2.554
15:50:56.000,3.51
15:50:56.000,3.262
15:50:56.000,1.972
15:50:56.000,2.032
15:50:56.000,3.396
15:50:56.000,4.208
15:50:56.000,4.538
15:50:56.000,4.856
15:50:56.000,4.245
15:50:56.000,3.97
15:50:56.000,4.208
15:50:56.000,4.212
15:50:56.000,4.384
15:50:56.000,4.627
15:50:56.000,4.627
15:50:56.000,4.586
15:50:56.000,4.116
15:50:56.000,3.975
15:50:56.000,3.659
15:50:56.000,3.889
15:50:56.000,3.848
15:50:56.016,4.009
15:50:56.016,4.057
15:50:56.016,4.193
15:50:56.016,4.596
15:50:56.016,5.667
15:50:56.016,5.465
15:50:56.016,4.356
15:50:56.016,3.633
15:50:56.016,4.231
15:50:56.016,5.021
15:50:56.016,5.605
15:50:56.016,5.683
15:50:56.016,5.575
15:50:56.016,5.348
15:50:56.016,5.121
15:50:56.016,4.784
15:50:56.016,4.96
15:50:56.016,4.811
15:50:56.016,4.241
15:50:56.016,4.101
15:50:56.016,3.876
15:50:56.016,3.732
15:50:56.032,3.626
15:50:56.032,3.432
15:50:56.032,3.184
15:50:56.032,3.364
15:50:56.032,3.089
15:50:56.032,3.107
15:50:56.032,3.082
15:50:56.032,3.704
15:50:56.032,2.95
15:50:56.032,2.413
15:50:56.032,2.309
15:50:56.032,2.361
15:50:56.032,2.178
15:50:56.032,2.063
15:50:56.032,1.505
15:50:56.032,1.091
15:50:56.032,0.945
15:50:56.032,0.691
15:50:56.032,0.333
15:50:56.032,0.324
15:50:56.032,0.333
15:50:56.032,0.182
15:50:56.032,0.113
15:50:56.047,-0.058
15:50:56.047,0.162
15:50:56.047,-0.013
15:50:56.047,0.076
15:50:56.052,0.153
15:50:56.052,0.147
15:50:56.052,0.159
15:50:56.052,0.048
15:50:56.052,-0.361
15:50:56.052,-0.475
15:50:56.052,-0.747
15:50:56.052,-0.963
15:50:56.052,-1.115
15:50:56.052,-2.067
15:50:56.052,-3.098
15:50:56.052,-3.222
15:50:56.052,-1.869
15:50:56.052,-1.744
15:50:56.052,-2.737
15:50:56.052,-3.788
15:50:56.052,-4.197
15:50:56.063,-4.446
15:50:56.063,-4.753
15:50:56.063,-4.127
15:50:56.063,-4.0
15:50:56.063,-4.134
15:50:56.063,-4.127
15:50:56.063,-4.561
15:50:56.063,-4.557
15:50:56.063,-4.437
15:50:56.063,-4.317
15:50:56.063,-4.085
15:50:56.063,-3.795
15:50:56.063,-3.635
15:50:56.063,-3.526
15:50:56.063,-3.718
15:50:56.063,-3.819
15:50:56.063,-3.798
15:50:56.063,-4.0
15:50:56.063,-4.096
15:50:56.063,-4.212
15:50:56.063,-4.845
15:50:56.063,-5.414
15:50:56.079,-4.221
15:50:56.079,-3.589
15:50:56.079,-4.012
15:50:56.079,-5.101
15:50:56.079,-5.636
15:50:56.079,-5.48
15:50:56.079,-5.691
15:50:56.079,-5.206
15:50:56.079,-4.922
15:50:56.079,-4.869
15:50:56.079,-4.828
15:50:56.079,-4.683
15:50:56.079,-4.632
15:50:56.079,-4.593
15:50:56.079,-4.159
15:50:56.079,-3.94
15:50:56.079,-3.9
15:50:56.079,-3.618
15:50:56.079,-3.653
15:50:56.079,-3.509
15:50:56.079,-3.486
15:50:56.079,-3.34
15:50:56.079,-3.163
15:50:56.095,-2.831
15:50:56.096,-3.058
15:50:56.096,-3.528
15:50:56.096,-3.374
15:50:56.096,-2.185
15:50:56.096,-2.334
15:50:56.096,-2.31
15:50:56.096,-1.79
15:50:56.096,-1.75
15:50:56.096,-1.378
15:50:56.096,-1.024
15:50:56.096,-0.592
15:50:56.096,-0.323
15:50:56.096,-0.296
15:50:56.096,-0.167
15:50:56.096,-0.204
15:50:56.096,0.027
15:50:56.096,-0.065
15:50:56.096,-0.083
15:50:56.096,-0.011
15:50:56.096,0.053
15:50:56.096,-0.156
15:50:56.096,0.068
15:50:56.096,-0.158
15:50:56.111,0.131
15:50:56.111,0.135
15:50:56.111,0.552
15:50:56.111,1.23
15:50:56.111,0.706
15:50:56.111,1.033
15:50:56.111,1.731
15:50:56.111,2.805
15:50:56.111,3.401
15:50:56.111,2.641
15:50:56.111,1.866
15:50:56.111,2.604
15:50:56.111,3.707
15:50:56.111,4.375
15:50:56.111,4.805
15:50:56.111,4.322
15:50:56.111,3.996
15:50:56.111,4.304
15:50:56.111,4.444
15:50:56.111,4.675
15:50:56.111,4.504
15:50:56.111,4.489
15:50:56.111,3.988
15:50:56.111,3.71
15:50:56.127,3.715
15:50:56.127,4.029
15:50:56.127,3.87
15:50:56.129,3.97
15:50:56.129,4.112
15:50:56.129,4.155
15:50:56.132,4.179
15:50:56.133,5.377
15:50:56.133,5.628
15:50:56.134,3.845
15:50:56.134,3.917
15:50:56.136,5.361
15:50:56.136,5.647
15:50:56.136,5.572
15:50:56.136,5.609
15:50:56.136,5.393
15:50:56.136,5.285
15:50:56.136,4.826
15:50:56.136,4.928
15:50:56.136,4.651
15:50:56.136,4.722
15:50:56.143,4.39
15:50:56.143,4.141
15:50:56.143,3.902
15:50:56.143,3.837
15:50:56.143,3.813
15:50:56.143,3.353
15:50:56.143,3.245
15:50:56.143,3.458
15:50:56.143,3.055
15:50:56.143,3.023
15:50:56.143,3.435
15:50:56.143,3.573
15:50:56.143,3.331
15:50:56.143,2.693
15:50:56.143,2.276
15:50:56.143,2.275
15:50:56.143,2.287
15:50:56.143,2.078
15:50:56.143,1.743
15:50:56.143,1.327
15:50:56.143,0.746
15:50:56.143,0.574
15:50:56.143,0.467
15:50:56.159,0.2
15:50:56.159,0.163
15:50:56.159,0.235
15:50:56.159,0.11
15:50:56.159,0.109
15:50:56.159,0.079
15:50:56.159,0.132
15:50:56.159,0.185
15:50:56.159,0.165
15:50:56.159,0.166
15:50:56.159,-0.022
15:50:56.159,-0.079
15:50:56.159,-0.435
15:50:56.159,-0.401
15:50:56.159,-0.944
15:50:56.159,-0.927
15:50:56.159,-0.952
15:50:56.159,-2.399
15:50:56.159,-3.214
15:50:56.159,-3.151
15:50:56.159,-1.682
15:50:56.159,-1.663
15:50:56.159,-3.178
15:50:56.175,-3.975
15:50:56.175,-4.537
15:50:56.175,-4.701
15:50:56.175,-3.921
15:50:56.175,-4.096
15:50:56.175,-4.354
15:50:56.175,-4.128
15:50:56.175,-4.611
15:50:56.175,-4.296
15:50:56.175,-3.859
15:50:56.175,-3.959
15:50:56.175,-3.54
15:50:56.175,-3.655
15:50:56.175,-3.848
15:50:56.175,-3.676
15:50:56.175,-3.877
15:50:56.175,-3.976
15:50:56.175,-4.039
15:50:56.175,-4.3
15:50:56.175,-5.128
15:50:56.175,-5.521
15:50:56.191,-5.092
15:50:56.191,-3.625
15:50:56.191,-4.091
15:50:56.191,-5.524
15:50:56.191,-5.493
15:50:56.191,-5.477
15:50:56.191,-5.142
15:50:56.191,-5.143
15:50:56.191,-4.743
15:50:56.191,-4.763
15:50:56.191,-4.39
15:50:56.191,-4.321
15:50:56.191,-3.9
15:50:56.191,-3.819
15:50:56.191,-3.622
15:50:56.191,-3.482
15:50:56.191,-3.102
15:50:56.191,-3.261
15:50:56.191,-3.224
15:50:56.191,-2.911
15:50:56.191,-3.045
15:50:56.191,-3.41
15:50:56.191,-3.463
15:50:56.191,-2.797
15:50:56.206,-2.396
15:50:56.208,-2.306
15:50:56.208,-2.417
15:50:56.208,-1.974
15:50:56.208,-1.499
15:50:56.208,-1.071
15:50:56.208,-0.53
15:50:56.208,-0.321
15:50:56.208,-0.162
15:50:56.208,0.047
15:50:56.208,0.045
15:50:56.208,-0.065
15:50:56.208,0.008
15:50:56.208,0.06
15:50:56.208,-0.027
15:50:56.208,-0.194
15:50:56.208,-0.039
15:50:56.208,-0.018
15:50:56.208,0.327
15:50:56.208,0.261
15:50:56.208,0.623
15:50:56.208,0.878
15:50:56.222,1.02
15:50:56.222,1.258
15:50:56.222,2.882
15:50:56.222,3.229
15:50:56.222,1.761
15:50:56.222,1.963
15:50:56.222,3.148
15:50:56.222,3.961
15:50:56.222,4.227
15:50:56.222,4.7
15:50:56.222,4.714
15:50:56.222,3.979
15:50:56.222,4.397
15:50:56.222,4.341
15:50:56.222,4.529
15:50:56.222,4.81
15:50:56.222,4.404
15:50:56.222,4.085
15:50:56.222,3.951
15:50:56.222,3.761
15:50:56.222,4.009
15:50:56.222,3.927
15:50:56.222,3.871
15:50:56.238,4.023
15:50:56.238,4.095
15:50:56.238,4.165
15:50:56.238,4.2
15:50:56.238,5.236
15:50:56.238,5.792
15:50:56.238,5.009
15:50:56.238,3.938
15:50:56.238,3.836
15:50:56.238,4.864
15:50:56.238,5.806
15:50:56.238,5.499
15:50:56.238,5.695
15:50:56.238,5.173
15:50:56.238,4.886
15:50:56.238,4.753
15:50:56.238,4.847
15:50:56.238,4.572
15:50:56.238,4.209
15:50:56.238,4.191
15:50:56.238,3.934
15:50:56.238,3.853
15:50:56.238,3.723
15:50:56.238,3.48
15:50:56.254,3.333
15:50:56.254,3.41
15:50:56.254,3.449
15:50:56.254,2.899
15:50:56.254,3.115
15:50:56.254,3.539
15:50:56.254,3.398
15:50:56.254,2.913
15:50:56.254,2.264
15:50:56.254,2.313
15:50:56.254,2.438
15:50:56.254,2.073
15:50:56.254,1.776
15:50:56.254,1.572
15:50:56.254,1.062
15:50:56.254,0.734
15:50:56.254,0.455
15:50:56.254,0.437
15:50:56.254,0.362
15:50:56.254,0.336
15:50:56.254,0.082
15:50:56.254,0.199
15:50:56.254,0.078
15:50:56.254,0.296
15:50:56.270,0.282
15:50:56.270,0.068
15:50:56.270,0.046
15:50:56.270,-0.171
15:50:56.270,-0.527
15:50:56.270,-0.782
15:50:56.270,-0.986
15:50:56.270,-1.246
15:50:56.270,-3.074
15:50:56.270,-3.23
15:50:56.270,-1.527
15:50:56.270,-2.569
15:50:56.270,-3.576
15:50:56.270,-3.875
15:50:56.270,-4.448
15:50:56.270,-4.622
15:50:56.270,-4.542
15:50:56.270,-4.046
15:50:56.270,-4.047
15:50:56.270,-4.27
15:50:56.270,-4.614
15:50:56.270,-4.404
15:50:56.270,-4.226
15:50:56.286,-3.761
15:50:56.286,-3.652
15:50:56.286,-3.524
15:50:56.286,-3.757
15:50:56.286,-3.757
15:50:56.286,-3.705
15:50:56.286,-3.757
15:50:56.286,-4.009
15:50:56.286,-4.179
15:50:56.286,-4.364
15:50:56.286,-5.351
15:50:56.286,-5.17
15:50:56.286,-3.551
15:50:56.286,-4.069
15:50:56.286,-5.136
15:50:56.286,-5.451
15:50:56.286,-5.663
15:50:56.286,-5.361
15:50:56.286,-4.911
15:50:56.286,-5.029
15:50:56.286,-4.682
15:50:56.286,-4.576
15:50:56.286,-4.575
15:50:56.286,-4.38
15:50:56.286,-3.781
15:50:56.301,-3.795
15:50:56.302,-3.725
15:50:56.302,-3.435
15:50:56.302,-3.161
15:50:56.302,-3.441
15:50:56.302,-2.985
15:50:56.302,-2.876
15:50:56.302,-3.434
15:50:56.302,-3.516
15:50:56.302,-2.636
15:50:56.302,-2.669
15:50:56.302,-2.423
15:50:56.302,-2.138
15:50:56.302,-1.651
15:50:56.302,-1.216
15:50:56.302,-0.477
15:50:56.302,-0.536
15:50:56.302,0.079
15:50:56.302,-0.261
15:50:56.302,-0.071
15:50:56.317,0.066
15:50:56.317,-0.098
15:50:56.317,0.038
15:50:56.317,0.122
15:50:56.317,0.042
15:50:56.317,-0.11
15:50:56.317,-0.072
15:50:56.317,0.002
15:50:56.317,0.101
15:50:56.317,0.207
15:50:56.317,0.332
15:50:56.317,0.64
15:50:56.317,0.877
15:50:56.317,0.93
15:50:56.317,2.321
15:50:56.317,3.307
15:50:56.317,2.754
15:50:56.317,1.851
15:50:56.317,2.209
15:50:56.317,2.845
15:50:56.317,3.951
15:50:56.317,4.519
15:50:56.317,4.693
15:50:56.317,4.581
15:50:56.333,4.331
15:50:56.334,4.126
15:50:56.334,4.258
15:50:56.335,4.475
15:50:56.335,4.501
15:50:56.335,4.64
15:50:56.335,4.603
15:50:56.335,4.22
15:50:56.335,4.079
15:50:56.335,3.782
15:50:56.335,3.741
15:50:56.335,3.89
15:50:56.335,3.9
15:50:56.335,3.747
15:50:56.335,3.967
15:50:56.335,4.11
15:50:56.335,4.058
15:50:56.335,4.661
15:50:56.335,5.216
15:50:56.335,5.445
15:50:56.335,4.486
15:50:56.335,3.913
15:50:56.350,4.34
15:50:56.350,5.338
15:50:56.350,5.56
15:50:56.350,5.58
15:50:56.350,5.362
15:50:56.350,5.184
15:50:56.350,5.024
15:50:56.350,4.979
15:50:56.350,4.65
15:50:56.350,4.73
15:50:56.350,4.533
15:50:56.350,4.307
15:50:56.350,4.056
15:50:56.350,3.751
15:50:56.350,3.953
15:50:56.350,3.638
15:50:56.350,3.376
15:50:56.365,3.503
15:50:56.365,3.026
15:50:56.365,3.063
15:50:56.365,3.809
15:50:56.368,3.265
15:50:56.368,2.682
15:50:56.370,2.232
15:50:56.370,2.304
15:50:56.370,2.345
15:50:56.370,1.968
15:50:56.370,1.885
15:50:56.370,1.391
15:50:56.370,0.763
15:50:56.370,0.542
15:50:56.370,0.507
15:50:56.370,0.421
15:50:56.370,0.102
15:50:56.370,0.064
15:50:56.380,0.069
15:50:56.381,0.032
15:50:56.381,0.047
15:50:56.381,0.125
15:50:56.381,0.147
15:50:56.381,0.051
15:50:56.381,-0.108
15:50:56.381,-0.347
15:50:56.381,-0.625
15:50:56.381,-0.86
15:50:56.491,-1.135
15:50:56.491,-2.274
15:50:56.506,-3.351
15:50:56.506,-2.05
15:50:56.506,-2.305
15:50:56.506,-3.208
15:50:56.506,-3.909
15:50:56.506,-4.265
15:50:56.506,-4.696
15:50:56.506,-4.49
15:50:56.506,-3.929
15:50:56.506,-4.089
15:50:56.506,-4.355
15:50:56.506,-4.271
15:50:56.506,-4.567
15:50:56.506,-4.256
15:50:56.506,-4.475
15:50:56.506,-4.178
15:50:56.506,-3.791
15:50:56.506,-3.729
15:50:56.519,-3.559
15:50:56.519,-3.643
15:50:56.520,-3.653
15:50:56.523,-3.884
15:50:56.523,-4.037
15:50:56.524,-4.11
15:50:56.524,-4.991
15:50:56.524,-5.435
15:50:56.524,-4.783
15:50:56.524,-3.908
15:50:56.524,-4.588
15:50:56.524,-5.242
15:50:56.524,-5.691
15:50:56.524,-5.522
15:50:56.524,-5.384
15:50:56.524,-5.172
15:50:56.524,-5.255
15:50:56.524,-4.967
15:50:56.524,-4.982
15:50:56.524,-4.72
15:50:56.537,-4.698
15:50:56.538,-4.413
15:50:56.538,-3.957
15:50:56.538,-3.855
15:50:56.538,-3.969
15:50:56.538,-3.693
15:50:56.538,-3.577
15:50:56.538,-3.361
15:50:56.538,-3.323
15:50:56.538,-3.162
15:50:56.538,-3.295
15:50:56.538,-2.851
15:50:56.538,-3.295
15:50:56.538,-3.402
15:50:56.538,-2.881
15:50:56.538,-2.301
15:50:56.538,-2.554
15:50:56.551,-2.421
15:50:56.551,-1.884
15:50:56.552,-1.831
15:50:56.553,-1.432
15:50:56.554,-0.907
15:50:56.554,-0.575
15:50:56.556,-0.407
15:50:56.556,-0.437
15:50:56.556,-0.267
15:50:56.556,-0.006
15:50:56.556,-0.15
15:50:56.556,-0.016
15:50:56.556,0.104
15:50:56.556,-0.12
15:50:56.556,-0.023
15:50:56.556,-0.061
15:50:56.556,0.327
15:50:56.556,0.124
15:50:56.566,0.292
15:50:56.566,0.558
15:50:56.566,0.907
15:50:56.566,1.078
15:50:56.570,1.743
15:50:56.570,3.318
15:50:56.570,2.803
15:50:56.570,1.747
15:50:56.570,2.723
15:50:56.570,3.863
15:50:56.570,4.453
15:50:56.575,4.676
15:50:56.575,4.588
15:50:56.577,4.29
15:50:56.577,4.017
15:50:56.577,4.276
15:50:56.577,4.299
15:50:56.577,4.483
15:50:56.577,4.617
15:50:56.577,4.607
15:50:56.577,4.399
15:50:56.577,4.364
15:50:56.577,4.269
15:50:56.577,3.848
15:50:56.587,3.694
15:50:56.587,3.837
15:50:56.587,3.899
15:50:56.587,3.945
15:50:56.587,3.906
15:50:56.587,4.164
15:50:56.587,4.132
15:50:56.587,4.302
15:50:56.587,5.288
15:50:56.587,5.605
15:50:56.587,4.446
15:50:56.587,3.71
15:50:56.587,4.391
15:50:56.587,5.19
15:50:56.587,5.61
15:50:56.587,5.506
15:50:56.587,5.625
15:50:56.587,5.441
15:50:56.587,5.139
15:50:56.587,5.061
15:50:56.587,4.753
15:50:56.587,4.924
15:50:56.602,4.55
15:50:56.603,4.16
15:50:56.603,4.211
15:50:56.603,3.893
15:50:56.603,3.749
15:50:56.603,3.674
15:50:56.603,3.392
15:50:56.603,3.457
15:50:56.603,3.394
15:50:56.603,3.141
15:50:56.603,2.996
15:50:56.603,3.559
15:50:56.603,3.282
15:50:56.603,3.049
15:50:56.603,2.401
15:50:56.603,2.242
15:50:56.603,2.231
15:50:56.603,1.916
15:50:56.603,1.5
15:50:56.603,0.996
15:50:56.603,0.723
15:50:56.603,0.564
15:50:56.603,0.351
15:50:56.603,0.332
15:50:56.618,0.279
15:50:56.618,0.345
15:50:56.618,0.026
15:50:56.618,0.067
15:50:56.618,0.093
15:50:56.618,0.122
15:50:56.618,0.11
15:50:56.618,0.07
15:50:56.618,-0.068
15:50:56.618,-0.287
15:50:56.618,-0.485
15:50:56.618,-0.657
15:50:56.618,-0.918
15:50:56.618,-1.089
15:50:56.618,-1.877
15:50:56.618,-2.575
15:50:56.618,-3.42
15:50:56.618,-3.048
15:50:56.618,-1.599
15:50:56.618,-1.838
15:50:56.618,-2.824
15:50:56.618,-3.923
15:50:56.618,-4.18
15:50:56.618,-4.593
15:50:56.634,-4.738
15:50:56.634,-4.335
15:50:56.634,-4.088
15:50:56.634,-3.973
15:50:56.634,-4.121
15:50:56.634,-4.263
15:50:56.634,-4.546
15:50:56.634,-4.419
15:50:56.634,-4.171
15:50:56.634,-3.855
15:50:56.634,-3.457
15:50:56.634,-3.765
15:50:56.634,-3.793
15:50:56.634,-3.582
15:50:56.646,-3.949
15:50:56.646,-3.923
15:50:56.646,-4.516
15:50:56.646,-5.501
15:50:56.646,-5.489
15:50:56.649,-4.443
15:50:56.650,-3.559
15:50:56.650,-4.083
15:50:56.650,-4.624
15:50:56.650,-5.446
15:50:56.653,-5.606
15:50:56.653,-5.541
15:50:56.653,-5.102
15:50:56.653,-5.056
15:50:56.653,-5.026
15:50:56.653,-4.702
15:50:56.653,-4.583
15:50:56.653,-4.777
15:50:56.653,-4.284
15:50:56.653,-3.973
15:50:56.653,-3.824
15:50:56.653,-3.805
15:50:56.653,-3.745
15:50:56.653,-3.62
15:50:56.653,-3.435
15:50:56.653,-3.204
15:50:56.653,-3.287
15:50:56.665,-2.935
15:50:56.665,-3.122
15:50:56.665,-3.581
15:50:56.665,-2.776
15:50:56.665,-2.335
15:50:56.665,-2.037
15:50:56.665,-2.478
15:50:56.665,-2.073
15:50:56.665,-1.595
15:50:56.665,-1.321
15:50:56.665,-0.865
15:50:56.665,-0.619
15:50:56.665,-0.295
15:50:56.665,-0.317
15:50:56.665,-0.126
15:50:56.665,0.001
15:50:56.676,-0.001
15:50:56.676,-0.008
15:50:56.677,0.112
15:50:56.677,0.045
15:50:56.677,-0.231
15:50:56.677,-0.075
15:50:56.677,0.079
15:50:56.677,0.162
15:50:56.677,0.367
15:50:56.681,0.481
15:50:56.682,0.602
15:50:56.682,0.746
15:50:56.682,1.103
15:50:56.682,1.343
15:50:56.685,2.47
15:50:56.685,3.238
15:50:56.685,2.943
15:50:56.685,2.133
15:50:56.685,1.789
15:50:56.685,2.675
15:50:56.685,3.728
15:50:56.685,4.282
15:50:56.690,4.737
15:50:56.690,4.657
15:50:56.690,4.311
15:50:56.690,4.026
15:50:56.690,4.185
15:50:56.690,4.46
15:50:56.694,4.557
15:50:56.694,4.805
15:50:56.694,4.497
15:50:56.694,4.061
15:50:56.694,4.018
15:50:56.697,3.923
15:50:56.697,3.674
15:50:56.697,3.795
15:50:56.697,3.954
15:50:56.697,3.794
15:50:56.697,4.095
15:50:56.697,4.216
15:50:56.697,4.152
15:50:56.697,4.433
15:50:56.697,5.029
15:50:56.697,5.559
15:50:56.697,4.589
15:50:56.697,3.891
15:50:56.705,4.468
15:50:56.705,5.862
15:50:56.707,5.759
15:50:56.707,5.61
15:50:56.707,5.588
15:50:56.707,5.062
15:50:56.707,5.282
15:50:56.707,4.931
15:50:56.707,4.965
15:50:56.711,4.735
15:50:56.711,5.0
15:50:56.713,4.669
15:50:56.715,4.18
15:50:56.715,3.919
15:50:56.715,3.887
15:50:56.715,3.876
15:50:56.715,3.754
15:50:56.715,3.375
15:50:56.715,3.261
15:50:56.715,3.392
15:50:56.715,3.458
15:50:56.715,3.042
15:50:56.715,3.401
15:50:56.715,3.425
15:50:56.715,2.527
15:50:56.715,2.247
15:50:56.715,2.498
15:50:56.715,2.15
15:50:56.715,1.656
15:50:56.715,1.308
15:50:56.715,0.746
15:50:56.715,0.609
15:50:56.715,0.461
15:50:56.715,0.47
15:50:56.730,0.36
15:50:56.730,0.399
15:50:56.730,0.173
15:50:56.730,0.072
15:50:56.730,0.039
15:50:56.730,0.128
15:50:56.730,0.007
15:50:56.730,0.079
15:50:56.730,0.203
15:50:56.730,0.106
15:50:56.737,-0.061
15:50:56.737,-0.311
15:50:56.737,-0.444
15:50:56.737,-0.697
15:50:56.737,-0.774
15:50:56.737,-1.115
15:50:56.737,-2.081
15:50:56.737,-3.316
15:50:56.737,-3.145
15:50:56.737,-1.764
15:50:56.737,-1.64
15:50:56.737,-2.962
15:50:56.745,-3.541
15:50:56.745,-4.215
15:50:56.746,-4.395
15:50:56.747,-4.715
15:50:56.747,-4.04
15:50:56.748,-4.256
15:50:56.748,-4.189
15:50:56.748,-4.615
15:50:56.748,-4.461
15:50:56.748,-4.242
15:50:56.748,-4.11
15:50:56.748,-3.761
15:50:56.748,-3.848
15:50:56.748,-3.659
15:50:56.748,-3.535
15:50:56.748,-3.82
15:50:56.748,-3.688
15:50:56.748,-3.865
15:50:56.748,-3.993
15:50:56.748,-4.17
15:50:56.748,-5.354
15:50:56.748,-5.598
15:50:56.748,-3.673
15:50:56.748,-4.06
15:50:56.761,-5.141
15:50:56.761,-5.544
15:50:56.761,-5.44
15:50:56.761,-5.547
15:50:56.761,-5.275
15:50:56.761,-5.039
15:50:56.761,-4.89
15:50:56.761,-4.54
15:50:56.761,-4.873
15:50:56.761,-4.254
15:50:56.761,-3.942
15:50:56.761,-3.83
15:50:56.761,-3.753
15:50:56.761,-3.471
15:50:56.761,-3.409
15:50:56.761,-3.297
15:50:56.761,-3.16
15:50:56.761,-2.911
15:50:56.761,-2.783
15:50:56.761,-3.444
15:50:56.761,-3.201
15:50:56.761,-2.147
15:50:56.775,-2.611
15:50:56.775,-2.392
15:50:56.777,-2.216
15:50:56.777,-1.645
15:50:56.778,-1.446
15:50:56.778,-0.691
15:50:56.779,-0.463
15:50:56.779,-0.232
15:50:56.779,-0.109
15:50:56.781,-0.133
15:50:56.781,-0.076
15:50:56.781,0.033
15:50:56.781,0.036
15:50:56.781,0.061
15:50:56.781,0.033
15:50:56.781,-0.029
15:50:56.781,-0.007
15:50:56.781,0.252
15:50:56.781,0.395
15:50:56.781,0.125
15:50:56.781,0.728
15:50:56.781,0.959
15:50:56.781,1.084
15:50:56.781,1.407
15:50:56.781,2.532
15:50:56.792,3.313
15:50:56.792,3.341
15:50:56.792,2.277
15:50:56.792,2.05
15:50:56.792,3.393
15:50:56.792,4.217
15:50:56.792,4.405
15:50:56.792,4.606
15:50:56.792,4.626
15:50:56.792,4.067
15:50:56.792,4.055
15:50:56.792,4.189
15:50:56.792,4.389
15:50:56.792,4.551
15:50:56.792,4.656
15:50:56.792,4.614
15:50:56.792,4.688
15:50:56.808,4.362
15:50:56.808,4.152
15:50:56.808,3.92
15:50:56.808,3.673
15:50:56.808,3.805
15:50:56.808,3.935
15:50:56.808,3.763
15:50:56.808,4.019
15:50:56.808,4.11
15:50:56.808,4.149
15:50:56.808,4.169
15:50:56.808,5.046
15:50:56.808,5.478
15:50:56.808,5.341
15:50:56.808,4.167
15:50:56.808,3.789
15:50:56.808,3.819
15:50:56.808,4.949
15:50:56.808,5.795
15:50:56.808,5.691
15:50:56.808,5.553
15:50:56.808,5.49
15:50:56.808,5.246
15:50:56.824,5.238
15:50:56.824,4.947
15:50:56.824,4.867
15:50:56.824,4.764
15:50:56.824,4.743
15:50:56.824,4.43
15:50:56.824,4.046
15:50:56.824,4.224
15:50:56.824,4.001
15:50:56.824,3.653
15:50:56.824,3.678
15:50:56.824,3.321
15:50:56.824,3.402
15:50:56.824,3.407
15:50:56.824,3.256
15:50:56.824,2.739
15:50:56.824,3.115
15:50:56.824,3.823
15:50:56.824,3.131
15:50:56.824,2.289
15:50:56.824,2.194
15:50:56.824,2.267
15:50:56.824,2.177
15:50:56.824,1.746
15:50:56.840,1.474
15:50:56.840,1.126
15:50:56.840,0.645
15:50:56.840,0.478
15:50:56.840,0.348
15:50:56.840,0.328
15:50:56.840,0.157
15:50:56.840,0.1
15:50:56.840,0.216
15:50:56.840,0.228
15:50:56.840,0.167
15:50:56.840,-0.158
15:50:56.840,0.222
15:50:56.840,0.197
15:50:56.840,0.195
15:50:56.840,-0.191
15:50:56.840,-0.261
15:50:56.840,-0.381
15:50:56.840,-0.642
15:50:56.840,-0.907
15:50:56.840,-0.972
15:50:56.840,-2.213
15:50:56.856,-3.231
15:50:56.856,-3.379
15:50:56.856,-2.16
15:50:56.856,-1.37
15:50:56.856,-2.669
15:50:56.856,-3.538
15:50:56.856,-3.981
15:50:56.856,-4.665
15:50:56.856,-4.629
15:50:56.856,-4.064
15:50:56.856,-4.018
15:50:56.856,-4.192
15:50:56.856,-4.214
15:50:56.856,-4.253
15:50:56.856,-4.639
15:50:56.856,-4.424
15:50:56.856,-4.371
15:50:56.856,-3.852
15:50:56.856,-3.758
15:50:56.856,-3.497
15:50:56.872,-3.445
15:50:56.872,-3.872
15:50:56.872,-3.714
15:50:56.872,-3.702
15:50:56.872,-3.984
15:50:56.872,-4.117
15:50:56.872,-4.08
15:50:56.872,-4.732
15:50:56.872,-5.702
15:50:56.872,-4.971
15:50:56.872,-3.753
15:50:56.872,-3.88
15:50:56.872,-4.393
15:50:56.872,-5.39
15:50:56.872,-5.582
15:50:56.872,-5.499
15:50:56.872,-5.482
15:50:56.872,-5.236
15:50:56.872,-5.136
15:50:56.872,-4.919
15:50:56.872,-4.815
15:50:56.872,-4.734
15:50:56.888,-4.625
15:50:56.888,-4.203
15:50:56.888,-3.908
15:50:56.888,-3.967
15:50:56.888,-3.855
15:50:56.888,-3.71
15:50:56.888,-3.496
15:50:56.888,-3.338
15:50:56.888,-3.255
15:50:56.888,-3.167
15:50:56.888,-3.079
15:50:56.888,-2.962
15:50:56.888,-3.521
15:50:56.888,-3.072
15:50:56.888,-2.026
15:50:56.888,-2.499
15:50:56.888,-2.358
15:50:56.888,-1.728
15:50:56.888,-1.47
15:50:56.905,-1.087
15:50:56.905,-0.549
15:50:56.905,-0.395
15:50:56.905,-0.317
15:50:56.905,-0.043
15:50:56.909,-0.112
15:50:56.911,0.063
15:50:56.912,0.056
15:50:56.912,0.176
15:50:56.912,0.007
15:50:56.912,-0.011
15:50:56.912,-0.132
15:50:56.916,-0.002
15:50:56.916,0.085
15:50:56.916,0.151
15:50:56.916,0.304
15:50:56.920,0.53
15:50:56.920,0.661
15:50:56.920,0.755
15:50:56.920,1.178
15:50:56.920,1.144
15:50:56.920,2.42
15:50:56.920,3.442
15:50:56.920,2.998
15:50:56.920,1.648
15:50:56.920,2.469
15:50:56.920,3.303
15:50:56.920,4.074
15:50:56.920,4.324
15:50:56.920,4.493
15:50:56.920,4.821
15:50:56.920,4.619
15:50:56.920,4.029
15:50:56.920,4.305
15:50:56.936,4.542
15:50:56.936,4.657
15:50:56.936,4.693
15:50:56.936,4.629
15:50:56.936,4.29
15:50:56.936,4.075
15:50:56.936,3.906
15:50:56.936,3.746
15:50:56.936,4.046
15:50:56.945,3.809
15:50:56.945,3.857
15:50:56.945,4.186
15:50:56.945,4.249
15:50:56.945,4.209
15:50:56.945,5.366
15:50:56.952,5.676
15:50:56.983,4.158
15:50:56.983,4.037
15:50:56.983,4.609
15:50:56.983,5.403
15:50:56.983,5.706
15:50:56.983,5.585
15:50:56.983,5.418
15:50:56.983,5.074
15:50:56.983,5.036
15:50:56.983,4.749
15:50:56.983,4.719
15:50:56.983,4.862
15:50:56.999,4.673
15:50:56.999,4.024
15:50:57.001,4.059
15:50:57.001,4.064
15:50:57.001,3.768
15:50:57.001,3.584
15:50:57.001,3.319
15:50:57.001,3.316
15:50:57.001,3.387
15:50:57.001,3.094
15:50:57.001,2.989
15:50:57.001,3.503
15:50:57.001,3.37
15:50:57.001,2.544
15:50:57.001,2.393
15:50:57.001,2.267
15:50:57.001,2.333
15:50:57.001,2.186
15:50:57.001,1.576
15:50:57.001,1.337
15:50:57.001,0.877
15:50:57.014,0.509
15:50:57.014,0.591
15:50:57.014,0.21
15:50:57.014,0.141
15:50:57.014,0.172
15:50:57.014,0.208
15:50:57.014,0.034
15:50:57.014,0.2
15:50:57.014,0.298
15:50:57.014,0.03
15:50:57.014,-0.038
15:50:57.014,-0.164
15:50:57.014,-0.521
15:50:57.014,-0.766
15:50:57.014,-0.806
15:50:57.014,-1.023
15:50:57.014,-1.77
15:50:57.014,-3.421
15:50:57.014,-3.439
15:50:57.014,-2.355
15:50:57.014,-1.711
15:50:57.030,-2.505
15:50:57.030,-3.82
15:50:57.030,-4.248
15:50:57.030,-4.35
15:50:57.030,-4.67
15:50:57.030,-4.315
15:50:57.030,-4.025
15:50:57.030,-4.047
15:50:57.030,-4.273
15:50:57.030,-4.438
15:50:57.030,-4.56
15:50:57.030,-4.46
15:50:57.030,-4.247
15:50:57.030,-3.956
15:50:57.030,-3.929
15:50:57.030,-3.525
15:50:57.030,-3.553
15:50:57.030,-3.939
15:50:57.030,-3.706
15:50:57.047,-3.791
15:50:57.047,-3.939
15:50:57.047,-4.165
15:50:57.047,-4.177
15:50:57.047,-4.84
15:50:57.047,-5.563
15:50:57.047,-5.195
15:50:57.047,-3.618
15:50:57.047,-4.002
15:50:57.047,-4.413
15:50:57.047,-5.577
15:50:57.047,-5.503
15:50:57.047,-5.52
15:50:57.047,-5.119
15:50:57.047,-5.106
15:50:57.047,-4.867
15:50:57.047,-4.594
15:50:57.047,-4.554
15:50:57.047,-4.555
15:50:57.047,-3.927
15:50:57.047,-3.934
15:50:57.047,-3.732
15:50:57.062,-3.833
15:50:57.062,-3.602
15:50:57.062,-3.322
15:50:57.062,-3.249
15:50:57.062,-3.306
15:50:57.062,-3.078
15:50:57.062,-2.837
15:50:57.062,-3.216
15:50:57.062,-3.543
15:50:57.062,-2.682
15:50:57.062,-2.606
15:50:57.062,-2.268
15:50:57.062,-2.298
15:50:57.062,-2.138
15:50:57.062,-1.682
15:50:57.062,-1.101
15:50:57.062,-0.714
15:50:57.062,-0.496
15:50:57.062,-0.278
15:50:57.078,-0.24
15:50:57.078,-0.125
15:50:57.078,-0.104
15:50:57.078,0.02
15:50:57.078,-0.064
15:50:57.078,-0.084
15:50:57.078,0.03
15:50:57.078,0.086
15:50:57.078,-0.075
15:50:57.078,-0.291
15:50:57.078,-0.024
15:50:57.078,0.029
15:50:57.078,0.171
15:50:57.078,0.338
15:50:57.078,0.574
15:50:57.078,0.647
15:50:57.078,0.86
15:50:57.078,1.259
15:50:57.078,1.152
15:50:57.078,2.222
15:50:57.078,3.391
15:50:57.078,2.487
15:50:57.078,1.732
15:50:57.094,2.762
15:50:57.094,3.68
15:50:57.094,4.231
15:50:57.094,4.393
15:50:57.094,4.768
15:50:57.094,4.387
15:50:57.094,3.921
15:50:57.094,4.254
15:50:57.094,4.418
15:50:57.094,4.449
15:50:57.094,4.498
15:50:57.094,4.751
15:50:57.094,4.466
15:50:57.094,4.36
15:50:57.094,4.1
15:50:57.094,3.948
15:50:57.094,3.741
15:50:57.094,3.778
15:50:57.094,3.89
15:50:57.094,4.024
15:50:57.094,3.805
15:50:57.094,4.125
15:50:57.094,4.211
15:50:57.094,4.222
15:50:57.109,4.844
15:50:57.109,5.64
15:50:57.109,5.039
15:50:57.109,4.382
15:50:57.109,3.786
15:50:57.109,4.651
15:50:57.109,5.646
15:50:57.109,5.776
15:50:57.109,5.531
15:50:57.109,5.578
15:50:57.109,5.539
15:50:57.109,5.044
15:50:57.109,4.739
15:50:57.109,5.024
15:50:57.109,4.923
15:50:57.109,4.586
15:50:57.109,4.138
15:50:57.109,4.055
15:50:57.109,3.966
15:50:57.109,3.983
15:50:57.109,3.743
15:50:57.109,3.691
15:50:57.125,3.484
15:50:57.125,3.341
15:50:57.125,3.388
15:50:57.125,3.29
15:50:57.125,3.045
15:50:57.125,2.95
15:50:57.125,3.519
15:50:57.125,3.628
15:50:57.134,2.66
15:50:57.134,2.219
15:50:57.134,2.241
15:50:57.134,2.276
15:50:57.134,2.201
15:50:57.134,1.914
15:50:57.134,1.672
15:50:57.134,0.948
15:50:57.134,0.546
15:50:57.134,0.46
15:50:57.141,0.41
15:50:57.141,0.236
15:50:57.141,0.125
15:50:57.141,0.204
15:50:57.141,0.054
15:50:57.141,0.098
15:50:57.141,0.008
15:50:57.141,0.139
15:50:57.141,0.2
15:50:57.141,0.09
15:50:57.141,-0.168
15:50:57.141,-0.367
15:50:57.141,-0.611
15:50:57.141,-0.788
15:50:57.141,-1.111
15:50:57.141,-2.948
15:50:57.141,-3.396
15:50:57.141,-2.413
15:50:57.141,-1.713
15:50:57.141,-2.254
15:50:57.141,-3.38
15:50:57.141,-3.889
15:50:57.157,-4.13
15:50:57.157,-4.685
15:50:57.157,-4.367
15:50:57.157,-3.896
15:50:57.157,-4.051
15:50:57.157,-4.082
15:50:57.157,-4.284
15:50:57.157,-4.477
15:50:57.157,-4.649
15:50:57.157,-4.321
15:50:57.157,-4.203
15:50:57.157,-3.792
15:50:57.157,-3.657
15:50:57.157,-3.563
15:50:57.157,-3.766
15:50:57.157,-3.695
15:50:57.157,-3.914
15:50:57.157,-4.056
15:50:57.157,-4.111
15:50:57.157,-4.291
15:50:57.157,-5.439
15:50:57.173,-5.533
15:50:57.173,-4.937
15:50:57.173,-3.76
15:50:57.173,-4.332
15:50:57.173,-4.889
15:50:57.173,-5.225
15:50:57.173,-5.544
15:50:57.173,-5.648
15:50:57.173,-5.433
15:50:57.173,-5.275
15:50:57.173,-5.153
15:50:57.173,-4.825
15:50:57.173,-4.843
15:50:57.173,-4.826
15:50:57.173,-4.431
15:50:57.173,-4.068
15:50:57.173,-3.916
15:50:57.173,-3.934
15:50:57.173,-3.784
15:50:57.173,-3.686
15:50:57.173,-3.605
15:50:57.189,-3.25
15:50:57.189,-3.249
15:50:57.189,-3.366
15:50:57.189,-2.807
15:50:57.189,-3.421
15:50:57.189,-3.56
15:50:57.189,-3.057
15:50:57.189,-2.378
15:50:57.189,-2.259
15:50:57.189,-2.287
15:50:57.189,-1.84
15:50:57.189,-1.722
15:50:57.189,-1.245
15:50:57.189,-0.694
15:50:57.189,-0.397
15:50:57.189,-0.327
15:50:57.189,-0.354
15:50:57.189,-0.265
15:50:57.189,-0.09
15:50:57.189,0.001
15:50:57.189,-0.03
15:50:57.189,-0.028
15:50:57.204,0.005
15:50:57.204,0.066
15:50:57.204,0.102
15:50:57.204,-0.209
15:50:57.204,-0.037
15:50:57.204,0.026
15:50:57.204,0.047
15:50:57.204,0.369
15:50:57.204,0.68
15:50:57.204,0.772
15:50:57.204,0.994
15:50:57.204,0.994
15:50:57.204,1.244
15:50:57.204,2.843
15:50:57.204,3.301
15:50:57.204,2.786
15:50:57.204,1.613
15:50:57.204,2.52
15:50:57.204,3.301
15:50:57.204,4.105
15:50:57.204,4.368
15:50:57.204,4.731
15:50:57.331,4.702
15:50:57.332,4.092
15:50:57.332,4.073
15:50:57.332,4.158
15:50:57.332,4.308
15:50:57.332,4.551
15:50:57.332,4.812
15:50:57.332,4.509
15:50:57.332,4.359
15:50:57.332,4.302
15:50:57.332,3.875
15:50:57.332,3.788
15:50:57.332,3.812
15:50:57.332,3.791
15:50:57.332,3.829
15:50:57.332,3.846
15:50:57.332,4.207
15:50:57.332,4.168
15:50:57.332,4.276
15:50:57.347,5.148
15:50:57.347,5.544
15:50:57.347,5.281
15:50:57.347,4.189
15:50:57.347,4.037
15:50:57.347,4.633
15:50:57.347,4.922
15:50:57.347,5.598
15:50:57.347,5.711
15:50:57.347,5.647
15:50:57.347,5.472
15:50:57.347,5.232
15:50:57.347,4.922
15:50:57.347,4.784
15:50:57.347,5.022
15:50:57.347,4.878
15:50:57.347,4.32
15:50:57.347,3.969
15:50:57.347,4.101
15:50:57.363,3.814
15:50:57.363,3.764
15:50:57.363,3.385
15:50:57.363,3.451
15:50:57.363,3.288
15:50:57.363,3.512
15:50:57.363,3.136
15:50:57.363,2.908
15:50:57.363,3.558
15:50:57.363,3.505
15:50:57.363,2.829
15:50:57.363,2.326
15:50:57.363,1.904
15:50:57.363,2.591
15:50:57.363,2.306
15:50:57.363,1.674
15:50:57.363,1.5
15:50:57.363,1.22
15:50:57.363,0.915
15:50:57.379,0.602
15:50:57.379,0.406
15:50:57.379,0.334
15:50:57.379,0.318
15:50:57.379,0.243
15:50:57.379,0.191
15:50:57.379,0.038
15:50:57.379,0.076
15:50:57.379,0.21
15:50:57.379,0.196
15:50:57.379,0.058
15:50:57.379,0.088
15:50:57.379,-0.332
15:50:57.379,-0.303
15:50:57.379,-0.512
15:50:57.379,-0.89
15:50:57.379,-0.779
15:50:57.379,-0.953
15:50:57.379,-2.475
15:50:57.379,-3.375
15:50:57.379,-2.536
15:50:57.379,-1.807
15:50:57.394,-2.88
15:50:57.394,-3.815
15:50:57.394,-4.052
15:50:57.394,-4.208
15:50:57.394,-4.629
15:50:57.394,-4.411
15:50:57.394,-4.037
15:50:57.394,-4.002
15:50:57.394,-4.185
15:50:57.394,-4.276
15:50:57.394,-4.529
15:50:57.394,-4.631
15:50:57.394,-4.418
15:50:57.394,-4.015
15:50:57.394,-3.796
15:50:57.394,-3.621
15:50:57.394,-3.53
15:50:57.394,-3.68
15:50:57.394,-3.79
15:50:57.394,-3.753
15:50:57.394,-3.863
15:50:57.394,-4.037
15:50:57.411,-4.078
15:50:57.411,-4.303
15:50:57.411,-5.162
15:50:57.411,-5.58
15:50:57.411,-4.519
15:50:57.411,-3.719
15:50:57.411,-4.109
15:50:57.411,-4.801
15:50:57.411,-5.523
15:50:57.411,-5.625
15:50:57.411,-5.775
15:50:57.411,-5.292
15:50:57.411,-5.011
15:50:57.411,-5.034
15:50:57.411,-4.876
15:50:57.411,-4.798
15:50:57.427,-4.633
15:50:57.428,-4.696
15:50:57.428,-3.976
15:50:57.429,-3.948
15:50:57.430,-3.848
15:50:57.430,-3.727
15:50:57.430,-3.568
15:50:57.430,-3.397
15:50:57.430,-3.439
15:50:57.430,-3.221
15:50:57.430,-3.291
15:50:57.430,-2.974
15:50:57.430,-2.885
15:50:57.430,-3.24
15:50:57.430,-3.537
15:50:57.430,-2.752
15:50:57.442,-2.227
15:50:57.442,-2.346
15:50:57.442,-2.183
15:50:57.442,-1.909
15:50:57.442,-1.571
15:50:57.442,-1.032
15:50:57.442,-0.53
15:50:57.442,-0.388
15:50:57.442,-0.189
15:50:57.442,-0.068
15:50:57.442,0.034
15:50:57.442,0.09
15:50:57.442,0.063
15:50:57.442,0.028
15:50:57.442,-0.151
15:50:57.442,-0.031
15:50:57.442,0.029
15:50:57.458,-0.003
15:50:57.460,0.25
15:50:57.460,0.284
15:50:57.460,0.354
15:50:57.460,0.636
15:50:57.460,1.051
15:50:57.460,1.546
15:50:57.460,2.478
15:50:57.460,3.391
15:50:57.460,2.812
15:50:57.460,1.545
15:50:57.460,2.442
15:50:57.460,3.281
15:50:57.460,4.276
15:50:57.460,4.435
15:50:57.460,4.86
15:50:57.460,4.398
15:50:57.460,4.073
15:50:57.474,4.045
15:50:57.474,4.278
15:50:57.474,4.601
15:50:57.474,4.294
15:50:57.474,4.57
15:50:57.474,4.769
15:50:57.474,4.593
15:50:57.474,4.412
15:50:57.474,3.983
15:50:57.474,3.939
15:50:57.474,3.729
15:50:57.474,3.748
15:50:57.474,3.944
15:50:57.474,3.927
15:50:57.474,4.033
15:50:57.474,4.098
15:50:57.474,4.201
15:50:57.474,4.43
15:50:57.474,4.957
15:50:57.474,5.579
15:50:57.474,4.056
15:50:57.474,3.837
15:50:57.474,4.857
15:50:57.490,5.921
15:50:57.490,5.674
15:50:57.490,5.478
15:50:57.490,5.229
15:50:57.490,4.947
15:50:57.490,4.843
15:50:57.490,4.864
15:50:57.490,4.602
15:50:57.490,4.514
15:50:57.490,3.938
15:50:57.490,3.798
15:50:57.490,3.938
15:50:57.490,3.953
15:50:57.490,3.596
15:50:57.490,3.507
15:50:57.490,3.253
15:50:57.490,3.188
15:50:57.490,3.222
15:50:57.490,2.98
15:50:57.490,3.245
15:50:57.490,3.701
15:50:57.505,3.341
15:50:57.505,2.357
15:50:57.505,2.421
15:50:57.505,2.378
15:50:57.505,2.21
15:50:57.505,1.872
15:50:57.505,1.619
15:50:57.505,0.852
15:50:57.505,0.5
15:50:57.505,0.339
15:50:57.505,0.385
15:50:57.505,0.287
15:50:57.505,0.328
15:50:57.505,0.164
15:50:57.505,0.056
15:50:57.505,0.138
15:50:57.505,0.092
15:50:57.505,0.196
15:50:57.505,0.203
15:50:57.505,0.161
15:50:57.505,-0.097
15:50:57.505,-0.239
15:50:57.505,-0.549
15:50:57.521,-0.758
15:50:57.521,-0.79
15:50:57.521,-1.13
15:50:57.521,-2.062
15:50:57.521,-3.325
15:50:57.521,-3.067
15:50:57.521,-1.89
15:50:57.521,-1.526
15:50:57.521,-2.742
15:50:57.521,-3.667
15:50:57.521,-4.19
15:50:57.521,-4.476
15:50:57.521,-4.621
15:50:57.521,-4.194
15:50:57.521,-3.883
15:50:57.521,-4.139
15:50:57.521,-4.251
15:50:57.521,-4.38
15:50:57.521,-4.527
15:50:57.521,-4.39
15:50:57.521,-4.387
15:50:57.521,-3.812
15:50:57.521,-3.845
15:50:57.521,-3.637
15:50:57.536,-3.505
15:50:57.536,-3.748
15:50:57.536,-3.853
15:50:57.536,-3.693
15:50:57.536,-3.965
15:50:57.536,-4.107
15:50:57.536,-4.245
15:50:57.536,-4.853
15:50:57.536,-5.609
15:50:57.536,-4.556
15:50:57.536,-3.571
15:50:57.536,-4.002
15:50:57.536,-4.759
15:50:57.536,-5.283
15:50:57.536,-5.701
15:50:57.536,-5.638
15:50:57.536,-5.501
15:50:57.536,-5.102
15:50:57.536,-5.18
15:50:57.536,-4.863
15:50:57.536,-4.77
15:50:57.536,-4.648
15:50:57.536,-4.762
15:50:57.552,-4.448
15:50:57.552,-3.998
15:50:57.552,-3.897
15:50:57.552,-3.791
15:50:57.552,-3.353
15:50:57.552,-3.428
15:50:57.552,-3.265
15:50:57.552,-3.353
15:50:57.552,-2.941
15:50:57.552,-2.899
15:50:57.552,-3.525
15:50:57.552,-3.144
15:50:57.552,-2.193
15:50:57.552,-2.525
15:50:57.552,-2.264
15:50:57.552,-2.058
15:50:57.552,-1.797
15:50:57.552,-1.49
15:50:57.552,-0.901
15:50:57.552,-0.698
15:50:57.552,-0.439
15:50:57.552,-0.315
15:50:57.568,-0.247
15:50:57.568,-0.068
15:50:57.568,0.169
15:50:57.568,-0.09
15:50:57.568,-0.091
15:50:57.568,-0.004
15:50:57.568,0.006
15:50:57.568,0.047
15:50:57.568,-0.006
15:50:57.568,-0.034
15:50:57.568,0.106
15:50:57.568,0.22
15:50:57.568,0.348
15:50:57.568,0.675
15:50:57.568,0.985
15:50:57.568,1.082
15:50:57.568,1.309
15:50:57.568,2.213
15:50:57.568,3.236
15:50:57.568,3.25
15:50:57.568,2.35
15:50:57.584,1.691
15:50:57.584,2.77
15:50:57.584,3.712
15:50:57.584,4.244
15:50:57.584,4.586
15:50:57.584,4.792
15:50:57.584,4.467
15:50:57.584,3.95
15:50:57.584,4.234
15:50:57.584,4.363
15:50:57.584,4.353
15:50:57.584,4.627
15:50:57.584,4.688
15:50:57.584,4.656
15:50:57.584,4.427
15:50:57.584,3.986
15:50:57.584,3.789
15:50:57.584,3.763
15:50:57.584,3.811
15:50:57.584,3.744
15:50:57.584,3.795
15:50:57.584,4.128
15:50:57.584,4.091
15:50:57.600,4.068
15:50:57.600,4.376
15:50:57.600,5.051
15:50:57.600,5.527
15:50:57.600,5.279
15:50:57.600,3.693
15:50:57.600,4.05
15:50:57.600,4.836
15:50:57.600,5.58
15:50:57.600,5.696
15:50:57.600,5.718
15:50:57.600,5.402
15:50:57.600,5.311
15:50:57.600,5.128
15:50:57.600,4.84
15:50:57.600,4.893
15:50:57.600,4.823
15:50:57.600,4.931
15:50:57.600,4.516
15:50:57.600,4.063
15:50:57.600,4.055
15:50:57.615,3.824
15:50:57.615,3.79
15:50:57.615,3.886
15:50:57.615,3.312
15:50:57.615,3.292
15:50:57.615,3.389
15:50:57.615,3.479
15:50:57.615,3.014
15:50:57.615,3.019
15:50:57.615,3.574
15:50:57.615,3.652
15:50:57.615,2.671
15:50:57.615,2.379
15:50:57.615,2.322
15:50:57.615,2.342
15:50:57.615,2.293
15:50:57.615,1.649
15:50:57.615,0.921
15:50:57.615,0.69
15:50:57.615,0.599
15:50:57.615,0.338
15:50:57.615,0.337
15:50:57.631,0.078
15:50:57.631,0.223
15:50:57.631,0.199
15:50:57.631,0.181
15:50:57.631,0.196
15:50:57.631,0.11
15:50:57.631,0.15
15:50:57.631,0.184
15:50:57.631,0.01
15:50:57.631,-0.154
15:50:57.631,-0.402
15:50:57.631,-0.438
15:50:57.631,-0.512
15:50:57.631,-0.939
15:50:57.631,-0.786
15:50:57.631,-1.474
15:50:57.631,-2.807
15:50:57.631,-3.304
15:50:57.631,-3.161
15:50:57.631,-1.789
15:50:57.631,-2.356
15:50:57.647,-3.373
15:50:57.647,-3.978
15:50:57.647,-4.338
15:50:57.647,-4.609
15:50:57.647,-4.591
15:50:57.647,-4.099
15:50:57.647,-4.086
15:50:57.647,-4.257
15:50:57.647,-4.306
15:50:57.647,-4.235
15:50:57.647,-4.531
15:50:57.647,-4.483
15:50:57.647,-4.417
15:50:57.647,-4.068
15:50:57.647,-3.98
15:50:57.663,-3.783
15:50:57.663,-3.463
15:50:57.663,-3.544
15:50:57.663,-3.651
15:50:57.663,-3.794
15:50:57.663,-3.801
15:50:57.663,-3.838
15:50:57.663,-4.175
15:50:57.663,-4.087
15:50:57.663,-4.301
15:50:57.663,-5.031
15:50:57.663,-5.622
15:50:57.663,-4.076
15:50:57.663,-3.856
15:50:57.663,-4.221
15:50:57.663,-5.279
15:50:57.663,-5.565
15:50:57.663,-5.586
15:50:57.663,-5.452
15:50:57.663,-5.406
15:50:57.663,-5.174
15:50:57.678,-4.786
15:50:57.678,-4.719
15:50:57.678,-4.757
15:50:57.678,-4.753
15:50:57.678,-4.362
15:50:57.678,-3.81
15:50:57.678,-4.015
15:50:57.678,-3.806
15:50:57.678,-3.721
15:50:57.678,-3.491
15:50:57.678,-3.245
15:50:57.678,-3.397
15:50:57.678,-3.365
15:50:57.678,-3.172
15:50:57.678,-2.884
15:50:57.678,-3.129
15:50:57.678,-3.612
15:50:57.694,-3.366
15:50:57.694,-2.543
15:50:57.694,-2.343
15:50:57.696,-2.517
15:50:57.696,-2.38
15:50:57.696,-1.728
15:50:57.696,-1.536
15:50:57.696,-1.131
15:50:57.696,-0.677
15:50:57.696,-0.403
15:50:57.696,-0.379
15:50:57.696,-0.241
15:50:57.696,-0.208
15:50:57.696,-0.067
15:50:57.696,0.126
15:50:57.696,-0.215
15:50:57.696,0.009
15:50:57.696,0.079
15:50:57.696,0.215
15:50:57.696,-0.221
15:50:57.696,-0.12
15:50:57.696,-0.073
15:50:57.710,0.218
15:50:57.710,0.684
15:50:57.710,0.167
15:50:57.710,0.798
15:50:57.710,1.083
15:50:57.710,1.037
15:50:57.710,1.815
15:50:57.710,3.354
15:50:57.710,2.884
15:50:57.710,1.51
15:50:57.710,1.786
15:50:57.710,3.24
15:50:57.710,4.122
15:50:57.710,4.314
15:50:57.710,4.803
15:50:57.710,4.621
15:50:57.710,4.363
15:50:57.710,4.061
15:50:57.710,4.222
15:50:57.710,4.371
15:50:57.726,4.425
15:50:57.726,4.64
15:50:57.726,4.729
15:50:57.726,4.503
15:50:57.726,4.457
15:50:57.726,4.054
15:50:57.726,3.82
15:50:57.726,3.702
15:50:57.726,3.825
15:50:57.726,4.099
15:50:57.726,3.72
15:50:57.726,4.193
15:50:57.726,4.14
15:50:57.726,4.292
15:50:57.726,5.457
15:50:57.726,5.53
15:50:57.726,4.379
15:50:57.726,3.805
15:50:57.726,4.466
15:50:57.741,5.216
15:50:57.741,5.736
15:50:57.741,5.551
15:50:57.741,5.471
15:50:57.741,5.364
15:50:57.741,5.276
15:50:57.741,5.287
15:50:57.741,4.874
15:50:57.741,4.872
15:50:57.741,4.864
15:50:57.741,4.533
15:50:57.741,3.992
15:50:57.741,4.087
15:50:57.741,3.75
15:50:57.741,3.996
15:50:57.741,3.595
15:50:57.741,3.399
15:50:57.741,3.38
15:50:57.741,3.423
15:50:57.741,2.931
15:50:57.741,3.596
15:50:57.741,3.368
15:50:57.757,2.31
15:50:57.757,2.399
15:50:57.757,2.445
15:50:57.757,2.182
15:50:57.757,1.693
15:50:57.757,1.537
15:50:57.757,0.924
15:50:57.757,0.842
15:50:57.757,0.546
15:50:57.757,0.468
15:50:57.757,0.316
15:50:57.757,0.459
15:50:57.757,0.04
15:50:57.757,-0.049
15:50:57.757,-0.073
15:50:57.757,0.088
15:50:57.757,0.181
15:50:57.757,0.18
15:50:57.757,0.047
15:50:57.757,-0.078
15:50:57.757,-0.127
15:50:57.757,-0.564
15:50:57.757,-0.838
15:50:57.757,-0.991
15:50:57.773,-2.447
15:50:57.773,-3.433
15:50:57.773,-2.614
15:50:57.773,-1.584
15:50:57.773,-2.935
15:50:57.773,-3.983
15:50:57.773,-4.314
15:50:57.773,-4.684
15:50:57.773,-4.559
15:50:57.773,-4.091
15:50:57.773,-4.07
15:50:57.773,-4.321
15:50:57.773,-4.221
15:50:57.773,-4.515
15:50:57.773,-4.483
15:50:57.773,-4.45
15:50:57.773,-4.277
15:50:57.773,-3.794
15:50:57.773,-3.628
15:50:57.773,-3.769
15:50:57.773,-3.501
15:50:57.789,-3.831
15:50:57.789,-3.799
15:50:57.789,-3.589
15:50:57.789,-3.784
15:50:57.789,-4.004
15:50:57.789,-3.94
15:50:57.789,-4.171
15:50:57.789,-5.031
15:50:57.789,-5.657
15:50:57.789,-5.539
15:50:57.789,-4.622
15:50:57.789,-3.572
15:50:57.789,-4.337
15:50:57.789,-5.435
15:50:57.789,-5.594
15:50:57.789,-5.533
15:50:57.789,-5.357
15:50:57.789,-5.059
15:50:57.789,-5.126
15:50:57.789,-4.784
15:50:57.789,-4.868
15:50:57.789,-4.692
15:50:57.789,-4.492
15:50:57.805,-4.336
15:50:57.805,-4.145
15:50:57.805,-3.872
15:50:57.805,-3.822
15:50:57.805,-3.756
15:50:57.805,-3.503
15:50:57.805,-3.33
15:50:57.805,-3.348
15:50:57.805,-3.347
15:50:57.805,-2.84
15:50:57.805,-3.129
15:50:57.805,-3.419
15:50:57.805,-2.975
15:50:57.805,-2.534
15:50:57.805,-2.266
15:50:57.805,-2.297
15:50:57.805,-2.151
15:50:57.805,-1.97
15:50:57.805,-1.578
15:50:57.805,-0.993
15:50:57.805,-0.688
15:50:57.805,-0.427
15:50:57.805,-0.313
15:50:57.805,-0.172
15:50:57.821,-0.339
15:50:57.821,-0.243
15:50:57.821,0.13
15:50:57.821,-0.106
15:50:57.821,0.23
15:50:57.821,0.022
15:50:57.821,-0.011
15:50:57.821,-0.153
15:50:57.821,-0.051
15:50:57.821,0.134
15:50:57.821,0.204
15:50:57.821,0.278
15:50:57.821,0.511
15:50:57.821,0.828
15:50:57.821,0.932
15:50:57.821,1.079
15:50:57.821,1.827
15:50:57.821,3.029
15:50:57.821,3.562
15:50:57.821,2.041
15:50:57.821,1.644
15:50:57.821,2.547
15:50:57.837,3.575
15:50:57.837,4.322
15:50:57.837,4.379
15:50:57.837,4.759
15:50:57.837,4.51
15:50:57.837,4.246
15:50:57.837,3.999
15:50:57.837,4.254
15:50:57.837,4.613
15:50:57.837,4.427
15:50:57.837,4.678
15:50:57.837,4.469
15:50:57.837,4.384
15:50:57.837,4.073
15:50:57.837,4.073
15:50:57.837,3.631
15:50:57.837,3.783
15:50:57.837,3.847
15:50:57.837,3.959
15:50:57.837,3.954
15:50:57.852,4.231
15:50:57.852,4.355
15:50:57.852,5.163
15:50:57.852,5.54
15:50:57.852,4.432
15:50:57.852,3.856
15:50:57.852,4.353
15:50:57.852,5.352
15:50:57.852,5.65
15:50:57.852,5.475
15:50:57.852,5.728
15:50:57.852,5.281
15:50:57.852,4.874
15:50:57.852,4.904
15:50:57.852,5.032
15:50:57.852,4.668
15:50:57.852,4.546
15:50:57.852,4.306
15:50:57.852,3.955
15:50:57.852,3.853
15:50:57.852,4.011
15:50:57.852,3.92
15:50:57.852,3.363
15:50:57.868,3.407
15:50:57.868,3.559
15:50:57.868,2.993
15:50:57.868,3.149
15:50:57.868,3.527
15:50:57.868,2.668
15:50:57.868,2.194
15:50:57.868,2.283
15:50:57.868,2.034
15:50:57.868,1.517
15:50:57.868,0.989
15:50:57.868,0.67
15:50:57.868,0.57
15:50:57.868,0.391
15:50:57.868,0.253
15:50:57.868,0.208
15:50:57.868,0.447
15:50:57.868,0.05
15:50:57.868,0.069
15:50:57.868,-0.043
15:50:57.868,0.071
15:50:57.868,0.285
15:50:57.868,0.208
15:50:57.868,-0.049
15:50:57.884,0.089
15:50:57.884,-0.208
15:50:57.884,-0.305
15:50:57.884,-0.384
15:50:57.884,-0.848
15:50:57.884,-0.795
15:50:57.884,-2.01
15:50:57.884,-2.662
15:50:57.884,-2.956
15:50:57.884,-1.641
15:50:57.884,-2.575
15:50:57.884,-3.399
15:50:57.884,-4.294
15:50:57.884,-4.694
15:50:57.884,-4.375
15:50:57.884,-3.971
15:50:57.884,-3.982
15:50:57.884,-4.215
15:50:57.884,-4.404
15:50:57.884,-4.511
15:50:57.884,-4.461
15:50:57.884,-4.16
15:50:57.884,-3.841
15:50:57.884,-3.499
15:50:57.900,-3.685
15:50:57.900,-3.756
15:50:57.900,-3.64
15:50:57.900,-3.931
15:50:57.900,-4.001
15:50:57.905,-4.03
15:50:57.906,-4.217
15:50:57.906,-4.938
15:50:57.906,-5.545
15:50:57.906,-4.944
15:50:57.906,-3.905
15:50:57.906,-3.88
15:50:57.906,-4.325
15:50:57.906,-5.415
15:50:57.906,-5.496
15:50:57.906,-5.569
15:50:57.906,-5.514
15:50:57.916,-5.218
15:50:57.916,-5.015
15:50:57.916,-4.804
15:50:57.916,-4.554
15:50:57.916,-4.723
15:50:57.916,-4.293
15:50:57.916,-3.924
15:50:57.916,-3.753
15:50:57.916,-3.712
15:50:57.916,-3.675
15:50:57.916,-3.502
15:50:57.916,-3.25
15:50:57.916,-3.194
15:50:57.916,-3.328
15:50:57.916,-3.289
15:50:57.916,-2.861
15:50:57.916,-2.834
15:50:57.916,-3.629
15:50:57.932,-3.181
15:50:57.932,-2.311
15:50:57.932,-2.215
15:50:57.932,-2.334
15:50:57.932,-2.035
15:50:57.932,-1.789
15:50:57.932,-1.477
15:50:57.932,-0.745
15:50:57.932,-0.429
15:50:57.932,-0.42
15:50:57.932,-0.356
15:50:57.932,0.052
15:50:57.941,-0.342
15:50:57.941,0.085
15:50:57.941,0.121
15:50:57.941,0.014
15:50:57.941,0.094
15:50:57.947,0.032
15:50:57.947,-0.028
15:50:57.947,-0.028
15:50:57.947,0.197
15:50:57.947,0.396
15:50:57.947,0.741
15:50:57.947,0.936
15:50:57.947,1.178
15:50:57.956,1.909
15:50:57.956,3.662
15:50:57.956,2.711
15:50:57.959,1.844
15:50:57.959,2.719
15:50:57.959,3.878
15:50:57.959,4.372
15:50:57.959,4.571
15:50:57.959,4.603
15:50:57.959,4.225
15:50:57.963,4.241
15:50:57.963,4.366
15:50:57.963,4.707
15:50:57.963,4.673
15:50:57.963,4.474
15:50:57.963,4.517
15:50:57.963,4.23
15:50:57.963,4.071
15:50:57.963,3.59
15:50:57.963,3.596
15:50:57.963,3.961
15:50:57.963,3.982
15:50:57.963,3.74
15:50:57.963,3.953
15:50:57.963,4.12
15:50:57.963,4.242
15:50:57.963,4.665
15:50:57.963,5.44
15:50:57.963,5.579
15:50:57.963,4.739
15:50:57.963,3.782
15:50:57.979,4.283
15:50:57.979,5.251
15:50:57.979,5.758
15:50:57.979,5.55
15:50:57.979,5.664
15:50:57.979,5.581
15:50:57.979,5.221
15:50:57.979,4.907
15:50:57.979,4.978
15:50:57.979,4.86
15:50:57.979,4.657
15:50:57.979,4.238
15:50:57.979,4.146
15:50:57.979,4.117
15:50:57.979,3.906
15:50:57.979,3.756
15:50:57.979,3.591
15:50:57.979,3.39
15:50:57.979,3.4
15:50:57.979,3.389
15:50:57.979,3.072
15:50:57.979,3.139
15:50:57.995,3.602
15:50:57.995,3.421
15:50:57.995,2.836
15:50:57.995,2.524
15:50:57.995,2.329
15:50:57.995,2.309
15:50:57.995,2.287
15:50:57.995,1.848
15:50:57.995,1.684
15:50:57.995,1.231
15:50:57.995,0.906
15:50:57.995,0.587
15:50:57.995,0.522
15:50:57.995,0.416
15:50:57.995,0.103
15:50:57.995,0.016
15:50:57.995,0.192
15:50:57.995,0.065
15:50:57.995,0.032
15:50:58.011,0.099
15:50:58.011,0.039
15:50:58.011,0.209
15:50:58.011,0.063
15:50:58.011,0.108
15:50:58.011,-0.035
15:50:58.011,-0.247
15:50:58.011,-0.517
15:50:58.011,-0.66
15:50:58.011,-0.633
15:50:58.011,-1.131
15:50:58.011,-2.129
15:50:58.011,-3.344
15:50:58.011,-3.08
15:50:58.011,-1.982
15:50:58.011,-1.634
15:50:58.011,-2.822
15:50:58.011,-3.609
15:50:58.011,-3.916
15:50:58.011,-4.324
15:50:58.137,-4.728
15:50:58.137,-4.57
15:50:58.137,-3.912
15:50:58.137,-4.089
15:50:58.137,-4.263
15:50:58.137,-4.414
15:50:58.137,-4.579
15:50:58.137,-4.343
15:50:58.137,-4.295
15:50:58.137,-3.875
15:50:58.153,-3.721
15:50:58.153,-3.516
15:50:58.153,-3.575
15:50:58.153,-3.738
15:50:58.153,-3.679
15:50:58.153,-3.896
15:50:58.153,-3.906
15:50:58.153,-4.064
15:50:58.153,-5.088
15:50:58.153,-5.641
15:50:58.153,-4.014
15:50:58.153,-3.882
15:50:58.153,-4.25
15:50:58.166,-5.167
15:50:58.166,-5.58
15:50:58.166,-5.491
15:50:58.169,-5.682
15:50:58.169,-5.179
15:50:58.169,-5.064
15:50:58.169,-4.718
15:50:58.169,-4.883
15:50:58.169,-4.87
15:50:58.175,-4.751
15:50:58.175,-4.61
15:50:58.175,-4.175
15:50:58.175,-4.029
15:50:58.175,-3.974
15:50:58.175,-3.974
15:50:58.175,-3.604
15:50:58.175,-3.545
15:50:58.175,-3.376
15:50:58.175,-3.272
15:50:58.175,-3.378
15:50:58.184,-3.247
15:50:58.184,-2.815
15:50:58.184,-3.121
15:50:58.184,-3.422
15:50:58.184,-2.33
15:50:58.184,-2.748
15:50:58.184,-2.26
15:50:58.184,-2.355
15:50:58.184,-1.956
15:50:58.184,-1.733
15:50:58.184,-1.322
15:50:58.184,-0.823
15:50:58.184,-0.372
15:50:58.184,-0.33
15:50:58.184,-0.203
15:50:58.184,-0.146
15:50:58.184,0.03
15:50:58.184,-0.089
15:50:58.184,-0.01
15:50:58.184,-0.079
15:50:58.184,-0.062
15:50:58.184,-0.116
15:50:58.184,0.024
15:50:58.184,0.146
15:50:58.184,-0.002
15:50:58.200,0.372
15:50:58.200,0.49
15:50:58.200,0.621
15:50:58.200,0.838
15:50:58.200,1.062
15:50:58.200,1.214
15:50:58.200,2.482
15:50:58.200,3.262
15:50:58.200,3.131
15:50:58.200,1.716
15:50:58.200,2.112
15:50:58.200,3.141
15:50:58.200,3.729
15:50:58.200,4.413
15:50:58.200,4.699
15:50:58.200,4.5
15:50:58.200,4.465
15:50:58.200,4.038
15:50:58.200,4.113
15:50:58.200,4.359
15:50:58.200,4.4
15:50:58.216,4.562
15:50:58.216,4.644
15:50:58.216,4.593
15:50:58.216,4.493
15:50:58.216,4.068
15:50:58.216,4.1
15:50:58.216,3.888
15:50:58.216,3.658
15:50:58.216,3.834
15:50:58.216,3.913
15:50:58.216,3.9
15:50:58.216,4.072
15:50:58.216,4.088
15:50:58.216,4.149
15:50:58.216,4.52
15:50:58.216,5.179
15:50:58.216,5.135
15:50:58.216,3.815
15:50:58.216,4.001
15:50:58.216,4.556
15:50:58.216,5.342
15:50:58.216,5.595
15:50:58.216,5.549
15:50:58.231,5.749
15:50:58.231,5.441
15:50:58.231,5.02
15:50:58.231,4.894
15:50:58.231,4.864
15:50:58.231,4.904
15:50:58.231,4.76
15:50:58.231,4.479
15:50:58.231,3.931
15:50:58.231,3.996
15:50:58.231,3.869
15:50:58.231,3.649
15:50:58.231,3.522
15:50:58.231,3.654
15:50:58.231,3.39
15:50:58.231,3.397
15:50:58.231,2.916
15:50:58.231,2.977
15:50:58.231,3.524
15:50:58.231,3.359
15:50:58.247,2.856
15:50:58.247,2.248
15:50:58.247,2.32
15:50:58.247,2.168
15:50:58.247,1.976
15:50:58.247,1.898
15:50:58.247,1.534
15:50:58.247,0.758
15:50:58.247,0.538
15:50:58.247,0.475
15:50:58.247,0.413
15:50:58.247,0.279
15:50:58.247,0.338
15:50:58.247,0.133
15:50:58.247,0.203
15:50:58.247,0.152
15:50:58.247,-0.002
15:50:58.247,0.143
15:50:58.247,0.201
15:50:58.247,0.101
15:50:58.247,-0.032
15:50:58.247,-0.114
15:50:58.263,-0.465
15:50:58.263,-0.555
15:50:58.263,-0.949
15:50:58.263,-1.006
15:50:58.263,-1.905
15:50:58.263,-3.099
15:50:58.263,-3.447
15:50:58.263,-2.328
15:50:58.263,-1.657
15:50:58.263,-2.902
15:50:58.263,-3.803
15:50:58.263,-4.243
15:50:58.263,-4.405
15:50:58.263,-4.626
15:50:58.263,-4.425
15:50:58.263,-4.067
15:50:58.263,-3.984
15:50:58.263,-4.273
15:50:58.263,-4.245
15:50:58.263,-4.612
15:50:58.263,-4.464
15:50:58.263,-4.433
15:50:58.263,-4.252
15:50:58.278,-3.891
15:50:58.278,-3.916
15:50:58.278,-3.666
15:50:58.278,-3.547
15:50:58.278,-3.836
15:50:58.278,-3.682
15:50:58.278,-3.642
15:50:58.278,-3.997
15:50:58.278,-3.997
15:50:58.278,-4.123
15:50:58.278,-4.563
15:50:58.278,-5.499
15:50:58.278,-5.456
15:50:58.278,-4.441
15:50:58.278,-3.755
15:50:58.278,-4.523
15:50:58.278,-5.065
15:50:58.278,-5.535
15:50:58.278,-5.562
15:50:58.278,-5.449
15:50:58.278,-5.115
15:50:58.278,-5.096
15:50:58.278,-4.851
15:50:58.278,-4.899
15:50:58.294,-4.853
15:50:58.294,-4.674
15:50:58.294,-4.464
15:50:58.294,-4.057
15:50:58.294,-4.0
15:50:58.294,-3.585
15:50:58.294,-3.637
15:50:58.294,-3.555
15:50:58.294,-3.413
15:50:58.294,-3.23
15:50:58.294,-3.407
15:50:58.294,-3.365
15:50:58.294,-2.956
15:50:58.294,-2.991
15:50:58.294,-3.47
15:50:58.294,-3.635
15:50:58.294,-2.724
15:50:58.294,-2.525
15:50:58.294,-2.452
15:50:58.294,-2.335
15:50:58.294,-1.945
15:50:58.294,-1.653
15:50:58.310,-1.455
15:50:58.341,-0.859
15:50:58.341,-0.557
15:50:58.341,-0.491
15:50:58.341,-0.273
15:50:58.341,-0.159
15:50:58.341,-0.36
15:50:58.341,-0.284
15:50:58.341,0.002
15:50:58.341,0.027
15:50:58.341,-0.011
15:50:58.341,0.09
15:50:58.341,0.027
15:50:58.341,-0.169
15:50:58.341,-0.004
15:50:58.341,0.114
15:50:58.341,0.179
15:50:58.341,0.312
15:50:58.341,0.628
15:50:58.341,0.363
15:50:58.341,0.938
15:50:58.357,0.809
15:50:58.357,1.191
15:50:58.357,2.248
15:50:58.357,3.476
15:50:58.357,3.204
15:50:58.357,1.46
15:50:58.357,2.102
15:50:58.357,3.098
15:50:58.357,4.149
15:50:58.357,4.457
15:50:58.357,4.552
15:50:58.357,4.848
15:50:58.357,4.105
15:50:58.357,4.049
15:50:58.357,4.259
15:50:58.357,4.463
15:50:58.357,4.658
15:50:58.357,4.518
15:50:58.357,4.58
15:50:58.372,4.415
15:50:58.372,4.054
15:50:58.373,4.009
15:50:58.373,3.601
15:50:58.373,3.674
15:50:58.373,4.018
15:50:58.373,3.8
15:50:58.373,3.893
15:50:58.373,4.199
15:50:58.373,4.261
15:50:58.373,4.107
15:50:58.373,5.17
15:50:58.373,5.69
15:50:58.373,4.889
15:50:58.373,3.746
15:50:58.373,3.974
15:50:58.373,5.005
15:50:58.373,5.7
15:50:58.373,5.483
15:50:58.373,5.395
15:50:58.373,5.767
15:50:58.373,5.368
15:50:58.373,5.057
15:50:58.373,4.79
15:50:58.373,5.072
15:50:58.389,4.699
15:50:58.389,4.781
15:50:58.389,4.344
15:50:58.389,4.25
15:50:58.389,4.026
15:50:58.389,3.98
15:50:58.389,3.798
15:50:58.389,3.941
15:50:58.389,3.505
15:50:58.389,3.489
15:50:58.389,3.446
15:50:58.389,2.92
15:50:58.389,2.955
15:50:58.389,3.471
15:50:58.389,3.596
15:50:58.389,3.226
15:50:58.389,2.452
15:50:58.389,2.217
15:50:58.389,2.453
15:50:58.389,2.273
15:50:58.389,1.711
15:50:58.389,1.51
15:50:58.389,1.241
15:50:58.389,0.619
15:50:58.404,0.52
15:50:58.404,0.454
15:50:58.404,0.455
15:50:58.404,0.088
15:50:58.404,0.294
15:50:58.404,0.213
15:50:58.404,0.137
15:50:58.412,0.14
15:50:58.414,0.094
15:50:58.414,0.149
15:50:58.414,0.251
15:50:58.414,0.192
15:50:58.414,0.069
15:50:58.414,-0.166
15:50:58.414,-0.15
15:50:58.414,-0.398
15:50:58.420,-0.748
15:50:58.422,-0.926
15:50:58.422,-1.35
15:50:58.422,-2.694
15:50:58.425,-3.18
15:50:58.425,-1.682
15:50:58.425,-2.501
15:50:58.425,-3.605
15:50:58.425,-4.22
15:50:58.425,-4.446
15:50:58.425,-4.513
15:50:58.425,-4.588
15:50:58.425,-3.998
15:50:58.425,-4.053
15:50:58.425,-4.154
15:50:58.425,-4.257
15:50:58.436,-4.598
15:50:58.436,-4.459
15:50:58.436,-4.354
15:50:58.436,-3.915
15:50:58.436,-3.905
15:50:58.436,-3.616
15:50:58.436,-3.467
15:50:58.436,-3.554
15:50:58.436,-3.848
15:50:58.436,-3.625
15:50:58.436,-3.765
15:50:58.436,-4.033
15:50:58.436,-4.068
15:50:58.436,-3.99
15:50:58.436,-4.604
15:50:58.449,-5.428
15:50:58.449,-5.299
15:50:58.449,-3.977
15:50:58.452,-3.96
15:50:58.455,-4.702
15:50:58.455,-5.571
15:50:58.455,-5.423
15:50:58.455,-5.607
15:50:58.455,-5.22
15:50:58.455,-5.111
15:50:58.461,-5.0
15:50:58.461,-4.822
15:50:58.461,-4.794
15:50:58.461,-4.641
15:50:58.461,-4.444
15:50:58.461,-3.921
15:50:58.461,-3.804
15:50:58.461,-3.835
15:50:58.468,-3.631
15:50:58.468,-3.568
15:50:58.468,-3.261
15:50:58.468,-3.38
15:50:58.468,-3.26
15:50:58.468,-2.869
15:50:58.468,-2.911
15:50:58.468,-3.448
15:50:58.468,-2.944
15:50:58.468,-2.39
15:50:58.468,-2.298
15:50:58.468,-2.193
15:50:58.468,-1.872
15:50:58.468,-1.767
15:50:58.468,-1.693
15:50:58.468,-1.236
15:50:58.468,-0.513
15:50:58.468,-0.242
15:50:58.468,-0.168
15:50:58.468,-0.249
15:50:58.468,-0.044
15:50:58.485,0.031
15:50:58.485,-0.051
15:50:58.485,0.023
15:50:58.485,0.004
15:50:58.485,-0.019
15:50:58.485,-0.02
15:50:58.485,-0.132
15:50:58.485,-0.007
15:50:58.485,0.096
15:50:58.485,0.228
15:50:58.485,0.39
15:50:58.485,0.486
15:50:58.485,0.924
15:50:58.485,1.383
15:50:58.485,1.017
15:50:58.485,2.195
15:50:58.485,3.526
15:50:58.485,2.981
15:50:58.485,1.737
15:50:58.485,2.25
15:50:58.485,3.582
15:50:58.485,4.242
15:50:58.500,4.452
15:50:58.500,4.729
15:50:58.500,4.529
15:50:58.500,4.162
15:50:58.500,4.144
15:50:58.500,4.256
15:50:58.500,4.467
15:50:58.500,4.626
15:50:58.500,4.52
15:50:58.500,4.592
15:50:58.500,4.053
15:50:58.500,4.064
15:50:58.500,3.714
15:50:58.500,3.695
15:50:58.500,3.966
15:50:58.500,3.942
15:50:58.500,3.782
15:50:58.500,3.972
15:50:58.500,4.202
15:50:58.500,4.317
15:50:58.500,4.172
15:50:58.516,4.943
15:50:58.516,5.716
15:50:58.516,5.248
15:50:58.516,4.359
15:50:58.516,3.906
15:50:58.516,4.258
15:50:58.516,5.114
15:50:58.516,5.692
15:50:58.516,5.698
15:50:58.516,5.626
15:50:58.516,5.37
15:50:58.516,5.216
15:50:58.516,4.862
15:50:58.516,4.697
15:50:58.516,4.804
15:50:58.516,4.597
15:50:58.516,4.178
15:50:58.516,4.027
15:50:58.516,3.89
15:50:58.516,3.75
15:50:58.516,3.638
15:50:58.516,3.601
15:50:58.531,3.364
15:50:58.531,3.368
15:50:58.531,2.971
15:50:58.531,3.025
15:50:58.531,3.623
15:50:58.531,3.413
15:50:58.531,2.737
15:50:58.531,2.445
15:50:58.531,2.146
15:50:58.531,2.382
15:50:58.531,2.306
15:50:58.531,1.795
15:50:58.531,1.569
15:50:58.531,1.328
15:50:58.531,0.839
15:50:58.531,0.419
15:50:58.531,0.339
15:50:58.531,0.372
15:50:58.531,0.429
15:50:58.531,-0.001
15:50:58.531,0.044
15:50:58.531,0.086
15:50:58.531,-0.025
15:50:58.547,0.104
15:50:58.547,0.112
15:50:58.547,0.111
15:50:58.547,0.182
15:50:58.547,0.132
15:50:58.547,0.177
15:50:58.547,-0.224
15:50:58.547,-0.276
15:50:58.547,-0.431
15:50:58.547,-0.646
15:50:58.547,-0.843
15:50:58.547,-1.038
15:50:58.547,-1.466
15:50:58.547,-2.686
15:50:58.547,-2.963
15:50:58.547,-2.481
15:50:58.547,-1.709
15:50:58.547,-2.702
15:50:58.547,-3.54
15:50:58.547,-3.925
15:50:58.547,-4.495
15:50:58.563,-4.498
15:50:58.563,-3.976
15:50:58.563,-3.987
15:50:58.563,-4.388
15:50:58.563,-4.502
15:50:58.563,-4.519
15:50:58.563,-4.507
15:50:58.563,-3.901
15:50:58.563,-4.056
15:50:58.563,-3.475
15:50:58.563,-3.591
15:50:58.563,-3.804
15:50:58.563,-3.808
15:50:58.563,-3.777
15:50:58.563,-4.07
15:50:58.563,-4.047
15:50:58.563,-4.139
15:50:58.563,-5.244
15:50:58.563,-5.558
15:50:58.563,-5.19
15:50:58.563,-3.615
15:50:58.563,-3.982
15:50:58.563,-4.649
15:50:58.579,-5.447
15:50:58.579,-5.425
15:50:58.579,-5.627
15:50:58.579,-5.477
15:50:58.579,-4.988
15:50:58.579,-5.132
15:50:58.579,-4.878
15:50:58.579,-4.574
15:50:58.579,-4.699
15:50:58.579,-4.302
15:50:58.579,-3.993
15:50:58.579,-3.849
15:50:58.579,-3.783
15:50:58.579,-3.61
15:50:58.579,-3.614
15:50:58.579,-3.274
15:50:58.579,-3.396
15:50:58.579,-3.313
15:50:58.579,-3.01
15:50:58.579,-2.883
15:50:58.579,-3.339
15:50:58.595,-3.649
15:50:58.595,-2.578
15:50:58.595,-2.128
15:50:58.595,-2.243
15:50:58.595,-1.692
15:50:58.595,-1.658
15:50:58.595,-1.163
15:50:58.595,-0.782
15:50:58.595,-0.511
15:50:58.595,-0.344
15:50:58.595,-0.356
15:50:58.595,-0.209
15:50:58.595,-0.214
15:50:58.595,-0.052
15:50:58.595,-0.028
15:50:58.595,0.128
15:50:58.595,0.089
15:50:58.595,-0.049
15:50:58.595,-0.069
15:50:58.595,0.008
15:50:58.595,0.088
15:50:58.595,0.305
15:50:58.595,0.531
15:50:58.595,0.78
15:50:58.611,0.864
15:50:58.611,1.142
15:50:58.611,1.395
15:50:58.611,3.328
15:50:58.611,2.772
15:50:58.611,1.778
15:50:58.611,1.872
15:50:58.611,2.612
15:50:58.611,3.482
15:50:58.611,4.319
15:50:58.611,4.561
15:50:58.611,4.827
15:50:58.611,4.267
15:50:58.611,4.05
15:50:58.611,4.534
15:50:58.611,4.295
15:50:58.611,4.101
15:50:58.611,4.108
15:50:58.611,3.577
15:50:58.611,3.645
15:50:58.611,3.848
15:50:58.611,4.002
15:50:58.611,3.774
15:50:58.611,4.117
15:50:58.627,4.163
15:50:58.627,4.125
15:50:58.627,4.603
15:50:58.627,5.22
15:50:58.627,5.496
15:50:58.627,4.903
15:50:58.627,3.924
15:50:58.627,5.056
15:50:58.627,5.691
15:50:58.627,5.499
15:50:58.627,5.457
15:50:58.627,5.592
15:50:58.627,5.313
15:50:58.627,5.041
15:50:58.627,4.928
15:50:58.627,4.979
15:50:58.627,4.808
15:50:58.627,4.571
15:50:58.627,4.448
15:50:58.627,3.998
15:50:58.627,4.04
15:50:58.627,3.971
15:50:58.627,3.615
15:50:58.627,3.478
15:50:58.627,3.353
15:50:58.643,3.44
15:50:58.643,3.167
15:50:58.643,2.884
15:50:58.643,3.11
15:50:58.643,3.727
15:50:58.643,3.275
15:50:58.643,2.346
15:50:58.643,2.372
15:50:58.643,2.31
15:50:58.643,2.236
15:50:58.643,1.941
15:50:58.643,1.642
15:50:58.643,1.423
15:50:58.643,0.868
15:50:58.643,0.514
15:50:58.643,0.487
15:50:58.643,0.322
15:50:58.643,0.239
15:50:58.643,0.187
15:50:58.643,0.104
15:50:58.643,0.065
15:50:58.643,0.071
15:50:58.643,-0.053
15:50:58.643,-0.009
15:50:58.659,0.328
15:50:58.659,0.166
15:50:58.659,-0.443
15:50:58.659,-0.192
15:50:58.659,-0.259
15:50:58.659,-0.636
15:50:58.659,-0.877
15:50:58.659,-1.07
15:50:58.659,-1.107
15:50:58.659,-1.856
15:50:58.659,-3.194
15:50:58.659,-2.907
15:50:58.659,-1.723
15:50:58.659,-1.761
15:50:58.659,-2.813
15:50:58.659,-4.019
15:50:58.675,-4.437
15:50:58.675,-4.562
15:50:58.675,-4.105
15:50:58.675,-4.114
15:50:58.675,-4.263
15:50:58.675,-4.294
15:50:58.675,-4.461
15:50:58.675,-4.419
15:50:58.675,-4.556
15:50:58.675,-4.296
15:50:58.675,-3.954
15:50:58.675,-3.847
15:50:58.675,-3.481
15:50:58.675,-3.552
15:50:58.675,-3.61
15:50:58.675,-3.944
15:50:58.675,-3.73
15:50:58.675,-3.989
15:50:58.675,-4.012
15:50:58.675,-4.218
15:50:58.675,-4.483
15:50:58.675,-5.296
15:50:58.675,-5.457
15:50:58.690,-5.337
15:50:58.690,-3.606
15:50:58.690,-4.224
15:50:58.690,-5.173
15:50:58.690,-5.732
15:50:58.690,-5.539
15:50:58.690,-5.435
15:50:58.690,-5.252
15:50:58.690,-5.117
15:50:58.690,-5.113
15:50:58.690,-5.03
15:50:58.690,-4.932
15:50:58.690,-4.577
15:50:58.690,-4.662
15:50:58.690,-4.39
15:50:58.690,-4.071
15:50:58.690,-4.019
15:50:58.690,-3.709
15:50:58.690,-3.645
15:50:58.690,-3.568
15:50:58.690,-3.512
15:50:58.690,-3.282
15:50:58.690,-3.3
15:50:58.706,-3.355
15:50:58.706,-2.807
15:50:58.706,-3.046
15:50:58.706,-3.419
15:50:58.706,-2.817
15:50:58.706,-2.363
15:50:58.706,-2.287
15:50:58.706,-2.312
15:50:58.706,-2.137
15:50:58.706,-1.566
15:50:58.706,-1.322
15:50:58.706,-0.981
15:50:58.706,-0.597
15:50:58.706,-0.385
15:50:58.706,-0.264
15:50:58.706,-0.191
15:50:58.706,-0.247
15:50:58.706,-0.125
15:50:58.706,-0.066
15:50:58.706,-0.08
15:50:58.722,-0.136
15:50:58.722,0.196
15:50:58.722,0.037
15:50:58.722,-0.131
15:50:58.722,-0.098
15:50:58.722,0.072
15:50:58.722,0.409
15:50:58.722,0.262
15:50:58.722,0.577
15:50:58.722,0.7
15:50:58.722,1.013
15:50:58.722,1.148
15:50:58.722,2.057
15:50:58.722,3.462
15:50:58.722,3.465
15:50:58.722,1.846
15:50:58.722,1.95
15:50:58.722,2.845
15:50:58.735,4.318
15:50:58.735,4.234
15:50:58.735,4.639
15:50:58.735,4.624
15:50:58.738,4.213
15:50:58.738,3.956
15:50:58.738,4.059
15:50:58.738,4.408
15:50:58.738,4.517
15:50:58.738,4.714
15:50:58.738,4.574
15:50:58.738,4.567
15:50:58.738,4.347
15:50:58.738,4.031
15:50:58.738,3.631
15:50:58.738,3.576
15:50:58.738,3.865
15:50:58.738,3.951
15:50:58.738,3.745
15:50:58.738,4.083
15:50:58.738,4.147
15:50:58.738,4.177
15:50:58.738,4.439
15:50:58.738,5.656
15:50:58.738,5.608
15:50:58.754,4.825
15:50:58.754,3.777
15:50:58.754,4.443
15:50:58.754,5.117
15:50:58.754,5.581
15:50:58.754,5.615
15:50:58.754,5.427
15:50:58.754,5.664
15:50:58.754,5.387
15:50:58.754,4.972
15:50:58.754,4.758
15:50:58.754,4.837
15:50:58.754,4.99
15:50:58.754,4.797
15:50:58.754,4.424
15:50:58.754,4.035
15:50:58.754,3.972
15:50:58.754,3.933
15:50:58.754,4.04
15:50:58.754,3.358
15:50:58.754,3.273
15:50:58.754,3.354
15:50:58.754,3.35
15:50:58.770,2.818
15:50:58.770,3.312
15:50:58.770,3.68
15:50:58.770,3.093
15:50:58.774,2.331
15:50:58.774,2.235
15:50:58.774,2.401
15:50:58.778,2.338
15:50:58.778,1.828
15:50:58.778,1.567
15:50:58.778,1.333
15:50:58.778,0.904
15:50:58.778,0.514
15:50:58.778,0.425
15:50:58.778,0.374
15:50:58.778,0.246
15:50:58.786,0.218
15:50:58.786,0.255
15:50:58.786,0.072
15:50:58.786,0.072
15:50:58.786,0.099
15:50:58.786,0.134
15:50:58.786,0.196
15:50:58.786,0.042
15:50:58.786,0.234
15:50:58.786,-0.198
15:50:58.786,-0.199
15:50:58.786,-0.338
15:50:58.786,-0.762
15:50:58.786,-0.867
15:50:58.786,-0.952
15:50:58.786,-1.522
15:50:58.786,-2.431
15:50:58.786,-3.067
15:50:58.786,-1.809
15:50:58.786,-1.518
15:50:58.786,-2.579
15:50:58.786,-3.358
15:50:58.801,-4.065
15:50:58.801,-4.468
15:50:58.801,-4.668
15:50:58.801,-4.348
15:50:58.801,-4.105
15:50:58.806,-4.042
15:50:58.806,-4.306
15:50:58.806,-4.262
15:50:58.806,-4.455
15:50:58.806,-4.638
15:50:58.806,-4.362
15:50:58.806,-4.209
15:50:58.806,-4.038
15:50:58.806,-3.867
15:50:58.806,-3.603
15:50:58.806,-3.664
15:50:58.806,-3.614
15:50:58.806,-3.866
15:50:58.806,-3.674
15:50:58.806,-4.097
15:50:58.806,-4.213
15:50:58.806,-4.037
15:50:58.817,-4.488
15:50:58.817,-5.381
15:50:58.817,-5.341
15:50:58.817,-3.956
15:50:58.817,-3.536
15:50:58.817,-4.172
15:50:58.817,-4.869
15:50:58.817,-5.512
15:50:58.817,-5.558
15:50:58.817,-5.291
15:50:58.817,-5.077
15:50:58.817,-4.994
15:50:58.817,-4.79
15:50:58.817,-4.636
15:50:58.817,-4.741
15:50:58.817,-4.511
15:50:58.817,-3.823
15:50:58.817,-3.886
15:50:58.817,-3.675
15:50:58.817,-3.715
15:50:58.817,-3.447
15:50:58.817,-3.279
15:50:58.817,-3.19
15:50:58.833,-3.169
15:50:58.833,-2.883
15:50:58.833,-3.153
15:50:58.833,-3.392
15:50:58.833,-3.696
15:50:58.833,-2.026
15:50:58.833,-2.499
15:50:58.833,-2.707
15:50:58.833,-2.299
15:50:58.833,-1.852
15:50:58.833,-1.544
15:50:58.833,-1.341
15:50:58.833,-1.018
15:50:58.833,-0.662
15:50:58.833,-0.443
15:50:58.833,-0.252
15:50:58.833,-0.274
15:50:58.833,-0.203
15:50:58.833,-0.191
15:50:58.833,-0.07
15:50:58.833,0.316
15:50:58.833,-0.095
15:50:58.833,0.032
15:50:58.833,-0.099
15:50:58.849,-0.073
15:50:58.849,0.023
15:50:58.958,0.241
15:50:58.972,0.297
15:50:58.972,0.424
15:50:58.974,0.799
15:50:58.974,0.751
15:50:58.974,1.197
15:50:58.974,2.025
15:50:58.974,3.662
15:50:58.974,2.651
15:50:58.974,1.407
15:50:58.974,2.217
15:50:58.974,3.554
15:50:58.974,4.112
15:50:58.974,4.517
15:50:58.974,4.732
15:50:58.974,4.393
15:50:58.974,3.838
15:50:58.974,4.163
15:50:58.974,4.487
15:50:58.974,4.344
15:50:58.974,4.574
15:50:58.988,4.726
15:50:58.988,4.596
15:50:58.988,4.543
15:50:58.990,3.997
15:50:58.990,3.983
15:50:58.990,3.73
15:50:58.993,3.806
15:50:58.993,3.886
15:50:58.993,3.778
15:50:58.993,3.864
15:50:58.993,4.139
15:50:58.993,4.232
15:50:58.993,4.208
15:50:58.993,5.01
15:50:58.993,5.677
15:50:58.993,5.344
15:50:58.993,3.633
15:50:58.993,4.15
15:50:58.993,5.64
15:50:58.993,5.64
15:50:58.993,5.456
15:50:58.993,5.61
15:50:59.006,5.375
15:50:59.006,4.986
15:50:59.006,4.687
15:50:59.006,5.051
15:50:59.006,4.704
15:50:59.006,4.803
15:50:59.006,4.429
15:50:59.006,4.159
15:50:59.006,3.904
15:50:59.006,3.924
15:50:59.006,3.805
15:50:59.006,3.58
15:50:59.006,3.344
15:50:59.006,3.334
15:50:59.006,3.457
15:50:59.006,3.308
15:50:59.006,3.32
15:50:59.006,3.771
15:50:59.006,2.983
15:50:59.022,2.863
15:50:59.022,2.341
15:50:59.022,2.229
15:50:59.022,2.27
15:50:59.022,1.872
15:50:59.022,1.649
15:50:59.022,1.141
15:50:59.022,0.803
15:50:59.022,0.499
15:50:59.022,0.504
15:50:59.022,0.408
15:50:59.022,0.297
15:50:59.022,-0.007
15:50:59.022,0.04
15:50:59.022,0.214
15:50:59.022,0.081
15:50:59.022,0.052
15:50:59.022,0.082
15:50:59.022,0.2
15:50:59.022,0.195
15:50:59.022,0.035
15:50:59.022,-0.077
15:50:59.038,-0.062
15:50:59.038,-0.438
15:50:59.038,-0.562
15:50:59.038,-0.607
15:50:59.038,-0.984
15:50:59.038,-1.132
15:50:59.038,-2.06
15:50:59.038,-3.067
15:50:59.038,-3.055
15:50:59.038,-1.564
15:50:59.038,-2.108
15:50:59.038,-3.144
15:50:59.038,-3.739
15:50:59.038,-4.083
15:50:59.038,-4.493
15:50:59.038,-4.606
15:50:59.038,-4.254
15:50:59.038,-4.027
15:50:59.038,-4.079
15:50:59.038,-4.273
15:50:59.038,-4.323
15:50:59.038,-4.53
15:50:59.054,-4.318
15:50:59.054,-4.376
15:50:59.054,-3.96
15:50:59.054,-3.944
15:50:59.054,-3.536
15:50:59.054,-3.656
15:50:59.054,-3.757
15:50:59.054,-3.92
15:50:59.054,-3.722
15:50:59.054,-3.824
15:50:59.054,-4.05
15:50:59.054,-4.073
15:50:59.054,-4.094
15:50:59.054,-4.832
15:50:59.054,-5.509
15:50:59.054,-5.18
15:50:59.054,-3.724
15:50:59.054,-4.031
15:50:59.054,-4.814
15:50:59.054,-5.549
15:50:59.054,-5.524
15:50:59.070,-5.411
15:50:59.070,-5.668
15:50:59.070,-5.0
15:50:59.070,-5.126
15:50:59.070,-4.796
15:50:59.070,-4.753
15:50:59.070,-4.662
15:50:59.070,-4.494
15:50:59.070,-4.335
15:50:59.070,-4.036
15:50:59.070,-3.784
15:50:59.070,-3.813
15:50:59.070,-3.536
15:50:59.070,-3.348
15:50:59.070,-3.308
15:50:59.070,-3.35
15:50:59.070,-3.225
15:50:59.070,-2.895
15:50:59.070,-2.959
15:50:59.070,-3.529
15:50:59.070,-2.495
15:50:59.086,-2.302
15:50:59.086,-2.207
15:50:59.086,-2.062
15:50:59.086,-1.879
15:50:59.086,-1.354
15:50:59.086,-0.882
15:50:59.086,-0.501
15:50:59.086,-0.336
15:50:59.086,-0.305
15:50:59.086,-0.021
15:50:59.086,0.109
15:50:59.086,-0.044
15:50:59.086,-0.026
15:50:59.086,0.048
15:50:59.086,0.091
15:50:59.086,-0.114
15:50:59.086,-0.175
15:50:59.086,-0.03
15:50:59.086,0.124
15:50:59.101,0.123
15:50:59.101,0.292
15:50:59.101,0.979
15:50:59.101,0.671
15:50:59.101,0.979
15:50:59.101,1.359
15:50:59.101,2.183
15:50:59.101,3.434
15:50:59.101,2.952
15:50:59.101,1.768
15:50:59.101,2.072
15:50:59.101,2.691
15:50:59.101,3.884
15:50:59.101,4.387
15:50:59.101,4.539
15:50:59.101,4.72
15:50:59.101,4.329
15:50:59.101,4.16
15:50:59.101,4.181
15:50:59.101,4.279
15:50:59.101,4.401
15:50:59.117,4.669
15:50:59.117,4.578
15:50:59.117,4.541
15:50:59.117,4.299
15:50:59.117,3.973
15:50:59.117,3.609
15:50:59.122,3.716
15:50:59.122,3.953
15:50:59.122,3.788
15:50:59.122,3.846
15:50:59.122,4.087
15:50:59.122,4.29
15:50:59.122,4.135
15:50:59.122,4.435
15:50:59.122,5.442
15:50:59.122,5.431
15:50:59.122,4.408
15:50:59.122,3.654
15:50:59.122,4.293
15:50:59.122,5.308
15:50:59.133,5.779
15:50:59.133,5.483
15:50:59.133,5.695
15:50:59.133,5.601
15:50:59.133,5.315
15:50:59.133,5.17
15:50:59.133,4.85
15:50:59.133,4.864
15:50:59.133,4.94
15:50:59.133,4.609
15:50:59.133,3.972
15:50:59.133,3.99
15:50:59.133,3.802
15:50:59.133,3.876
15:50:59.133,3.533
15:50:59.133,3.046
15:50:59.133,3.337
15:50:59.133,3.434
15:50:59.133,3.259
15:50:59.133,2.99
15:50:59.133,3.448
15:50:59.133,3.366
15:50:59.148,2.305
15:50:59.148,2.408
15:50:59.148,2.101
15:50:59.148,1.686
15:50:59.148,2.202
15:50:59.148,1.693
15:50:59.148,1.172
15:50:59.148,0.717
15:50:59.148,0.49
15:50:59.148,0.355
15:50:59.148,0.331
15:50:59.148,0.058
15:50:59.148,-0.015
15:50:59.148,0.05
15:50:59.148,0.007
15:50:59.148,0.185
15:50:59.148,-0.001
15:50:59.148,0.264
15:50:59.148,0.168
15:50:59.148,0.029
15:50:59.148,-0.093
15:50:59.148,-0.17
15:50:59.148,-0.398
15:50:59.165,-0.613
15:50:59.165,-0.83
15:50:59.165,-0.879
15:50:59.165,-1.635
15:50:59.165,-3.463
15:50:59.165,-2.778
15:50:59.165,-1.733
15:50:59.165,-2.226
15:50:59.165,-3.365
15:50:59.165,-3.797
15:50:59.165,-4.171
15:50:59.165,-4.669
15:50:59.165,-4.513
15:50:59.165,-4.233
15:50:59.165,-3.978
15:50:59.165,-4.055
15:50:59.165,-4.1
15:50:59.165,-4.616
15:50:59.165,-4.662
15:50:59.165,-4.534
15:50:59.180,-4.169
15:50:59.180,-3.783
15:50:59.180,-3.858
15:50:59.180,-3.601
15:50:59.180,-3.642
15:50:59.180,-3.722
15:50:59.180,-3.676
15:50:59.180,-3.774
15:50:59.180,-3.96
15:50:59.180,-4.1
15:50:59.180,-4.36
15:50:59.180,-5.013
15:50:59.180,-5.561
15:50:59.180,-5.076
15:50:59.180,-3.592
15:50:59.180,-4.127
15:50:59.180,-5.302
15:50:59.180,-5.66
15:50:59.180,-5.639
15:50:59.180,-5.438
15:50:59.180,-5.281
15:50:59.180,-5.075
15:50:59.180,-4.939
15:50:59.196,-4.836
15:50:59.196,-4.65
15:50:59.196,-4.642
15:50:59.196,-4.234
15:50:59.196,-3.954
15:50:59.196,-3.855
15:50:59.196,-3.627
15:50:59.196,-3.452
15:50:59.196,-3.34
15:50:59.196,-3.225
15:50:59.196,-3.242
15:50:59.196,-3.24
15:50:59.196,-2.888
15:50:59.196,-3.16
15:50:59.196,-3.707
15:50:59.196,-3.142
15:50:59.196,-2.284
15:50:59.196,-2.312
15:50:59.196,-2.296
15:50:59.196,-1.998
15:50:59.212,-1.572
15:50:59.212,-1.112
15:50:59.212,-0.806
15:50:59.212,-0.433
15:50:59.212,-0.318
15:50:59.212,-0.235
15:50:59.212,-0.103
15:50:59.212,-0.345
15:50:59.212,-0.239
15:50:59.212,-0.032
15:50:59.212,0.069
15:50:59.212,-0.095
15:50:59.212,-0.173
15:50:59.212,-0.156
15:50:59.212,0.038
15:50:59.212,0.176
15:50:59.212,0.548
15:50:59.212,0.56
15:50:59.212,1.001
15:50:59.212,1.176
15:50:59.212,2.496
15:50:59.212,3.256
15:50:59.212,2.552
15:50:59.227,1.93
15:50:59.227,3.062
15:50:59.227,4.069
15:50:59.227,4.371
15:50:59.227,4.872
15:50:59.227,4.278
15:50:59.227,4.042
15:50:59.227,4.133
15:50:59.227,4.336
15:50:59.227,4.344
15:50:59.227,4.54
15:50:59.227,4.693
15:50:59.227,4.577
15:50:59.227,4.258
15:50:59.227,4.051
15:50:59.227,4.006
15:50:59.227,3.762
15:50:59.227,3.816
15:50:59.227,3.838
15:50:59.227,3.818
15:50:59.227,4.002
15:50:59.227,4.15
15:50:59.243,4.122
15:50:59.243,4.832
15:50:59.243,5.585
15:50:59.243,5.502
15:50:59.243,3.974
15:50:59.243,3.676
15:50:59.243,4.712
15:50:59.243,5.56
15:50:59.243,5.783
15:50:59.243,5.55
15:50:59.243,5.283
15:50:59.243,5.281
15:50:59.243,5.034
15:50:59.243,5.106
15:50:59.243,4.886
15:50:59.243,4.708
15:50:59.243,4.52
15:50:59.243,4.149
15:50:59.243,4.059
15:50:59.243,3.881
15:50:59.243,3.87
15:50:59.243,3.57
15:50:59.243,3.636
15:50:59.259,3.319
15:50:59.259,3.338
15:50:59.259,3.402
15:50:59.259,3.009
15:50:59.259,2.948
15:50:59.259,3.447
15:50:59.259,3.504
15:50:59.259,2.863
15:50:59.259,2.474
15:50:59.259,2.232
15:50:59.259,2.415
15:50:59.259,2.095
15:50:59.259,1.824
15:50:59.259,1.597
15:50:59.259,1.088
15:50:59.259,0.776
15:50:59.259,0.528
15:50:59.259,0.376
15:50:59.259,0.375
15:50:59.259,0.234
15:50:59.259,0.153
15:50:59.259,0.145
15:50:59.259,-0.045
15:50:59.259,0.037
15:50:59.275,0.073
15:50:59.275,0.218
15:50:59.275,0.198
15:50:59.275,0.044
15:50:59.275,0.169
15:50:59.275,0.007
15:50:59.275,-0.232
15:50:59.275,-0.292
15:50:59.275,-0.625
15:50:59.275,-0.707
15:50:59.275,-0.911
15:50:59.275,-1.117
15:50:59.275,-2.96
15:50:59.275,-3.236
15:50:59.275,-2.226
15:50:59.275,-1.636
15:50:59.275,-2.893
15:50:59.275,-3.448
15:50:59.275,-3.853
15:50:59.275,-4.475
15:50:59.275,-4.795
15:50:59.275,-4.625
15:50:59.291,-4.179
15:50:59.291,-3.936
15:50:59.291,-4.193
15:50:59.291,-4.292
15:50:59.291,-4.454
15:50:59.291,-4.442
15:50:59.291,-4.442
15:50:59.295,-4.009
15:50:59.295,-3.891
15:50:59.295,-3.483
15:50:59.295,-3.654
15:50:59.295,-3.648
15:50:59.295,-3.764
15:50:59.295,-3.705
15:50:59.295,-4.018
15:50:59.295,-4.09
15:50:59.295,-4.139
15:50:59.295,-4.355
15:50:59.295,-5.102
15:50:59.295,-5.499
15:50:59.295,-5.028
15:50:59.295,-3.629
15:50:59.295,-4.03
15:50:59.295,-4.655
15:50:59.306,-5.426
15:50:59.306,-5.525
15:50:59.306,-5.512
15:50:59.306,-5.222
15:50:59.306,-5.07
15:50:59.306,-4.991
15:50:59.306,-4.625
15:50:59.306,-4.693
15:50:59.306,-4.644
15:50:59.306,-4.278
15:50:59.306,-3.894
15:50:59.306,-3.8
15:50:59.306,-3.745
15:50:59.306,-3.392
15:50:59.306,-3.358
15:50:59.306,-3.225
15:50:59.306,-3.323
15:50:59.306,-3.246
15:50:59.306,-2.898
15:50:59.306,-2.845
15:50:59.306,-3.364
15:50:59.306,-3.143
15:50:59.306,-2.724
15:50:59.306,-2.29
15:50:59.322,-3.004
15:50:59.322,-2.09
15:50:59.322,-1.899
15:50:59.322,-1.48
15:50:59.322,-1.017
15:50:59.322,-0.912
15:50:59.322,-0.482
15:50:59.322,-0.314
15:50:59.322,-0.264
15:50:59.322,-0.094
15:50:59.322,-0.019
15:50:59.322,-0.134
15:50:59.322,-0.148
15:50:59.322,0.011
15:50:59.322,-0.016
15:50:59.322,0.039
15:50:59.322,-0.083
15:50:59.322,-0.055
15:50:59.322,0.088
15:50:59.322,0.33
15:50:59.322,0.296
15:50:59.338,0.317
15:50:59.338,0.821
15:50:59.338,1.042
15:50:59.338,1.259
15:50:59.338,1.679
15:50:59.338,3.437
15:50:59.338,3.462
15:50:59.338,1.837
15:50:59.338,2.472
15:50:59.338,4.197
15:50:59.338,4.526
15:50:59.338,4.628
15:50:59.338,4.547
15:50:59.338,4.308
15:50:59.338,4.149
15:50:59.338,4.315
15:50:59.338,4.481
15:50:59.338,4.802
15:50:59.338,4.591
15:50:59.354,4.471
15:50:59.355,4.06
15:50:59.355,3.801
15:50:59.355,3.889
15:50:59.355,3.887
15:50:59.355,3.708
15:50:59.355,3.931
15:50:59.355,4.176
15:50:59.355,4.158
15:50:59.355,4.234
15:50:59.355,4.573
15:50:59.355,5.438
15:50:59.355,5.526
15:50:59.355,5.091
15:50:59.355,3.662
15:50:59.355,3.967
15:50:59.355,5.016
15:50:59.355,5.846
15:50:59.370,5.647
15:50:59.370,5.499
15:50:59.370,5.714
15:50:59.370,5.216
15:50:59.370,5.317
15:50:59.370,5.258
15:50:59.370,4.714
15:50:59.370,4.947
15:50:59.370,4.917
15:50:59.370,4.378
15:50:59.370,4.014
15:50:59.370,3.961
15:50:59.370,3.916
15:50:59.370,3.803
15:50:59.370,3.683
15:50:59.370,3.312
15:50:59.370,3.372
15:50:59.370,3.493
15:50:59.370,3.212
15:50:59.370,2.972
15:50:59.370,3.044
15:50:59.386,3.575
15:50:59.386,3.119
15:50:59.386,2.384
15:50:59.386,2.376
15:50:59.386,2.313
15:50:59.386,1.944
15:50:59.386,1.873
15:50:59.386,1.617
15:50:59.386,1.088
15:50:59.386,0.466
15:50:59.386,0.575
15:50:59.386,0.429
15:50:59.386,0.269
15:50:59.386,0.173
15:50:59.386,0.138
15:50:59.386,-0.025
15:50:59.386,0.038
15:50:59.386,0.099
15:50:59.386,0.087
15:50:59.386,0.29
15:50:59.386,0.073
15:50:59.386,-0.239
15:50:59.386,-0.613
15:50:59.386,-0.387
15:50:59.402,-0.677
15:50:59.402,-0.729
15:50:59.402,-1.253
15:50:59.402,-1.792
15:50:59.402,-3.086
15:50:59.406,-3.195
15:50:59.406,-2.412
15:50:59.406,-1.595
15:50:59.406,-2.313
15:50:59.409,-3.29
15:50:59.409,-3.995
15:50:59.409,-4.407
15:50:59.409,-4.601
15:50:59.409,-4.572
15:50:59.409,-4.239
15:50:59.409,-4.061
15:50:59.409,-3.872
15:50:59.418,-4.163
15:50:59.418,-4.565
15:50:59.418,-4.628
15:50:59.418,-4.332
15:50:59.418,-4.326
15:50:59.418,-3.992
15:50:59.418,-3.844
15:50:59.418,-3.578
15:50:59.418,-3.556
15:50:59.418,-3.542
15:50:59.418,-3.751
15:50:59.418,-3.623
15:50:59.418,-3.804
15:50:59.418,-4.138
15:50:59.418,-4.213
15:50:59.418,-4.108
15:50:59.418,-4.733
15:50:59.418,-5.629
15:50:59.418,-4.65
15:50:59.434,-3.824
15:50:59.434,-4.467
15:50:59.434,-5.447
15:50:59.434,-5.383
15:50:59.434,-5.378
15:50:59.434,-5.266
15:50:59.434,-5.028
15:50:59.434,-4.7
15:50:59.434,-4.715
15:50:59.434,-4.68
15:50:59.444,-4.708
15:50:59.444,-4.338
15:50:59.448,-3.96
15:50:59.448,-3.914
15:50:59.448,-3.845
15:50:59.450,-3.755
15:50:59.450,-3.592
15:50:59.451,-3.381
15:50:59.451,-3.208
15:50:59.451,-3.393
15:50:59.451,-2.874
15:50:59.451,-2.974
15:50:59.451,-3.774
15:50:59.451,-1.99
15:50:59.451,-2.43
15:50:59.451,-2.537
15:50:59.451,-2.443
15:50:59.451,-1.858
15:50:59.451,-1.806
15:50:59.451,-1.327
15:50:59.451,-0.91
15:50:59.451,-0.372
15:50:59.451,-0.456
15:50:59.451,-0.178
15:50:59.451,0.017
15:50:59.466,0.051
15:50:59.466,0.133
15:50:59.466,-0.094
15:50:59.466,0.102
15:50:59.466,-0.008
15:50:59.466,-0.149
15:50:59.466,-0.036
15:50:59.466,0.107
15:50:59.466,0.358
15:50:59.466,0.421
15:50:59.466,0.912
15:50:59.466,0.994
15:50:59.466,1.182
15:50:59.466,2.708
15:50:59.466,3.446
15:50:59.466,2.026
15:50:59.466,2.269
15:50:59.466,3.347
15:50:59.466,4.484
15:50:59.482,4.686
15:50:59.482,4.449
15:50:59.482,4.131
15:50:59.482,4.128
15:50:59.482,4.424
15:50:59.482,4.43
15:50:59.482,4.627
15:50:59.482,4.508
15:50:59.482,4.423
15:50:59.482,4.092
15:50:59.482,3.821
15:50:59.482,3.651
15:50:59.482,3.705
15:50:59.482,3.801
15:50:59.482,4.031
15:50:59.482,3.772
15:50:59.482,4.122
15:50:59.482,4.126
15:50:59.482,4.167
15:50:59.482,4.531
15:50:59.482,5.222
15:50:59.498,5.597
15:50:59.498,4.739
15:50:59.498,3.958
15:50:59.498,3.901
15:50:59.498,4.602
15:50:59.498,5.793
15:50:59.498,5.543
15:50:59.498,5.706
15:50:59.498,5.417
15:50:59.498,5.416
15:50:59.498,4.906
15:50:59.498,4.873
15:50:59.498,4.933
15:50:59.498,4.574
15:50:59.498,4.405
15:50:59.498,4.181
15:50:59.498,3.781
15:50:59.498,3.865
15:50:59.498,3.845
15:50:59.498,3.615
15:50:59.498,3.318
15:50:59.498,3.251
15:50:59.513,3.333
15:50:59.513,2.948
15:50:59.513,3.703
15:50:59.513,3.335
15:50:59.513,2.588
15:50:59.513,2.071
15:50:59.513,2.33
15:50:59.513,1.961
15:50:59.513,1.682
15:50:59.513,0.8
15:50:59.513,0.498
15:50:59.513,0.404
15:50:59.513,0.427
15:50:59.513,0.205
15:50:59.513,0.162
15:50:59.513,0.213
15:50:59.513,0.216
15:50:59.513,0.046
15:50:59.513,0.191
15:50:59.513,0.175
15:50:59.529,0.089
15:50:59.529,0.144
15:50:59.529,0.016
15:50:59.529,-0.286
15:50:59.529,-0.382
15:50:59.529,-0.394
15:50:59.529,-0.788
15:50:59.529,-1.107
15:50:59.529,-0.979
15:50:59.529,-1.721
15:50:59.529,-3.223
15:50:59.529,-3.249
15:50:59.529,-1.657
15:50:59.529,-2.853
15:50:59.529,-3.846
15:50:59.529,-4.117
15:50:59.529,-4.649
15:50:59.529,-4.332
15:50:59.529,-3.787
15:50:59.529,-4.051
15:50:59.529,-4.283
15:50:59.529,-4.566
15:50:59.529,-4.324
15:50:59.529,-4.353
15:50:59.545,-4.009
15:50:59.545,-3.923
15:50:59.545,-3.686
15:50:59.545,-3.525
15:50:59.545,-3.653
15:50:59.545,-3.858
15:50:59.545,-3.673
15:50:59.545,-3.726
15:50:59.545,-4.028
15:50:59.545,-4.014
15:50:59.545,-4.238
15:50:59.545,-4.796
15:50:59.545,-5.533
15:50:59.545,-5.365
15:50:59.545,-4.065
15:50:59.545,-3.826
15:50:59.545,-4.344
15:50:59.545,-5.101
15:50:59.545,-5.671
15:50:59.545,-5.568
15:50:59.545,-5.592
15:50:59.545,-5.178
15:50:59.561,-5.171
15:50:59.561,-4.954
15:50:59.561,-4.911
15:50:59.561,-4.599
15:50:59.561,-4.65
15:50:59.561,-4.553
15:50:59.561,-4.154
15:50:59.561,-3.854
15:50:59.561,-3.894
15:50:59.561,-3.7
15:50:59.561,-3.536
15:50:59.561,-3.345
15:50:59.561,-3.265
15:50:59.561,-3.298
15:50:59.561,-3.312
15:50:59.561,-3.122
15:50:59.561,-2.879
15:50:59.561,-3.115
15:50:59.561,-3.608
15:50:59.561,-3.07
15:50:59.561,-2.24
15:50:59.561,-2.495
15:50:59.577,-2.398
15:50:59.577,-1.858
15:50:59.577,-1.606
15:50:59.577,-1.196
15:50:59.577,-0.867
15:50:59.577,-0.48
15:50:59.577,-0.343
15:50:59.577,-0.232
15:50:59.577,-0.106
15:50:59.577,-0.14
15:50:59.577,-0.334
15:50:59.577,-0.091
15:50:59.577,-0.066
15:50:59.577,0.0
15:50:59.577,0.038
15:50:59.577,-0.11
15:50:59.577,-0.062
15:50:59.577,0.099
15:50:59.577,0.079
15:50:59.577,0.246
15:50:59.577,0.373
15:50:59.592,0.614
15:50:59.592,0.621
15:50:59.592,0.996
15:50:59.592,1.144
15:50:59.592,2.063
15:50:59.592,2.872
15:50:59.592,3.276
15:50:59.592,2.741
15:50:59.592,2.274
15:50:59.592,3.18
15:50:59.592,4.083
15:50:59.592,4.355
15:50:59.592,4.653
15:50:59.592,4.729
15:50:59.592,4.366
15:50:59.592,4.017
15:50:59.592,4.047
15:50:59.592,4.377
15:50:59.592,4.595
15:50:59.592,4.686
15:50:59.608,4.613
15:50:59.608,4.65
15:50:59.608,4.1
15:50:59.608,3.97
15:50:59.608,3.665
15:50:59.608,3.705
15:50:59.608,3.791
15:50:59.608,3.884
15:50:59.608,3.714
15:50:59.608,4.032
15:50:59.608,4.098
15:50:59.608,4.189
15:50:59.608,4.226
15:50:59.608,4.957
15:50:59.608,5.66
15:50:59.608,5.286
15:50:59.608,3.895
15:50:59.608,3.854
15:50:59.608,4.79
15:50:59.608,5.657
15:50:59.608,5.691
15:50:59.608,5.589
15:50:59.608,5.357
15:50:59.608,5.272
15:50:59.624,5.139
15:50:59.624,4.56
15:50:59.624,4.829
15:50:59.624,4.895
15:50:59.624,4.698
15:50:59.624,4.203
15:50:59.624,4.09
15:50:59.624,3.877
15:50:59.624,3.973
15:50:59.624,3.568
15:50:59.624,3.428
15:50:59.624,3.558
15:50:59.624,3.482
15:50:59.624,3.374
15:50:59.624,3.054
15:50:59.624,3.353
15:50:59.624,3.681
15:50:59.624,3.11
15:50:59.624,2.721
15:50:59.624,2.167
15:50:59.624,2.437
15:50:59.624,2.28
15:50:59.640,2.124
15:50:59.640,1.561
15:50:59.640,1.135
15:50:59.640,0.74
15:50:59.640,0.586
15:50:59.640,0.401
15:50:59.640,0.317
15:50:59.640,0.25
15:50:59.640,-0.176
15:50:59.640,-0.009
15:50:59.640,0.14
15:50:59.640,-0.053
15:50:59.640,0.153
15:50:59.640,0.13
15:50:59.640,0.075
15:50:59.640,0.003
15:50:59.765,-0.19
15:50:59.765,-0.324
15:50:59.765,-0.73
15:50:59.765,-0.834
15:50:59.765,-0.915
15:50:59.765,-1.251
15:50:59.765,-2.716
15:50:59.765,-3.449
15:50:59.765,-1.934
15:50:59.765,-1.621
15:50:59.780,-2.255
15:50:59.781,-3.15
15:50:59.781,-4.061
15:50:59.781,-4.24
15:50:59.781,-4.709
15:50:59.781,-4.581
15:50:59.785,-3.793
15:50:59.785,-3.925
15:50:59.785,-4.282
15:50:59.785,-4.4
15:50:59.789,-4.457
15:50:59.789,-4.259
15:50:59.789,-3.755
15:50:59.789,-3.829
15:50:59.789,-3.594
15:50:59.789,-3.641
15:50:59.789,-3.832
15:50:59.789,-3.738
15:50:59.789,-3.845
15:50:59.797,-3.985
15:50:59.797,-4.132
15:50:59.797,-4.432
15:50:59.797,-5.285
15:50:59.797,-5.416
15:50:59.797,-4.632
15:50:59.797,-3.547
15:50:59.797,-4.071
15:50:59.797,-5.01
15:50:59.797,-5.449
15:50:59.797,-5.543
15:50:59.797,-5.655
15:50:59.797,-5.322
15:50:59.797,-5.094
15:50:59.797,-4.616
15:50:59.797,-4.84
15:50:59.797,-4.673
15:50:59.797,-4.647
15:50:59.812,-4.364
15:50:59.812,-3.871
15:50:59.814,-3.914
15:50:59.814,-3.698
15:50:59.815,-3.712
15:50:59.815,-3.661
15:50:59.815,-3.318
15:50:59.817,-3.254
15:50:59.817,-3.445
15:50:59.819,-3.357
15:50:59.819,-2.831
15:50:59.819,-3.026
15:50:59.819,-3.519
15:50:59.819,-3.383
15:50:59.819,-2.698
15:50:59.819,-2.297
15:50:59.819,-2.284
15:50:59.819,-2.181
15:50:59.819,-1.784
15:50:59.819,-1.298
15:50:59.828,-1.31
15:50:59.829,-0.648
15:50:59.829,-0.422
15:50:59.829,-0.209
15:50:59.829,-0.167
15:50:59.834,-0.132
15:50:59.834,0.019
15:50:59.834,-0.022
15:50:59.834,-0.114
15:50:59.834,-0.021
15:50:59.834,0.092
15:50:59.834,-0.117
15:50:59.834,-0.148
15:50:59.834,-0.103
15:50:59.834,0.073
15:50:59.834,0.211
15:50:59.844,0.292
15:50:59.844,0.422
15:50:59.844,0.771
15:50:59.844,0.957
15:50:59.844,0.984
15:50:59.844,1.323
15:50:59.844,2.569
15:50:59.844,3.468
15:50:59.844,2.948
15:50:59.844,1.707
15:50:59.844,1.792
15:50:59.844,3.314
15:50:59.844,4.071
15:50:59.844,4.229
15:50:59.844,4.572
15:50:59.844,4.915
15:50:59.844,4.11
15:50:59.844,4.126
15:50:59.844,4.355
15:50:59.844,4.398
15:50:59.860,4.507
15:50:59.860,4.704
15:50:59.860,4.541
15:50:59.860,4.258
15:50:59.860,3.954
15:50:59.860,4.023
15:50:59.860,3.62
15:50:59.860,3.829
15:50:59.860,3.892
15:50:59.860,3.858
15:50:59.860,3.975
15:50:59.860,4.066
15:50:59.860,4.012
15:50:59.860,4.274
15:50:59.860,4.407
15:50:59.860,5.535
15:50:59.860,5.471
15:50:59.860,4.365
15:50:59.860,3.735
15:50:59.876,3.931
15:50:59.876,5.025
15:50:59.876,5.728
15:50:59.876,5.484
15:50:59.876,5.47
15:50:59.876,5.651
15:50:59.876,5.653
15:50:59.876,4.962
15:50:59.876,4.762
15:50:59.876,5.018
15:50:59.876,4.69
15:50:59.876,4.673
15:50:59.876,4.234
15:50:59.876,4.157
15:50:59.876,4.062
15:50:59.876,3.811
15:50:59.876,3.644
15:50:59.876,3.435
15:50:59.876,3.335
15:50:59.891,3.36
15:50:59.891,3.16
15:50:59.891,2.876
15:50:59.891,3.387
15:50:59.891,3.664
15:50:59.891,3.076
15:50:59.891,2.681
15:50:59.891,2.321
15:50:59.891,2.23
15:50:59.891,2.234
15:50:59.891,1.893
15:50:59.891,1.496
15:50:59.891,1.417
15:50:59.891,0.695
15:50:59.891,0.497
15:50:59.891,0.331
15:50:59.891,0.349
15:50:59.891,0.187
15:50:59.891,0.348
15:50:59.891,0.238
15:50:59.891,0.18
15:50:59.891,0.086
15:50:59.891,0.047
15:50:59.907,-0.014
15:50:59.907,0.149
15:50:59.907,0.216
15:50:59.907,0.098
15:50:59.911,0.055
15:50:59.911,-0.084
15:50:59.911,-0.214
15:50:59.911,-0.462
15:50:59.911,-0.753
15:50:59.911,-0.826
15:50:59.911,-1.177
15:50:59.911,-1.191
15:50:59.911,-2.471
15:50:59.911,-3.213
15:50:59.921,-2.593
15:50:59.921,-1.657
15:50:59.923,-1.949
15:50:59.923,-3.11
15:50:59.923,-3.985
15:50:59.923,-4.487
15:50:59.923,-4.709
15:50:59.923,-4.168
15:50:59.923,-4.002
15:50:59.923,-4.009
15:50:59.923,-4.198
15:50:59.923,-4.256
15:50:59.923,-4.668
15:50:59.923,-4.569
15:50:59.923,-4.436
15:50:59.923,-4.006
15:50:59.939,-3.926
15:50:59.939,-3.598
15:50:59.939,-3.595
15:50:59.939,-3.719
15:50:59.939,-3.84
15:50:59.939,-3.521
15:50:59.939,-3.804
15:50:59.939,-4.015
15:50:59.939,-4.137
15:50:59.939,-3.934
15:50:59.939,-4.641
15:50:59.939,-5.615
15:50:59.939,-5.134
15:50:59.939,-4.41
15:50:59.939,-3.851
15:50:59.939,-4.48
15:50:59.939,-5.023
15:50:59.939,-5.718
15:50:59.939,-5.488
15:50:59.939,-5.577
15:50:59.939,-5.408
15:50:59.955,-5.105
15:50:59.955,-5.145
15:50:59.955,-4.801
15:50:59.955,-4.849
15:50:59.955,-4.477
15:50:59.955,-4.502
15:50:59.963,-4.151
15:50:59.963,-3.875
15:50:59.963,-3.839
15:50:59.963,-3.708
15:50:59.963,-3.771
15:50:59.963,-3.409
15:50:59.963,-3.275
15:50:59.963,-3.401
15:50:59.963,-3.343
15:50:59.971,-2.911
15:50:59.971,-3.026
15:50:59.971,-3.528
15:50:59.971,-3.157
15:50:59.971,-2.805
15:50:59.971,-2.334
15:50:59.971,-2.432
15:50:59.971,-1.911
15:50:59.971,-1.713
15:50:59.971,-1.527
15:50:59.971,-1.09
15:50:59.971,-0.843
15:50:59.971,-0.459
15:50:59.971,-0.383
15:50:59.971,-0.277
15:50:59.971,-0.212
15:50:59.971,0.098
15:50:59.971,-0.156
15:50:59.971,-0.001
15:50:59.971,-0.006
15:50:59.971,0.069
15:50:59.971,0.008
15:50:59.986,-0.142
15:50:59.986,0.085
15:50:59.986,-0.083
15:50:59.986,0.105
15:50:59.986,0.422
15:50:59.991,0.436
15:50:59.991,0.651
15:50:59.991,0.92
15:50:59.991,1.118
15:50:59.991,1.152
15:50:59.991,3.016
15:50:59.991,3.378
15:50:59.991,2.871
15:50:59.991,2.21
15:50:59.991,2.44
15:50:59.991,3.564
15:50:59.991,4.152
15:50:59.991,4.36
15:50:59.991,4.684
15:50:59.991,4.459
15:51:00.002,4.035
15:51:00.003,4.294
15:51:00.005,4.491
15:51:00.005,4.294
15:51:00.006,4.652
15:51:00.007,4.517
15:51:00.008,4.445
15:51:00.009,4.094
15:51:00.009,4.009
15:51:00.009,3.666
15:51:00.009,3.672
15:51:00.009,3.889
15:51:00.009,3.884
15:51:00.015,4.023
15:51:00.016,4.193
15:51:00.017,4.219
15:51:00.018,4.27
15:51:00.020,5.181
15:51:00.020,5.564
15:51:00.020,4.246
15:51:00.020,3.848
15:51:00.020,4.994
15:51:00.020,5.696
15:51:00.020,5.609
15:51:00.020,5.72
15:51:00.020,5.312
15:51:00.020,5.266
15:51:00.020,5.122
15:51:00.020,4.781
15:51:00.020,4.915
15:51:00.020,4.884
15:51:00.020,4.578
15:51:00.020,4.129
15:51:00.020,4.062
15:51:00.034,3.858
15:51:00.034,3.716
15:51:00.034,3.658
15:51:00.034,3.262
15:51:00.034,3.333
15:51:00.034,3.515
15:51:00.034,2.897
15:51:00.034,3.001
15:51:00.034,3.197
15:51:00.034,3.616
15:51:00.034,3.121
15:51:00.034,2.597
15:51:00.034,2.153
15:51:00.034,2.406
15:51:00.034,2.086
15:51:00.034,1.819
15:51:00.034,1.455
15:51:00.034,1.073
15:51:00.034,0.71
15:51:00.034,0.496
15:51:00.034,0.472
15:51:00.034,0.394
15:51:00.049,0.321
15:51:00.049,0.214
15:51:00.049,0.119
15:51:00.049,0.143
15:51:00.049,0.106
15:51:00.049,-0.008
15:51:00.049,0.232
15:51:00.049,0.178
15:51:00.049,0.223
15:51:00.049,0.099
15:51:00.049,-0.244
15:51:00.049,-0.705
15:51:00.049,-0.362
15:51:00.049,-0.798
15:51:00.049,-0.95
15:51:00.049,-1.27
15:51:00.049,-2.314
15:51:00.049,-3.313
15:51:00.049,-3.264
15:51:00.049,-1.666
15:51:00.049,-2.192
15:51:00.049,-3.254
15:51:00.049,-3.74
15:51:00.049,-4.491
15:51:00.065,-4.589
15:51:00.065,-4.246
15:51:00.065,-3.913
15:51:00.065,-4.227
15:51:00.065,-4.29
15:51:00.065,-4.229
15:51:00.065,-4.597
15:51:00.065,-4.692
15:51:00.065,-4.55
15:51:00.065,-3.871
15:51:00.065,-3.887
15:51:00.065,-3.849
15:51:00.065,-3.444
15:51:00.065,-3.566
15:51:00.065,-3.77
15:51:00.065,-3.747
15:51:00.065,-3.761
15:51:00.065,-3.911
15:51:00.065,-3.96
15:51:00.065,-4.026
15:51:00.065,-4.632
15:51:00.081,-5.379
15:51:00.081,-5.172
15:51:00.081,-3.76
15:51:00.081,-4.106
15:51:00.081,-4.737
15:51:00.081,-5.257
15:51:00.081,-5.71
15:51:00.081,-5.541
15:51:00.081,-5.598
15:51:00.081,-5.152
15:51:00.081,-5.087
15:51:00.081,-4.997
15:51:00.081,-4.833
15:51:00.081,-4.631
15:51:00.081,-4.612
15:51:00.081,-4.486
15:51:00.081,-4.141
15:51:00.081,-4.084
15:51:00.081,-3.815
15:51:00.081,-3.704
15:51:00.081,-3.715
15:51:00.081,-3.566
15:51:00.081,-3.365
15:51:00.097,-3.358
15:51:00.097,-3.404
15:51:00.097,-3.211
15:51:00.097,-2.905
15:51:00.097,-3.428
15:51:00.097,-3.264
15:51:00.097,-2.927
15:51:00.097,-2.365
15:51:00.097,-2.319
15:51:00.097,-2.207
15:51:00.097,-2.219
15:51:00.097,-1.74
15:51:00.097,-1.359
15:51:00.097,-0.898
15:51:00.097,-0.491
15:51:00.097,-0.379
15:51:00.097,-0.289
15:51:00.097,-0.253
15:51:00.097,-0.072
15:51:00.097,-0.061
15:51:00.097,-0.144
15:51:00.097,0.012
15:51:00.112,-0.074
15:51:00.112,0.051
15:51:00.112,0.035
15:51:00.112,-0.112
15:51:00.112,-0.086
15:51:00.112,0.018
15:51:00.112,0.035
15:51:00.112,0.089
15:51:00.112,0.341
15:51:00.112,0.686
15:51:00.112,0.783
15:51:00.112,0.995
15:51:00.112,0.976
15:51:00.112,1.473
15:51:00.112,3.469
15:51:00.112,3.27
15:51:00.112,2.871
15:51:00.112,1.623
15:51:00.112,2.331
15:51:00.112,3.048
15:51:00.112,4.073
15:51:00.112,4.156
15:51:00.112,4.648
15:51:00.112,4.775
15:51:00.112,4.504
15:51:00.128,4.095
15:51:00.128,4.035
15:51:00.128,4.376
15:51:00.128,4.522
15:51:00.128,4.652
15:51:00.128,4.709
15:51:00.128,4.498
15:51:00.128,4.458
15:51:00.128,4.178
15:51:00.128,4.063
15:51:00.137,3.715
15:51:00.137,3.637
15:51:00.137,3.813
15:51:00.140,3.742
15:51:00.140,3.764
15:51:00.140,4.019
15:51:00.140,4.156
15:51:00.140,4.185
15:51:00.144,4.734
15:51:00.144,5.603
15:51:00.144,5.133
15:51:00.144,4.208
15:51:00.144,3.913
15:51:00.144,4.409
15:51:00.144,5.271
15:51:00.144,5.609
15:51:00.144,5.678
15:51:00.144,5.666
15:51:00.144,5.438
15:51:00.144,5.177
15:51:00.144,4.85
15:51:00.144,4.842
15:51:00.144,4.793
15:51:00.144,4.835
15:51:00.144,4.492
15:51:00.144,4.366
15:51:00.144,4.158
15:51:00.144,4.044
15:51:00.144,3.952
15:51:00.144,3.721
15:51:00.144,3.696
15:51:00.160,3.311
15:51:00.160,3.341
15:51:00.160,3.476
15:51:00.160,3.478
15:51:00.160,3.07
15:51:00.160,3.176
15:51:00.160,3.565
15:51:00.160,3.361
15:51:00.160,2.764
15:51:00.160,2.391
15:51:00.160,2.454
15:51:00.160,2.372
15:51:00.160,2.002
15:51:00.160,1.65
15:51:00.160,1.348
15:51:00.160,0.892
15:51:00.160,0.634
15:51:00.160,0.487
15:51:00.160,0.33
15:51:00.160,0.287
15:51:00.176,0.093
15:51:00.176,0.28
15:51:00.176,0.173
15:51:00.176,0.171
15:51:00.176,-0.13
15:51:00.176,0.237
15:51:00.176,0.179
15:51:00.176,-0.004
15:51:00.176,-0.041
15:51:00.176,-0.354
15:51:00.176,-0.549
15:51:00.176,-0.851
15:51:00.176,-0.842
15:51:00.176,-1.011
15:51:00.176,-1.796
15:51:00.176,-3.247
15:51:00.176,-3.132
15:51:00.176,-1.973
15:51:00.176,-2.079
15:51:00.176,-3.193
15:51:00.176,-4.178
15:51:00.176,-4.356
15:51:00.191,-4.654
15:51:00.191,-4.515
15:51:00.191,-4.101
15:51:00.191,-4.046
15:51:00.191,-4.145
15:51:00.191,-4.309
15:51:00.191,-4.449
15:51:00.191,-4.544
15:51:00.191,-4.366
15:51:00.191,-4.336
15:51:00.191,-3.796
15:51:00.191,-3.815
15:51:00.191,-3.591
15:51:00.191,-3.558
15:51:00.191,-3.699
15:51:00.191,-3.73
15:51:00.191,-3.832
15:51:00.191,-4.03
15:51:00.191,-4.029
15:51:00.191,-4.485
15:51:00.191,-5.451
15:51:00.191,-5.412
15:51:00.191,-4.486
15:51:00.191,-3.657
15:51:00.207,-4.167
15:51:00.207,-4.265
15:51:00.207,-5.158
15:51:00.207,-5.491
15:51:00.207,-5.419
15:51:00.207,-5.445
15:51:00.207,-5.39
15:51:00.207,-5.156
15:51:00.207,-4.864
15:51:00.207,-4.834
15:51:00.207,-4.866
15:51:00.207,-4.627
15:51:00.207,-4.643
15:51:00.207,-4.326
15:51:00.207,-4.099
15:51:00.207,-3.859
15:51:00.207,-3.705
15:51:00.207,-3.7
15:51:00.207,-3.78
15:51:00.207,-3.358
15:51:00.207,-3.383
15:51:00.207,-3.294
15:51:00.207,-3.406
15:51:00.223,-2.926
15:51:00.223,-2.977
15:51:00.223,-3.256
15:51:00.223,-3.519
15:51:00.223,-2.684
15:51:00.223,-2.198
15:51:00.223,-2.317
15:51:00.223,-2.014
15:51:00.223,-2.255
15:51:00.223,-1.621
15:51:00.223,-1.711
15:51:00.223,-1.235
15:51:00.223,-0.588
15:51:00.223,-0.386
15:51:00.223,-0.256
15:51:00.223,-0.2
15:51:00.238,-0.215
15:51:00.238,-0.129
15:51:00.238,0.175
15:51:00.238,-0.145
15:51:00.238,-0.044
15:51:00.238,-0.057
15:51:00.238,-0.135
15:51:00.238,0.057
15:51:00.238,-0.046
15:51:00.238,0.036
15:51:00.238,-0.169
15:51:00.238,0.111
15:51:00.238,0.191
15:51:00.238,0.24
15:51:00.238,0.463
15:51:00.238,0.728
15:51:00.238,0.952
15:51:00.238,1.152
15:51:00.238,1.537
15:51:00.238,2.616
15:51:00.254,3.315
15:51:00.254,2.922
15:51:00.254,2.013
15:51:00.254,2.071
15:51:00.254,3.073
15:51:00.254,4.15
15:51:00.254,4.538
15:51:00.254,4.824
15:51:00.254,4.237
15:51:00.254,4.04
15:51:00.254,4.097
15:51:00.254,4.25
15:51:00.254,4.341
15:51:00.254,4.53
15:51:00.254,4.655
15:51:00.254,4.539
15:51:00.254,4.361
15:51:00.254,3.979
15:51:00.254,4.113
15:51:00.254,3.665
15:51:00.254,3.596
15:51:00.254,3.74
15:51:00.254,3.962
15:51:00.254,3.844
15:51:00.270,3.872
15:51:00.270,4.042
15:51:00.270,4.15
15:51:00.270,4.107
15:51:00.270,4.202
15:51:00.270,4.671
15:51:00.270,5.276
15:51:00.270,5.379
15:51:00.270,4.628
15:51:00.270,3.837
15:51:00.270,4.099
15:51:00.270,5.077
15:51:00.270,5.581
15:51:00.270,5.491
15:51:00.270,5.392
15:51:00.270,5.915
15:51:00.270,5.305
15:51:00.270,5.283
15:51:00.270,4.789
15:51:00.270,4.952
15:51:00.270,4.886
15:51:00.270,4.838
15:51:00.286,4.534
15:51:00.286,4.04
15:51:00.286,4.161
15:51:00.286,3.801
15:51:00.286,3.851
15:51:00.286,3.757
15:51:00.286,3.682
15:51:00.286,3.335
15:51:00.286,3.379
15:51:00.286,3.255
15:51:00.286,2.906
15:51:00.286,3.381
15:51:00.286,3.382
15:51:00.286,3.495
15:51:00.286,2.589
15:51:00.286,2.141
15:51:00.286,2.286
15:51:00.286,2.294
15:51:00.286,1.894
15:51:00.286,1.489
15:51:00.286,1.063
15:51:00.286,0.634
15:51:00.286,0.453
15:51:00.286,0.412
15:51:00.286,0.309
15:51:00.302,-0.025
15:51:00.302,0.043
15:51:00.302,0.192
15:51:00.302,0.11
15:51:00.302,0.022
15:51:00.302,0.089
15:51:00.302,0.085
15:51:00.302,0.268
15:51:00.302,0.142
15:51:00.302,0.108
15:51:00.302,0.045
15:51:00.302,-0.086
15:51:00.302,-0.287
15:51:00.302,-0.433
15:51:00.302,-0.834
15:51:00.302,-0.974
15:51:00.302,-1.06
15:51:00.302,-1.461
15:51:00.302,-2.959
15:51:00.302,-3.504
15:51:00.318,-3.345
15:51:00.318,-2.053
15:51:00.318,-1.572
15:51:00.318,-2.816
15:51:00.318,-3.705
15:51:00.318,-4.03
15:51:00.318,-4.447
15:51:00.318,-4.702
15:51:00.318,-4.378
15:51:00.318,-4.05
15:51:00.318,-3.933
15:51:00.318,-4.385
15:51:00.318,-4.275
15:51:00.318,-4.401
15:51:00.318,-4.629
15:51:00.318,-4.32
15:51:00.318,-4.408
15:51:00.318,-3.915
15:51:00.318,-3.769
15:51:00.318,-3.556
15:51:00.334,-3.459
15:51:00.334,-3.688
15:51:00.334,-3.94
15:51:00.334,-3.618
15:51:00.334,-3.697
15:51:00.334,-4.018
15:51:00.334,-4.052
15:51:00.334,-4.05
15:51:00.334,-4.648
15:51:00.334,-5.609
15:51:00.334,-5.296
15:51:00.334,-4.284
15:51:00.334,-3.818
15:51:00.334,-4.319
15:51:00.334,-5.3
15:51:00.334,-5.659
15:51:00.334,-5.476
15:51:00.334,-5.658
15:51:00.334,-5.328
15:51:00.334,-5.17
15:51:00.350,-5.117
15:51:00.350,-4.962
15:51:00.350,-4.725
15:51:00.350,-4.601
15:51:00.350,-4.782
15:51:00.350,-4.411
15:51:00.350,-4.172
15:51:00.350,-3.886
15:51:00.350,-3.843
15:51:00.350,-3.793
15:51:00.350,-3.635
15:51:00.350,-3.374
15:51:00.350,-3.265
15:51:00.350,-3.351
15:51:00.350,-3.341
15:51:00.350,-3.125
15:51:00.350,-2.826
15:51:00.350,-3.227
15:51:00.350,-3.598
15:51:00.366,-2.489
15:51:00.367,-2.283
15:51:00.367,-2.328
15:51:00.367,-2.221
15:51:00.367,-1.958
15:51:00.367,-1.601
15:51:00.367,-1.147
15:51:00.367,-0.531
15:51:00.367,-0.374
15:51:00.367,-0.334
15:51:00.367,-0.313
15:51:00.367,0.044
15:51:00.367,0.013
15:51:00.367,0.011
15:51:00.367,-0.237
15:51:00.367,0.101
15:51:00.367,-0.022
15:51:00.367,-0.002
15:51:00.367,-0.148
15:51:00.367,-0.082
15:51:00.382,0.194
15:51:00.382,0.187
15:51:00.382,0.457
15:51:00.382,0.653
15:51:00.382,0.9
15:51:00.382,0.921
15:51:00.382,1.101
15:51:00.382,2.615
15:51:00.382,3.347
15:51:00.382,3.218
15:51:00.382,1.83
15:51:00.382,2.166
15:51:00.382,3.377
15:51:00.382,4.037
15:51:00.382,4.387
15:51:00.382,4.587
15:51:00.382,4.712
15:51:00.382,4.355
15:51:00.382,3.932
15:51:00.382,4.183
15:51:00.382,4.599
15:51:00.397,4.389
15:51:00.397,4.567
15:51:00.397,4.597
15:51:00.397,4.63
15:51:00.397,4.206
15:51:00.401,3.988
15:51:00.402,4.152
15:51:00.402,3.537
15:51:00.402,3.737
15:51:00.402,3.824
15:51:00.402,3.868
15:51:00.402,3.764
15:51:00.402,4.206
15:51:00.402,4.165
15:51:00.402,4.182
15:51:00.402,4.179
15:51:00.402,5.249
15:51:00.402,5.634
15:51:00.413,5.056
15:51:00.413,4.331
15:51:00.413,3.806
15:51:00.413,4.555
15:51:00.417,5.463
15:51:00.417,5.511
15:51:00.417,5.513
15:51:00.417,5.808
15:51:00.417,5.338
15:51:00.417,5.338
15:51:00.417,5.063
15:51:00.417,4.964
15:51:00.417,4.796
15:51:00.417,4.72
15:51:00.417,4.719
15:51:00.417,4.286
15:51:00.417,3.931
15:51:00.417,3.927
15:51:00.417,3.851
15:51:00.429,3.7
15:51:00.431,3.584
15:51:00.431,3.321
15:51:00.431,3.48
15:51:00.431,3.44
15:51:00.431,3.221
15:51:00.431,2.98
15:51:00.431,3.373
15:51:00.431,3.771
15:51:00.431,3.212
15:51:00.431,2.312
15:51:00.431,2.261
15:51:00.431,2.311
15:51:00.431,1.951
15:51:00.431,1.529
15:51:00.431,1.605
15:51:00.431,0.985
15:51:00.431,0.558
15:51:00.445,0.502
15:51:00.445,0.37
15:51:00.445,0.278
15:51:00.445,0.119
15:51:00.445,0.137
15:51:00.445,-0.028
15:51:00.445,0.037
15:51:00.445,0.359
15:51:00.445,0.138
15:51:00.445,0.052
15:51:00.445,-0.123
15:51:00.445,-0.343
15:51:00.445,-0.533
15:51:00.445,-0.977
15:51:00.445,-1.007
15:51:00.445,-1.317
15:51:00.445,-3.213
15:51:00.445,-3.222
15:51:00.445,-1.971
15:51:00.445,-1.665
15:51:00.445,-2.684
15:51:00.445,-3.408
15:51:00.461,-3.992
15:51:00.461,-4.179
15:51:00.461,-4.64
15:51:00.461,-4.685
15:51:00.461,-3.989
15:51:00.461,-3.798
15:51:00.461,-4.276
15:51:00.461,-4.57
15:51:00.461,-4.235
15:51:00.461,-4.661
15:51:00.461,-4.577
15:51:00.461,-4.139
15:51:00.461,-3.782
15:51:00.461,-3.954
15:51:00.461,-3.61
15:51:00.461,-3.539
15:51:00.461,-3.938
15:51:00.461,-3.693
15:51:00.461,-3.716
15:51:00.461,-4.077
15:51:00.461,-3.958
15:51:00.477,-3.954
15:51:00.477,-4.616
15:51:00.477,-5.538
15:51:00.477,-5.343
15:51:00.477,-3.925
15:51:00.477,-3.787
15:51:00.477,-4.545
15:51:00.587,-5.647
15:51:00.587,-5.663
15:51:00.587,-5.465
15:51:00.587,-5.304
15:51:00.587,-5.107
15:51:00.587,-5.295
15:51:00.587,-4.704
15:51:00.587,-4.753
15:51:00.587,-4.722
15:51:00.587,-4.556
15:51:00.587,-4.352
15:51:00.587,-3.851
15:51:00.587,-3.771
15:51:00.603,-3.704
15:51:00.603,-3.695
15:51:00.603,-3.573
15:51:00.603,-3.178
15:51:00.603,-3.157
15:51:00.603,-3.275
15:51:00.603,-3.27
15:51:00.603,-2.892
15:51:00.603,-2.855
15:51:00.603,-3.478
15:51:00.603,-3.501
15:51:00.603,-3.029
15:51:00.603,-2.158
15:51:00.603,-2.371
15:51:00.603,-2.23
15:51:00.603,-1.857
15:51:00.603,-1.684
15:51:00.603,-1.421
15:51:00.618,-0.871
15:51:00.618,-0.628
15:51:00.618,-0.457
15:51:00.618,-0.353
15:51:00.618,-0.223
15:51:00.618,-0.302
15:51:00.618,-0.276
15:51:00.618,-0.079
15:51:00.618,-0.075
15:51:00.618,0.419
15:51:00.618,-0.005
15:51:00.618,0.073
15:51:00.618,-0.014
15:51:00.618,-0.193
15:51:00.618,-0.066
15:51:00.618,0.215
15:51:00.618,0.163
15:51:00.618,0.206
15:51:00.618,0.581
15:51:00.618,0.805
15:51:00.618,1.017
15:51:00.618,1.129
15:51:00.618,1.983
15:51:00.634,2.683
15:51:00.634,3.454
15:51:00.634,2.892
15:51:00.634,1.708
15:51:00.634,2.188
15:51:00.634,3.087
15:51:00.634,4.122
15:51:00.634,4.62
15:51:00.634,4.77
15:51:00.634,4.445
15:51:00.634,4.332
15:51:00.634,3.918
15:51:00.634,4.381
15:51:00.634,4.433
15:51:00.634,4.493
15:51:00.634,4.693
15:51:00.634,4.408
15:51:00.634,4.655
15:51:00.634,3.958
15:51:00.634,3.903
15:51:00.634,3.73
15:51:00.634,3.73
15:51:00.634,3.902
15:51:00.634,4.099
15:51:00.650,4.011
15:51:00.650,4.206
15:51:00.650,4.097
15:51:00.650,4.236
15:51:00.650,4.484
15:51:00.650,5.492
15:51:00.650,5.576
15:51:00.650,4.924
15:51:00.650,3.725
15:51:00.650,3.852
15:51:00.650,4.479
15:51:00.650,5.723
15:51:00.650,5.587
15:51:00.650,5.496
15:51:00.650,5.62
15:51:00.650,5.2
15:51:00.650,5.227
15:51:00.650,4.886
15:51:00.650,4.817
15:51:00.650,4.746
15:51:00.650,4.536
15:51:00.650,4.241
15:51:00.650,3.755
15:51:00.666,3.88
15:51:00.666,3.8
15:51:00.666,3.627
15:51:00.666,3.467
15:51:00.666,3.35
15:51:00.666,3.131
15:51:00.666,3.568
15:51:00.666,3.071
15:51:00.666,3.13
15:51:00.666,3.53
15:51:00.666,2.824
15:51:00.666,2.298
15:51:00.666,2.534
15:51:00.666,2.136
15:51:00.666,1.764
15:51:00.666,1.208
15:51:00.666,0.68
15:51:00.666,0.491
15:51:00.666,0.283
15:51:00.666,0.117
15:51:00.666,-0.016
15:51:00.666,0.124
15:51:00.666,0.1
15:51:00.681,0.093
15:51:00.681,0.101
15:51:00.681,0.098
15:51:00.681,0.112
15:51:00.681,-0.073
15:51:00.681,-0.17
15:51:00.681,-0.282
15:51:00.681,-0.896
15:51:00.681,-1.032
15:51:00.681,-1.41
15:51:00.681,-3.184
15:51:00.681,-3.424
15:51:00.681,-1.748
15:51:00.681,-2.038
15:51:00.681,-3.127
15:51:00.681,-3.714
15:51:00.681,-4.002
15:51:00.681,-4.583
15:51:00.681,-4.527
15:51:00.681,-3.998
15:51:00.681,-4.101
15:51:00.681,-4.271
15:51:00.681,-4.506
15:51:00.681,-4.463
15:51:00.681,-4.413
15:51:00.697,-4.311
15:51:00.697,-3.989
15:51:00.697,-3.893
15:51:00.697,-3.578
15:51:00.697,-3.521
15:51:00.697,-3.64
15:51:00.697,-3.82
15:51:00.697,-3.651
15:51:00.697,-3.797
15:51:00.697,-3.941
15:51:00.697,-4.02
15:51:00.697,-4.101
15:51:00.697,-4.585
15:51:00.697,-5.431
15:51:00.697,-4.394
15:51:00.697,-3.829
15:51:00.697,-4.765
15:51:00.697,-5.415
15:51:00.697,-5.644
15:51:00.697,-5.465
15:51:00.697,-5.052
15:51:00.697,-4.858
15:51:00.697,-4.804
15:51:00.697,-4.556
15:51:00.697,-4.633
15:51:00.713,-4.043
15:51:00.713,-3.977
15:51:00.713,-3.804
15:51:00.713,-3.629
15:51:00.713,-3.604
15:51:00.713,-3.268
15:51:00.713,-3.275
15:51:00.713,-3.35
15:51:00.713,-3.351
15:51:00.713,-2.829
15:51:00.713,-3.225
15:51:00.713,-3.503
15:51:00.713,-2.813
15:51:00.713,-2.405
15:51:00.713,-2.257
15:51:00.713,-2.018
15:51:00.713,-1.394
15:51:00.713,-0.955
15:51:00.713,-0.402
15:51:00.713,-0.393
15:51:00.713,-0.277
15:51:00.713,-0.192
15:51:00.713,-0.21
15:51:00.729,-0.193
15:51:00.729,-0.014
15:51:00.729,0.0
15:51:00.729,0.121
15:51:00.729,-0.13
15:51:00.729,0.024
15:51:00.729,0.049
15:51:00.729,0.304
15:51:00.729,0.413
15:51:00.729,0.844
15:51:00.729,1.013
15:51:00.729,1.024
15:51:00.729,1.916
15:51:00.729,3.186
15:51:00.729,3.745
15:51:00.729,1.864
15:51:00.729,1.52
15:51:00.729,2.578
15:51:00.729,3.553
15:51:00.729,3.974
15:51:00.729,4.096
15:51:00.729,4.966
15:51:00.729,4.646
15:51:00.729,3.987
15:51:00.729,4.314
15:51:00.745,4.364
15:51:00.745,4.491
15:51:00.745,4.595
15:51:00.745,4.532
15:51:00.745,4.5
15:51:00.745,4.127
15:51:00.745,4.084
15:51:00.745,3.664
15:51:00.745,3.68
15:51:00.745,3.807
15:51:00.745,3.968
15:51:00.745,3.855
15:51:00.745,4.11
15:51:00.745,4.158
15:51:00.745,4.131
15:51:00.745,5.18
15:51:00.745,5.624
15:51:00.745,5.132
15:51:00.745,3.886
15:51:00.745,4.0
15:51:00.745,5.298
15:51:00.745,5.836
15:51:00.760,5.675
15:51:00.760,5.791
15:51:00.760,5.181
15:51:00.760,4.802
15:51:00.760,4.911
15:51:00.760,4.977
15:51:00.760,4.793
15:51:00.760,4.282
15:51:00.760,4.008
15:51:00.760,4.022
15:51:00.760,3.966
15:51:00.760,3.69
15:51:00.760,3.445
15:51:00.760,3.247
15:51:00.760,3.234
15:51:00.760,3.42
15:51:00.760,2.946
15:51:00.760,3.008
15:51:00.760,3.417
15:51:00.760,3.464
15:51:00.760,2.616
15:51:00.776,2.332
15:51:00.776,2.557
15:51:00.776,1.821
15:51:00.776,1.768
15:51:00.776,1.486
15:51:00.776,0.868
15:51:00.776,0.479
15:51:00.776,0.518
15:51:00.776,0.264
15:51:00.776,0.295
15:51:00.776,0.039
15:51:00.776,0.067
15:51:00.776,0.027
15:51:00.776,0.149
15:51:00.776,0.156
15:51:00.776,0.172
15:51:00.776,0.105
15:51:00.776,-0.096
15:51:00.776,-0.278
15:51:00.776,-0.511
15:51:00.776,-0.74
15:51:00.776,-0.998
15:51:00.776,-1.91
15:51:00.792,-3.135
15:51:00.792,-2.369
15:51:00.792,-1.596
15:51:00.792,-2.893
15:51:00.792,-3.804
15:51:00.792,-4.3
15:51:00.792,-4.743
15:51:00.792,-4.042
15:51:00.792,-4.095
15:51:00.792,-4.293
15:51:00.792,-4.138
15:51:00.792,-4.657
15:51:00.792,-4.38
15:51:00.792,-3.892
15:51:00.792,-3.784
15:51:00.792,-3.635
15:51:00.792,-3.549
15:51:00.792,-3.663
15:51:00.792,-3.788
15:51:00.792,-3.643
15:51:00.792,-4.022
15:51:00.792,-4.056
15:51:00.792,-4.061
15:51:00.808,-4.522
15:51:00.808,-5.438
15:51:00.808,-5.377
15:51:00.808,-4.485
15:51:00.808,-3.674
15:51:00.808,-4.204
15:51:00.808,-4.874
15:51:00.808,-5.359
15:51:00.808,-5.472
15:51:00.808,-5.633
15:51:00.808,-5.169
15:51:00.808,-5.088
15:51:00.808,-4.921
15:51:00.808,-4.69
15:51:00.808,-4.717
15:51:00.808,-4.355
15:51:00.808,-3.903
15:51:00.808,-3.827
15:51:00.808,-3.705
15:51:00.808,-3.57
15:51:00.808,-3.339
15:51:00.808,-3.21
15:51:00.808,-3.364
15:51:00.824,-3.193
15:51:00.824,-2.687
15:51:00.824,-3.379
15:51:00.824,-3.62
15:51:00.824,-2.749
15:51:00.824,-2.413
15:51:00.824,-2.226
15:51:00.824,-2.154
15:51:00.824,-1.633
15:51:00.824,-1.487
15:51:00.824,-1.079
15:51:00.824,-0.637
15:51:00.824,-0.396
15:51:00.824,-0.266
15:51:00.824,-0.118
15:51:00.824,-0.227
15:51:00.824,0.184
15:51:00.824,0.02
15:51:00.824,0.086
15:51:00.824,-0.028
15:51:00.824,0.037
15:51:00.824,-0.086
15:51:00.840,-0.101
15:51:00.840,0.091
15:51:00.840,0.306
15:51:00.840,0.552
15:51:00.840,0.76
15:51:00.840,0.902
15:51:00.840,1.128
15:51:00.840,2.033
15:51:00.840,3.14
15:51:00.840,3.326
15:51:00.840,2.288
15:51:00.840,1.749
15:51:00.840,2.347
15:51:00.840,3.438
15:51:00.840,4.441
15:51:00.840,4.297
15:51:00.840,4.498
15:51:00.840,4.216
15:51:00.840,4.187
15:51:00.840,4.344
15:51:00.840,4.393
15:51:00.840,4.546
15:51:00.840,4.676
15:51:00.855,4.516
15:51:00.855,4.261
15:51:00.855,3.97
15:51:00.855,3.903
15:51:00.855,3.682
15:51:00.855,3.689
15:51:00.861,3.88
15:51:00.861,3.883
15:51:00.861,3.881
15:51:00.861,3.999
15:51:00.861,4.197
15:51:00.861,4.286
15:51:00.861,5.032
15:51:00.861,5.423
15:51:00.861,4.417
15:51:00.861,3.882
15:51:00.861,4.347
15:51:00.861,4.916
15:51:00.861,5.581
15:51:00.861,5.508
15:51:00.861,5.641
15:51:00.871,5.623
15:51:00.871,5.149
15:51:00.871,5.164
15:51:00.871,5.057
15:51:00.871,4.764
15:51:00.871,4.78
15:51:00.871,4.663
15:51:00.871,4.369
15:51:00.871,4.042
15:51:00.871,3.887
15:51:00.871,3.898
15:51:00.871,3.768
15:51:00.871,3.837
15:51:00.871,3.507
15:51:00.871,3.242
15:51:00.871,3.408
15:51:00.871,3.308
15:51:00.871,3.019
15:51:00.871,3.188
15:51:00.871,3.591
15:51:00.887,3.012
15:51:00.887,2.379
15:51:00.887,2.245
15:51:00.887,2.299
15:51:00.887,2.371
15:51:00.887,1.886
15:51:00.887,1.649
15:51:00.887,1.015
15:51:00.887,0.602
15:51:00.887,0.321
15:51:00.887,0.36
15:51:00.887,0.128
15:51:00.887,0.232
15:51:00.887,0.189
15:51:00.887,0.188
15:51:00.887,-0.028
15:51:00.887,0.124
15:51:00.887,0.331
15:51:00.887,0.258
15:51:00.887,-0.002
15:51:00.887,-0.078
15:51:00.887,-0.368
15:51:00.887,-0.384
15:51:00.887,-0.804
15:51:00.887,-0.917
15:51:00.903,-1.427
15:51:00.903,-3.097
15:51:00.905,-3.413
15:51:00.905,-2.439
15:51:00.905,-1.491
15:51:00.905,-2.639
15:51:00.905,-3.596
15:51:00.905,-4.092
15:51:00.905,-4.447
15:51:00.905,-4.799
15:51:00.905,-4.16
15:51:00.905,-4.001
15:51:00.905,-4.136
15:51:00.905,-4.449
15:51:00.905,-4.48
15:51:00.918,-4.473
15:51:00.918,-4.36
15:51:00.918,-4.103
15:51:00.918,-3.863
15:51:00.918,-3.792
15:51:00.918,-3.523
15:51:00.918,-3.562
15:51:00.918,-3.761
15:51:00.918,-3.712
15:51:00.918,-3.999
15:51:00.918,-4.038
15:51:00.918,-3.936
15:51:00.918,-4.138
15:51:00.918,-5.172
15:51:00.918,-5.49
15:51:00.934,-4.574
15:51:00.934,-3.629
15:51:00.936,-4.182
15:51:00.936,-5.162
15:51:00.936,-5.461
15:51:00.936,-5.542
15:51:00.936,-5.492
15:51:00.936,-5.639
15:51:00.936,-5.173
15:51:00.936,-5.183
15:51:00.936,-4.729
15:51:00.936,-4.775
15:51:00.936,-4.616
15:51:00.936,-4.343
15:51:00.936,-3.954
15:51:00.936,-3.776
15:51:00.936,-3.678
15:51:00.936,-3.569
15:51:00.936,-3.281
15:51:00.936,-3.33
15:51:00.936,-3.291
15:51:00.936,-2.739
15:51:00.951,-3.305
15:51:00.951,-3.237
15:51:00.951,-2.239
15:51:00.951,-2.515
15:51:00.956,-2.139
15:51:00.956,-1.792
15:51:00.956,-1.271
15:51:00.956,-0.973
15:51:00.956,-0.51
15:51:00.956,-0.409
15:51:00.956,-0.202
15:51:00.956,-0.102
15:51:00.963,-0.184
15:51:00.963,-0.131
15:51:00.963,-0.043
15:51:00.963,0.111
15:51:00.966,0.003
15:51:00.966,-0.156
15:51:00.966,-0.026
15:51:00.966,0.058
15:51:00.966,0.261
15:51:00.966,0.728
15:51:00.966,0.847
15:51:00.966,1.077
15:51:00.966,0.953
15:51:00.966,2.297
15:51:00.966,3.014
15:51:00.966,3.104
15:51:00.966,2.6
15:51:00.966,1.765
15:51:00.966,2.886
15:51:00.966,4.202
15:51:00.966,4.526
15:51:00.966,4.818
15:51:00.966,4.213
15:51:00.982,4.242
15:51:00.982,4.296
15:51:00.984,4.241
15:51:00.984,4.35
15:51:00.984,4.64
15:51:00.984,4.731
15:51:00.984,4.568
15:51:00.984,4.162
15:51:00.984,3.979
15:51:00.984,3.675
15:51:00.984,3.764
15:51:00.984,3.998
15:51:00.984,3.719
15:51:00.984,4.137
15:51:00.984,4.174
15:51:00.984,4.564
15:51:00.984,5.481
15:51:00.984,5.12
15:51:00.984,4.031
15:51:00.984,4.458
15:51:00.984,5.64
15:51:00.984,5.717
15:51:00.984,5.63
15:51:00.999,5.584
15:51:00.999,5.414
15:51:00.999,4.839
15:51:00.999,4.639
15:51:00.999,4.734
15:51:00.999,4.813
15:51:00.999,4.648
15:51:00.999,4.138
15:51:00.999,3.803
15:51:00.999,4.016
15:51:00.999,4.09
15:51:00.999,3.864
15:51:00.999,3.599
15:51:00.999,3.336
15:51:00.999,3.557
15:51:00.999,3.43
15:51:00.999,2.967
15:51:00.999,3.007
15:51:00.999,3.452
15:51:00.999,3.601
15:51:01.014,2.765
15:51:01.014,2.42
15:51:01.014,2.209
15:51:01.014,2.205
15:51:01.014,1.849
15:51:01.014,1.523
15:51:01.014,1.099
15:51:01.014,0.644
15:51:01.014,0.411
15:51:01.014,0.304
15:51:01.014,0.268
15:51:01.014,0.029
15:51:01.014,0.301
15:51:01.014,0.255
15:51:01.014,0.14
15:51:01.014,0.06
15:51:01.014,0.088
15:51:01.014,0.062
15:51:01.014,0.372
15:51:01.014,-0.081
15:51:01.014,-0.133
15:51:01.029,-0.201
15:51:01.061,-0.381
15:51:01.061,-0.68
15:51:01.061,-0.965
15:51:01.061,-0.961
15:51:01.061,-2.412
15:51:01.061,-3.543
15:51:01.061,-2.397
15:51:01.061,-1.687
15:51:01.076,-2.644
15:51:01.076,-4.351
15:51:01.076,-4.627
15:51:01.076,-4.412
15:51:01.076,-4.08
15:51:01.076,-4.216
15:51:01.076,-4.233
15:51:01.076,-4.501
15:51:01.076,-4.536
15:51:01.076,-4.446
15:51:01.076,-3.922
15:51:01.076,-3.723
15:51:01.076,-3.613
15:51:01.092,-3.657
15:51:01.092,-3.998
15:51:01.092,-3.572
15:51:01.092,-3.674
15:51:01.092,-3.99
15:51:01.092,-4.013
15:51:01.092,-4.513
15:51:01.092,-5.483
15:51:01.092,-4.939
15:51:01.092,-3.778
15:51:01.092,-3.87
15:51:01.092,-4.426
15:51:01.092,-5.495
15:51:01.092,-5.592
15:51:01.108,-5.744
15:51:01.108,-5.132
15:51:01.108,-4.904
15:51:01.108,-5.154
15:51:01.108,-4.96
15:51:01.108,-4.764
15:51:01.108,-4.647
15:51:01.108,-4.587
15:51:01.108,-4.339
15:51:01.108,-3.885
15:51:01.108,-3.903
15:51:01.108,-3.799
15:51:01.108,-3.57
15:51:01.108,-3.54
15:51:01.108,-3.222
15:51:01.108,-3.359
15:51:01.108,-3.36
15:51:01.124,-2.774
15:51:01.124,-3.155
15:51:01.124,-3.528
15:51:01.124,-2.663
15:51:01.124,-2.525
15:51:01.124,-2.103
15:51:01.131,-2.113
15:51:01.132,-1.483
15:51:01.133,-1.01
15:51:01.133,-0.321
15:51:01.134,-0.41
15:51:01.135,-0.145
15:51:01.135,-0.015
15:51:01.135,0.043
15:51:01.135,-0.012
15:51:01.135,0.189
15:51:01.135,-0.061
15:51:01.135,-0.084
15:51:01.140,-0.095
15:51:01.140,0.002
15:51:01.140,0.038
15:51:01.140,0.34
15:51:01.140,0.511
15:51:01.140,0.673
15:51:01.140,0.961
15:51:01.140,0.687
15:51:01.140,1.558
15:51:01.140,3.081
15:51:01.140,3.314
15:51:01.140,2.284
15:51:01.140,1.691
15:51:01.140,2.475
15:51:01.140,3.593
15:51:01.140,4.44
15:51:01.140,4.528
15:51:01.140,4.707
15:51:01.140,4.398
15:51:01.140,4.136
15:51:01.140,4.027
15:51:01.140,4.194
15:51:01.140,4.382
15:51:01.156,4.423
15:51:01.156,4.7
15:51:01.156,4.508
15:51:01.156,4.608
15:51:01.156,4.246
15:51:01.156,3.986
15:51:01.156,4.08
15:51:01.156,3.622
15:51:01.156,3.713
15:51:01.156,4.039
15:51:01.156,3.965
15:51:01.156,3.835
15:51:01.156,4.044
15:51:01.156,4.157
15:51:01.156,4.161
15:51:01.156,4.403
15:51:01.156,5.007
15:51:01.156,5.615
15:51:01.156,5.007
15:51:01.156,3.907
15:51:01.156,3.847
15:51:01.156,4.645
15:51:01.156,5.223
15:51:01.171,5.611
15:51:01.171,5.703
15:51:01.171,5.63
15:51:01.171,5.324
15:51:01.171,5.228
15:51:01.171,5.066
15:51:01.171,4.755
15:51:01.171,4.801
15:51:01.171,4.786
15:51:01.171,4.874
15:51:01.171,4.403
15:51:01.171,4.025
15:51:01.171,3.966
15:51:01.171,3.788
15:51:01.171,3.774
15:51:01.171,3.626
15:51:01.171,3.45
15:51:01.171,3.352
15:51:01.171,3.503
15:51:01.171,2.938
15:51:01.171,3.137
15:51:01.171,3.412
15:51:01.171,3.484
15:51:01.187,2.871
15:51:01.187,2.321
15:51:01.187,2.312
15:51:01.187,2.265
15:51:01.187,1.864
15:51:01.187,1.548
15:51:01.187,1.045
15:51:01.187,0.66
15:51:01.187,0.412
15:51:01.187,0.46
15:51:01.187,0.423
15:51:01.187,0.1
15:51:01.187,0.059
15:51:01.187,0.181
15:51:01.187,0.089
15:51:01.187,0.23
15:51:01.187,0.094
15:51:01.187,0.157
15:51:01.203,0.087
15:51:01.203,-0.022
15:51:01.203,-0.057
15:51:01.203,-0.237
15:51:01.203,-0.512
15:51:01.203,-0.717
15:51:01.203,-1.147
15:51:01.203,-1.939
15:51:01.203,-3.206
15:51:01.203,-3.346
15:51:01.203,-2.149
15:51:01.203,-1.584
15:51:01.203,-2.694
15:51:01.203,-3.159
15:51:01.203,-3.879
15:51:01.203,-4.143
15:51:01.203,-4.855
15:51:01.203,-4.104
15:51:01.203,-4.041
15:51:01.203,-4.211
15:51:01.203,-4.24
15:51:01.203,-4.593
15:51:01.203,-4.446
15:51:01.219,-4.019
15:51:01.219,-3.84
15:51:01.219,-3.467
15:51:01.219,-3.485
15:51:01.219,-3.836
15:51:01.219,-3.522
15:51:01.219,-3.917
15:51:01.219,-4.057
15:51:01.219,-4.031
15:51:01.219,-4.348
15:51:01.219,-5.29
15:51:01.219,-4.584
15:51:01.219,-3.379
15:51:01.219,-4.286
15:51:01.219,-5.219
15:51:01.219,-5.611
15:51:01.219,-5.536
15:51:01.219,-5.633
15:51:01.219,-5.146
15:51:01.219,-5.224
15:51:01.219,-4.822
15:51:01.219,-4.478
15:51:01.219,-4.682
15:51:01.219,-4.463
15:51:01.235,-3.826
15:51:01.235,-3.838
15:51:01.235,-3.681
15:51:01.235,-3.563
15:51:01.235,-3.297
15:51:01.235,-3.306
15:51:01.235,-3.308
15:51:01.235,-2.913
15:51:01.235,-3.482
15:51:01.235,-3.566
15:51:01.235,-3.072
15:51:01.235,-2.266
15:51:01.235,-2.284
15:51:01.235,-2.071
15:51:01.245,-1.815
15:51:01.245,-1.551
15:51:01.245,-1.095
15:51:01.245,-0.504
15:51:01.245,-0.425
15:51:01.245,-0.311
15:51:01.245,-0.13
15:51:01.245,-0.034
15:51:01.245,-0.037
15:51:01.251,-0.001
15:51:01.251,-0.032
15:51:01.251,0.177
15:51:01.251,0.082
15:51:01.251,-0.058
15:51:01.251,-0.01
15:51:01.251,0.038
15:51:01.251,0.265
15:51:01.251,0.361
15:51:01.251,0.48
15:51:01.251,0.897
15:51:01.251,0.825
15:51:01.251,0.884
15:51:01.251,2.956
15:51:01.251,3.279
15:51:01.251,2.223
15:51:01.251,1.973
15:51:01.251,3.515
15:51:01.251,4.129
15:51:01.251,4.2
15:51:01.251,4.361
15:51:01.251,4.739
15:51:01.251,4.154
15:51:01.267,3.932
15:51:01.267,4.313
15:51:01.267,4.543
15:51:01.267,4.497
15:51:01.267,4.628
15:51:01.267,4.586
15:51:01.267,4.275
15:51:01.267,3.93
15:51:01.267,3.632
15:51:01.267,3.872
15:51:01.267,3.858
15:51:01.267,3.798
15:51:01.267,4.104
15:51:01.267,4.124
15:51:01.267,4.261
15:51:01.267,4.41
15:51:01.267,5.273
15:51:01.267,5.548
15:51:01.267,4.656
15:51:01.267,4.055
15:51:01.267,4.707
15:51:01.267,5.851
15:51:01.267,5.47
15:51:01.267,5.836
15:51:01.283,5.427
15:51:01.283,5.117
15:51:01.283,4.866
15:51:01.283,5.075
15:51:01.283,4.729
15:51:01.283,4.846
15:51:01.283,4.545
15:51:01.283,4.188
15:51:01.283,3.961
15:51:01.283,4.027
15:51:01.283,3.996
15:51:01.283,3.616
15:51:01.283,3.429
15:51:01.283,3.352
15:51:01.283,3.423
15:51:01.283,3.222
15:51:01.283,2.86
15:51:01.283,3.396
15:51:01.283,3.724
15:51:01.283,2.765
15:51:01.283,2.345
15:51:01.283,2.311
15:51:01.283,2.299
15:51:01.283,1.882
15:51:01.299,1.655
15:51:01.299,1.103
15:51:01.299,0.764
15:51:01.299,0.419
15:51:01.299,0.389
15:51:01.299,0.064
15:51:01.299,0.185
15:51:01.299,-0.056
15:51:01.299,-0.007
15:51:01.299,0.103
15:51:01.428,0.137
15:51:01.428,0.051
15:51:01.428,0.053
15:51:01.428,0.082
15:51:01.428,0.053
15:51:01.440,0.035
15:51:01.441,-0.229
15:51:01.441,-0.483
15:51:01.441,-0.407
15:51:01.441,-0.851
15:51:01.441,-0.769
15:51:01.441,-1.072
15:51:01.441,-1.844
15:51:01.441,-3.036
15:51:01.441,-3.46
15:51:01.441,-1.88
15:51:01.441,-1.866
15:51:01.441,-3.727
15:51:01.441,-4.264
15:51:01.441,-4.515
15:51:01.441,-4.55
15:51:01.441,-4.145
15:51:01.441,-4.033
15:51:01.455,-4.088
15:51:01.456,-4.343
15:51:01.456,-4.552
15:51:01.459,-4.53
15:51:01.461,-4.266
15:51:01.461,-4.382
15:51:01.461,-4.212
15:51:01.461,-3.942
15:51:01.464,-3.738
15:51:01.464,-3.674
15:51:01.464,-3.71
15:51:01.464,-3.766
15:51:01.464,-3.711
15:51:01.464,-3.911
15:51:01.464,-4.096
15:51:01.464,-3.98
15:51:01.472,-4.122
15:51:01.472,-5.4
15:51:01.472,-5.644
15:51:01.472,-4.824
15:51:01.472,-3.709
15:51:01.472,-4.054
15:51:01.472,-4.588
15:51:01.472,-5.356
15:51:01.472,-5.597
15:51:01.472,-5.583
15:51:01.472,-5.748
15:51:01.472,-5.29
15:51:01.472,-5.032
15:51:01.472,-4.828
15:51:01.472,-4.652
15:51:01.472,-4.769
15:51:01.472,-4.502
15:51:01.472,-4.263
15:51:01.472,-3.837
15:51:01.472,-3.845
15:51:01.472,-3.9
15:51:01.472,-3.695
15:51:01.488,-3.577
15:51:01.488,-3.203
15:51:01.488,-3.373
15:51:01.488,-3.301
15:51:01.488,-2.982
15:51:01.488,-2.9
15:51:01.488,-3.272
15:51:01.488,-3.485
15:51:01.488,-2.901
15:51:01.488,-2.197
15:51:01.488,-2.253
15:51:01.488,-2.331
15:51:01.488,-2.19
15:51:01.488,-1.644
15:51:01.488,-1.235
15:51:01.488,-0.997
15:51:01.488,-0.416
15:51:01.488,-0.408
15:51:01.488,-0.297
15:51:01.488,-0.206
15:51:01.488,0.308
15:51:01.488,-0.011
15:51:01.504,-0.13
15:51:01.504,0.19
15:51:01.504,-0.129
15:51:01.504,0.013
15:51:01.504,0.137
15:51:01.504,0.311
15:51:01.504,-0.083
15:51:01.504,0.011
15:51:01.504,0.217
15:51:01.504,0.343
15:51:01.504,0.538
15:51:01.504,0.566
15:51:01.504,0.964
15:51:01.504,1.16
15:51:01.504,1.936
15:51:01.504,3.229
15:51:01.504,3.231
15:51:01.504,1.927
15:51:01.504,1.829
15:51:01.504,2.771
15:51:01.504,3.967
15:51:01.504,4.509
15:51:01.504,4.901
15:51:01.504,4.211
15:51:01.520,4.084
15:51:01.520,4.4
15:51:01.520,4.428
15:51:01.520,4.575
15:51:01.520,4.72
15:51:01.520,4.591
15:51:01.520,4.278
15:51:01.520,4.01
15:51:01.520,4.125
15:51:01.520,3.632
15:51:01.520,3.518
15:51:01.520,3.808
15:51:01.520,4.032
15:51:01.520,3.726
15:51:01.520,4.073
15:51:01.520,4.069
15:51:01.520,4.118
15:51:01.520,4.177
15:51:01.520,4.38
15:51:01.520,5.271
15:51:01.520,5.628
15:51:01.520,5.221
15:51:01.536,3.788
15:51:01.536,4.18
15:51:01.536,5.274
15:51:01.536,5.834
15:51:01.536,5.515
15:51:01.536,5.521
15:51:01.536,5.523
15:51:01.536,5.223
15:51:01.536,5.343
15:51:01.536,4.943
15:51:01.536,4.861
15:51:01.536,4.73
15:51:01.536,4.681
15:51:01.536,4.26
15:51:01.536,4.169
15:51:01.536,3.787
15:51:01.536,3.995
15:51:01.536,3.731
15:51:01.536,3.667
15:51:01.536,3.314
15:51:01.536,3.369
15:51:01.536,3.375
15:51:01.536,3.088
15:51:01.552,2.911
15:51:01.552,3.539
15:51:01.552,3.366
15:51:01.552,2.595
15:51:01.552,2.295
15:51:01.552,2.359
15:51:01.552,2.259
15:51:01.552,1.802
15:51:01.552,1.276
15:51:01.552,0.923
15:51:01.552,0.544
15:51:01.552,0.556
15:51:01.552,0.239
15:51:01.552,0.323
15:51:01.552,0.283
15:51:01.552,0.25
15:51:01.552,0.117
15:51:01.552,-0.033
15:51:01.552,0.154
15:51:01.552,0.017
15:51:01.552,0.233
15:51:01.552,0.138
15:51:01.552,0.09
15:51:01.568,-0.102
15:51:01.568,-0.318
15:51:01.568,-0.463
15:51:01.568,-0.671
15:51:01.568,-0.936
15:51:01.568,-1.0
15:51:01.568,-2.325
15:51:01.568,-3.371
15:51:01.568,-2.845
15:51:01.568,-1.294
15:51:01.568,-1.713
15:51:01.568,-3.252
15:51:01.568,-3.84
15:51:01.568,-4.2
15:51:01.568,-4.391
15:51:01.568,-4.655
15:51:01.568,-4.384
15:51:01.568,-3.899
15:51:01.568,-4.034
15:51:01.568,-4.223
15:51:01.568,-4.387
15:51:01.568,-4.585
15:51:01.568,-4.278
15:51:01.568,-3.949
15:51:01.583,-3.916
15:51:01.583,-3.526
15:51:01.583,-3.546
15:51:01.583,-3.682
15:51:01.583,-3.833
15:51:01.583,-3.932
15:51:01.583,-4.102
15:51:01.583,-4.122
15:51:01.583,-4.19
15:51:01.583,-4.971
15:51:01.583,-5.605
15:51:01.583,-5.549
15:51:01.583,-4.009
15:51:01.583,-3.486
15:51:01.583,-3.866
15:51:01.583,-5.338
15:51:01.583,-5.498
15:51:01.583,-5.553
15:51:01.583,-5.542
15:51:01.583,-5.345
15:51:01.583,-4.981
15:51:01.583,-4.915
15:51:01.583,-4.654
15:51:01.583,-4.799
15:51:01.599,-4.682
15:51:01.599,-4.402
15:51:01.599,-4.059
15:51:01.599,-3.933
15:51:01.599,-3.804
15:51:01.599,-3.673
15:51:01.599,-3.56
15:51:01.599,-3.338
15:51:01.599,-3.166
15:51:01.599,-3.305
15:51:01.599,-2.98
15:51:01.599,-3.132
15:51:01.599,-3.612
15:51:01.599,-3.022
15:51:01.599,-2.33
15:51:01.599,-2.533
15:51:01.599,-2.262
15:51:01.599,-2.03
15:51:01.599,-1.397
15:51:01.599,-1.077
15:51:01.599,-0.695
15:51:01.599,-0.422
15:51:01.599,-0.241
15:51:01.599,-0.159
15:51:01.615,0.137
15:51:01.615,-0.005
15:51:01.615,0.003
15:51:01.615,0.039
15:51:01.615,0.112
15:51:01.615,0.027
15:51:01.615,-0.221
15:51:01.615,0.032
15:51:01.615,0.146
15:51:01.615,0.242
15:51:01.615,0.494
15:51:01.615,0.745
15:51:01.615,1.046
15:51:01.615,1.109
15:51:01.615,1.257
15:51:01.615,2.558
15:51:01.615,3.387
15:51:01.615,3.181
15:51:01.615,1.792
15:51:01.615,1.737
15:51:01.615,3.076
15:51:01.615,4.003
15:51:01.631,4.217
15:51:01.631,4.562
15:51:01.631,4.589
15:51:01.631,3.987
15:51:01.631,4.085
15:51:01.631,4.486
15:51:01.631,4.437
15:51:01.631,4.695
15:51:01.631,4.498
15:51:01.631,4.54
15:51:01.631,4.002
15:51:01.631,3.943
15:51:01.631,3.912
15:51:01.631,3.69
15:51:01.631,3.73
15:51:01.631,3.993
15:51:01.631,4.046
15:51:01.631,4.01
15:51:01.631,4.046
15:51:01.631,4.235
15:51:01.631,5.12
15:51:01.647,5.28
15:51:01.647,5.355
15:51:01.647,4.224
15:51:01.647,3.817
15:51:01.647,4.667
15:51:01.647,5.412
15:51:01.647,5.799
15:51:01.647,5.512
15:51:01.647,5.651
15:51:01.647,5.753
15:51:01.647,5.228
15:51:01.647,4.842
15:51:01.647,4.805
15:51:01.647,4.962
15:51:01.647,4.705
15:51:01.647,4.569
15:51:01.647,4.421
15:51:01.647,4.157
15:51:01.647,3.843
15:51:01.647,3.984
15:51:01.647,3.87
15:51:01.647,3.706
15:51:01.647,3.374
15:51:01.647,3.446
15:51:01.662,3.407
15:51:01.662,3.108
15:51:01.662,3.001
15:51:01.662,3.344
15:51:01.662,3.49
15:51:01.662,2.929
15:51:01.662,2.368
15:51:01.662,2.256
15:51:01.662,2.487
15:51:01.662,1.966
15:51:01.662,1.637
15:51:01.662,0.851
15:51:01.662,1.128
15:51:01.662,0.696
15:51:01.662,0.374
15:51:01.662,0.348
15:51:01.662,0.38
15:51:01.662,0.329
15:51:01.662,-0.055
15:51:01.662,0.086
15:51:01.662,0.29
15:51:01.662,0.01
15:51:01.662,0.053
15:51:01.662,0.241
15:51:01.678,0.212
15:51:01.678,-0.037
15:51:01.678,-0.006
15:51:01.678,-0.265
15:51:01.678,-0.281
15:51:01.678,-0.592
15:51:01.678,-0.89
15:51:01.678,-0.823
15:51:01.678,-1.302
15:51:01.678,-2.28
15:51:01.678,-3.547
15:51:01.678,-2.847
15:51:01.678,-1.672
15:51:01.678,-1.716
15:51:01.678,-2.851
15:51:01.678,-3.814
15:51:01.678,-4.184
15:51:01.678,-4.459
15:51:01.678,-4.463
15:51:01.678,-4.267
15:51:01.678,-4.132
15:51:01.694,-4.128
15:51:01.694,-4.214
15:51:01.694,-4.335
15:51:01.694,-4.476
15:51:01.694,-4.501
15:51:01.694,-3.999
15:51:01.694,-3.811
15:51:01.694,-3.868
15:51:01.694,-3.6
15:51:01.694,-3.442
15:51:01.694,-3.999
15:51:01.694,-3.749
15:51:01.694,-3.822
15:51:01.694,-4.128
15:51:01.694,-4.107
15:51:01.694,-4.718
15:51:01.694,-5.09
15:51:01.694,-5.326
15:51:01.694,-4.628
15:51:01.694,-3.704
15:51:01.694,-3.719
15:51:01.694,-4.703
15:51:01.709,-5.625
15:51:01.709,-5.513
15:51:01.709,-5.646
15:51:01.709,-5.161
15:51:01.709,-5.186
15:51:01.709,-4.779
15:51:01.709,-4.947
15:51:01.709,-4.639
15:51:01.709,-4.678
15:51:01.709,-4.454
15:51:01.709,-4.188
15:51:01.709,-3.903
15:51:01.709,-3.724
15:51:01.709,-3.621
15:51:01.709,-3.602
15:51:01.709,-3.27
15:51:01.709,-3.217
15:51:01.722,-3.288
15:51:01.722,-3.127
15:51:01.722,-2.854
15:51:01.722,-3.097
15:51:01.722,-3.614
15:51:01.722,-3.217
15:51:01.725,-2.386
15:51:01.725,-2.441
15:51:01.725,-2.519
15:51:01.725,-2.318
15:51:01.725,-1.795
15:51:01.725,-1.592
15:51:01.725,-1.279
15:51:01.725,-0.768
15:51:01.725,-0.578
15:51:01.725,-0.316
15:51:01.725,-0.168
15:51:01.725,-0.1
15:51:01.725,-0.02
15:51:01.725,-0.06
15:51:01.725,-0.009
15:51:01.725,0.0
15:51:01.725,0.154
15:51:01.725,-0.132
15:51:01.725,-0.099
15:51:01.725,-0.087
15:51:01.725,0.07
15:51:01.725,0.153
15:51:01.725,0.246
15:51:01.725,0.579
15:51:01.741,0.802
15:51:01.741,1.084
15:51:01.741,0.885
15:51:01.741,1.908
15:51:01.741,2.883
15:51:01.741,3.334
15:51:01.741,2.108
15:51:01.741,2.044
15:51:01.741,2.81
15:51:01.741,4.029
15:51:01.741,4.611
15:51:01.741,4.636
15:51:01.741,4.486
15:51:01.741,4.262
15:51:01.741,3.944
15:51:01.741,4.34
15:51:01.741,4.426
15:51:01.741,4.662
15:51:01.741,4.639
15:51:01.741,4.565
15:51:01.741,4.535
15:51:01.741,4.097
15:51:01.741,3.918
15:51:01.757,3.711
15:51:01.757,3.769
15:51:01.757,3.944
15:51:01.757,4.059
15:51:01.757,3.798
15:51:01.757,4.076
15:51:01.757,4.126
15:51:01.757,4.122
15:51:01.757,4.194
15:51:01.757,5.237
15:51:01.757,5.599
15:51:01.757,5.128
15:51:01.757,4.114
15:51:01.757,3.745
15:51:01.757,4.418
15:51:01.757,5.652
15:51:01.757,5.612
15:51:01.757,5.58
15:51:01.757,5.478
15:51:01.757,5.119
15:51:01.757,5.056
15:51:01.757,4.856
15:51:01.757,4.761
15:51:01.773,4.843
15:51:01.773,4.679
15:51:01.773,4.211
15:51:01.773,4.087
15:51:01.773,3.951
15:51:01.773,3.706
15:51:01.773,3.741
15:51:01.773,3.525
15:51:01.773,3.297
15:51:01.773,3.341
15:51:01.773,3.462
15:51:01.773,2.868
15:51:01.773,3.16
15:51:01.773,3.792
15:51:01.773,2.733
15:51:01.773,2.327
15:51:01.773,2.298
15:51:01.773,2.267
15:51:01.773,1.986
15:51:01.773,1.826
15:51:01.773,1.546
15:51:01.773,1.066
15:51:01.773,0.541
15:51:01.789,0.398
15:51:01.790,0.271
15:51:01.790,0.392
15:51:01.790,0.114
15:51:01.790,0.09
15:51:01.790,0.059
15:51:01.790,0.053
15:51:01.790,0.042
15:51:01.790,0.074
15:51:01.790,0.109
15:51:01.790,0.404
15:51:01.790,0.087
15:51:01.790,-0.314
15:51:01.790,-0.216
15:51:01.790,-0.461
15:51:01.790,-0.547
15:51:01.790,-0.891
15:51:01.790,-0.93
15:51:01.790,-1.342
15:51:01.790,-2.895
15:51:01.790,-3.328
15:51:01.790,-2.518
15:51:01.790,-1.554
15:51:01.790,-2.646
15:51:01.805,-3.737
15:51:01.805,-4.019
15:51:01.805,-4.54
15:51:01.805,-4.645
15:51:01.809,-4.478
15:51:01.809,-4.139
15:51:01.809,-4.1
15:51:01.809,-4.193
15:51:01.809,-4.238
15:51:01.809,-4.682
15:51:01.809,-4.564
15:51:01.809,-4.137
15:51:01.809,-3.88
15:51:01.809,-3.616
15:51:01.809,-3.465
15:51:01.809,-3.738
15:51:01.809,-3.626
15:51:01.809,-3.774
15:51:01.809,-4.175
15:51:01.809,-4.012
15:51:01.809,-4.548
15:51:01.809,-5.353
15:51:01.809,-5.413
15:51:01.821,-4.185
15:51:01.821,-3.793
15:51:01.821,-4.242
15:51:01.821,-4.972
15:51:01.821,-5.288
15:51:01.821,-5.455
15:51:01.821,-5.438
15:51:01.821,-5.014
15:51:01.821,-5.135
15:51:01.821,-4.899
15:51:01.821,-4.777
15:51:01.821,-4.835
15:51:01.821,-4.665
15:51:01.821,-4.314
15:51:01.821,-3.904
15:51:01.821,-3.89
15:51:01.821,-3.637
15:51:01.821,-3.696
15:51:01.821,-3.532
15:51:01.821,-3.197
15:51:01.821,-3.364
15:51:01.821,-3.329
15:51:01.821,-2.846
15:51:01.837,-2.798
15:51:01.837,-3.486
15:51:01.837,-3.471
15:51:01.837,-2.605
15:51:01.837,-2.191
15:51:01.837,-2.204
15:51:01.841,-1.989
15:51:01.841,-1.716
15:51:01.841,-1.384
15:51:01.841,-0.937
15:51:01.841,-0.45
15:51:01.841,-0.269
15:51:01.841,-0.273
15:51:01.841,-0.146
15:51:01.841,0.013
15:51:01.841,-0.195
15:51:01.841,0.082
15:51:01.841,0.016
15:51:01.841,-0.037
15:51:01.841,0.025
15:51:01.841,-0.054
15:51:01.841,-0.044
15:51:01.841,-0.144
15:51:01.853,-0.057
15:51:01.853,0.054
15:51:01.853,0.238
15:51:01.853,0.296
15:51:01.853,0.496
15:51:01.853,1.233
15:51:01.853,0.89
15:51:01.853,1.102
15:51:01.853,2.523
15:51:01.853,3.331
15:51:01.853,2.93
15:51:01.853,1.848
15:51:01.853,1.724
15:51:01.853,2.683
15:51:01.853,3.653
15:51:01.853,4.31
15:51:01.853,4.518
15:51:01.853,4.87
15:51:01.853,4.598
15:51:01.853,4.068
15:51:01.853,4.165
15:51:01.853,4.328
15:51:01.869,4.343
15:51:01.869,4.615
15:51:01.869,4.642
15:51:01.869,4.593
15:51:01.869,4.249
15:51:01.869,4.277
15:51:01.869,3.683
15:51:01.869,3.653
15:51:01.869,3.739
15:51:01.869,3.845
15:51:01.869,3.818
15:51:01.869,4.085
15:51:01.869,4.222
15:51:01.869,4.13
15:51:01.869,4.486
15:51:01.869,5.515
15:51:01.869,5.069
15:51:01.869,3.864
15:51:01.869,4.354
15:51:01.869,5.031
15:51:01.869,5.401
15:51:01.885,5.639
15:51:01.885,5.637
15:51:01.885,5.5
15:51:01.885,5.125
15:51:01.885,4.854
15:51:01.885,4.891
15:51:01.885,4.603
15:51:01.885,4.506
15:51:01.885,4.34
15:51:01.885,4.018
15:51:01.885,3.857
15:51:01.885,3.942
15:51:01.885,3.528
15:51:01.885,3.463
15:51:01.885,3.446
15:51:01.885,3.512
15:51:01.885,3.0
15:51:01.885,3.13
15:51:01.885,3.528
15:51:01.885,3.302
15:51:01.885,2.408
15:51:01.901,2.302
15:51:01.901,2.511
15:51:01.901,2.19
15:51:01.901,1.985
15:51:01.901,1.414
15:51:01.901,0.867
15:51:01.901,0.477
15:51:01.908,0.194
15:51:01.908,0.582
15:51:01.908,0.234
15:51:01.911,0.228
15:51:01.911,0.159
15:51:01.911,0.007
15:51:01.911,0.14
15:51:01.915,0.023
15:51:01.915,0.121
15:51:01.915,0.246
15:51:01.917,-0.016
15:51:01.917,-0.003
15:51:01.917,0.094
15:51:01.917,-0.216
15:51:01.917,-0.421
15:51:01.917,-0.426
15:51:01.917,-1.008
15:51:01.917,-0.87
15:51:01.917,-0.833
15:51:01.917,-1.898
15:51:01.917,-3.536
15:51:01.917,-3.022
15:51:01.917,-2.062
15:51:01.917,-1.847
15:51:01.917,-3.012
15:51:01.917,-3.777
15:51:01.917,-4.138
15:51:01.917,-4.591
15:51:01.917,-4.6
15:51:01.932,-4.099
15:51:01.932,-4.03
15:51:01.932,-4.145
15:51:01.932,-4.403
15:51:01.932,-4.332
15:51:01.932,-4.497
15:51:01.932,-4.484
15:51:01.932,-4.36
15:51:01.932,-3.835
15:51:01.932,-3.876
15:51:01.932,-3.531
15:51:01.932,-3.578
15:51:01.932,-3.735
15:51:01.932,-3.741
15:51:01.932,-3.757
15:51:01.932,-3.899
15:51:01.932,-4.063
15:51:01.932,-3.981
15:51:01.948,-4.268
15:51:01.948,-5.467
15:51:01.948,-5.34
15:51:01.948,-4.322
15:51:01.948,-3.682
15:51:01.948,-4.32
15:51:01.948,-5.403
15:51:01.948,-5.533
15:51:01.948,-5.692
15:51:01.948,-5.336
15:51:01.948,-5.035
15:51:01.948,-4.822
15:51:01.948,-4.864
15:51:01.948,-4.655
15:51:01.948,-4.742
15:51:01.948,-4.484
15:51:01.948,-4.1
15:51:01.948,-3.837
15:51:01.948,-3.685
15:51:01.948,-3.733
15:51:01.948,-3.503
15:51:01.948,-3.344
15:51:01.964,-3.289
15:51:01.964,-3.345
15:51:01.964,-2.94
15:51:01.964,-2.785
15:51:01.964,-3.094
15:51:01.964,-3.582
15:51:01.964,-3.322
15:51:01.964,-2.503
15:51:01.964,-2.301
15:51:01.964,-2.2
15:51:01.964,-2.011
15:51:01.964,-1.806
15:51:01.964,-1.408
15:51:01.964,-0.873
15:51:01.964,-0.592
15:51:01.964,-0.382
15:51:01.964,-0.269
15:51:01.964,-0.187
15:51:01.964,0.04
15:51:01.964,-0.169
15:51:01.980,0.008
15:51:01.980,0.126
15:51:01.980,0.045
15:51:01.980,-0.024
15:51:01.980,-0.245
15:51:01.980,-0.01
15:51:01.980,-0.025
15:51:01.984,0.152
15:51:01.984,0.242
15:51:01.984,0.476
15:51:01.984,0.817
15:51:01.984,0.908
15:51:01.984,1.135
15:51:01.984,1.762
15:51:01.984,3.169
15:51:01.984,3.407
15:51:01.984,2.34
15:51:01.984,1.706
15:51:01.984,2.508
15:51:01.984,3.259
15:51:01.984,3.818
15:51:01.984,4.073
15:51:01.996,4.606
15:51:01.996,4.987
15:51:01.996,4.502
15:51:01.996,4.042
15:51:01.996,4.197
15:51:01.996,4.358
15:51:01.996,4.457
15:51:01.996,4.811
15:51:01.996,4.564
15:51:01.996,4.609
15:51:01.996,4.34
15:51:01.996,4.071
15:51:01.996,3.83
15:51:01.996,3.64
15:51:01.996,3.655
15:51:01.996,3.881
15:51:01.996,3.799
15:51:01.996,3.858
15:51:01.996,4.043
15:51:01.996,4.095
15:51:01.996,4.136
15:51:01.996,4.328
15:51:01.996,5.057
15:51:01.996,5.495
15:51:02.012,4.441
15:51:02.014,3.669
15:51:02.014,4.066
15:51:02.014,5.133
15:51:02.014,5.681
15:51:02.014,5.568
15:51:02.014,5.708
15:51:02.014,5.467
15:51:02.014,5.348
15:51:02.014,5.219
15:51:02.014,4.896
15:51:02.014,4.785
15:51:02.014,4.898
15:51:02.014,4.709
15:51:02.014,4.271
15:51:02.014,4.157
15:51:02.014,3.831
15:51:02.014,3.866
15:51:02.014,3.759
15:51:02.014,3.568
15:51:02.014,3.208
15:51:02.028,3.567
15:51:02.028,3.413
15:51:02.028,2.983
15:51:02.028,3.073
15:51:02.028,3.383
15:51:02.028,3.622
15:51:02.028,3.348
15:51:02.028,2.613
15:51:02.028,2.203
15:51:02.028,2.365
15:51:02.028,2.143
15:51:02.028,2.081
15:51:02.028,1.605
15:51:02.028,0.914
15:51:02.028,0.677
15:51:02.028,0.522
15:51:02.028,0.355
15:51:02.028,0.41
15:51:02.028,0.07
15:51:02.028,0.037
15:51:02.028,0.029
15:51:02.028,0.027
15:51:02.043,0.264
15:51:02.043,0.185
15:51:02.043,0.095
15:51:02.043,0.084
15:51:02.043,-0.147
15:51:02.043,-0.169
15:51:02.043,-0.401
15:51:02.043,-0.653
15:51:02.043,-0.751
15:51:02.043,-1.026
15:51:02.043,-0.995
15:51:02.043,-3.243
15:51:02.043,-3.518
15:51:02.043,-2.261
15:51:02.043,-1.999
15:51:02.043,-3.135
15:51:02.043,-3.692
15:51:02.043,-4.251
15:51:02.043,-4.607
15:51:02.043,-4.691
15:51:02.043,-4.092
15:51:02.043,-4.006
15:51:02.059,-4.041
15:51:02.059,-4.377
15:51:02.059,-4.411
15:51:02.059,-4.514
15:51:02.059,-4.418
15:51:02.059,-4.343
15:51:02.059,-3.958
15:51:02.059,-3.932
15:51:02.059,-3.636
15:51:02.059,-3.599
15:51:02.059,-3.766
15:51:02.059,-4.026
15:51:02.059,-3.482
15:51:02.059,-3.589
15:51:02.059,-4.157
15:51:02.059,-4.09
15:51:02.059,-4.188
15:51:02.059,-4.446
15:51:02.059,-5.038
15:51:02.059,-5.497
15:51:02.059,-5.298
15:51:02.059,-3.625
15:51:02.059,-3.942
15:51:02.076,-4.894
15:51:02.077,-5.523
15:51:02.077,-5.597
15:51:02.077,-5.551
15:51:02.077,-5.24
15:51:02.077,-5.351
15:51:02.077,-4.803
15:51:02.077,-4.736
15:51:02.077,-4.826
15:51:02.077,-4.506
15:51:02.077,-3.93
15:51:02.077,-3.797
15:51:02.077,-3.747
15:51:02.077,-3.676
15:51:02.077,-3.305
15:51:02.077,-3.114
15:51:02.077,-3.33
15:51:02.077,-3.318
15:51:02.077,-2.917
15:51:02.077,-2.944
15:51:02.077,-3.323
15:51:02.200,-3.101
15:51:02.200,-2.897
15:51:02.216,-2.428
15:51:02.216,-2.41
15:51:02.216,-2.118
15:51:02.216,-2.088
15:51:02.216,-1.473
15:51:02.216,-1.226
15:51:02.216,-0.77
15:51:02.216,-0.289
15:51:02.216,-0.478
15:51:02.216,-0.296
15:51:02.216,-0.24
15:51:02.216,-0.086
15:51:02.216,-0.288
15:51:02.216,-0.246
15:51:02.216,-0.006
15:51:02.216,0.004
15:51:02.216,0.152
15:51:02.216,0.117
15:51:02.216,-0.082
15:51:02.216,-0.181
15:51:02.216,-0.068
15:51:02.231,0.039
15:51:02.231,0.157
15:51:02.231,0.469
15:51:02.231,0.775
15:51:02.231,0.96
15:51:02.231,1.172
15:51:02.231,2.508
15:51:02.231,3.648
15:51:02.231,2.707
15:51:02.231,1.502
15:51:02.231,2.341
15:51:02.231,3.223
15:51:02.231,4.131
15:51:02.231,4.448
15:51:02.231,5.01
15:51:02.231,4.643
15:51:02.231,4.099
15:51:02.231,4.111
15:51:02.231,4.272
15:51:02.231,4.417
15:51:02.231,4.49
15:51:02.231,4.694
15:51:02.247,4.514
15:51:02.247,4.469
15:51:02.247,4.334
15:51:02.247,4.166
15:51:02.247,3.536
15:51:02.247,3.75
15:51:02.247,4.073
15:51:02.247,3.721
15:51:02.247,3.912
15:51:02.247,4.153
15:51:02.247,4.213
15:51:02.247,4.073
15:51:02.247,4.702
15:51:02.247,5.539
15:51:02.247,5.061
15:51:02.247,3.747
15:51:02.247,4.405
15:51:02.247,5.568
15:51:02.247,5.607
15:51:02.247,5.703
15:51:02.247,5.554
15:51:02.263,5.289
15:51:02.263,4.853
15:51:02.263,4.964
15:51:02.263,4.941
15:51:02.263,4.554
15:51:02.263,4.281
15:51:02.263,4.096
15:51:02.263,3.956
15:51:02.263,3.882
15:51:02.270,3.683
15:51:02.270,3.564
15:51:02.270,3.334
15:51:02.270,3.15
15:51:02.270,3.369
15:51:02.274,3.191
15:51:02.274,2.916
15:51:02.274,3.276
15:51:02.274,3.603
15:51:02.274,3.15
15:51:02.274,2.65
15:51:02.279,2.18
15:51:02.279,2.453
15:51:02.279,2.302
15:51:02.279,1.944
15:51:02.279,1.61
15:51:02.282,0.865
15:51:02.282,0.675
15:51:02.282,0.448
15:51:02.282,0.43
15:51:02.282,0.433
15:51:02.282,0.167
15:51:02.282,-0.016
15:51:02.282,0.042
15:51:02.282,0.073
15:51:02.282,0.192
15:51:02.282,0.088
15:51:02.282,0.305
15:51:02.282,0.245
15:51:02.282,0.171
15:51:02.282,-0.072
15:51:02.282,-0.059
15:51:02.295,-0.171
15:51:02.295,-0.529
15:51:02.295,-0.636
15:51:02.295,-0.88
15:51:02.295,-1.163
15:51:02.295,-1.431
15:51:02.295,-2.654
15:51:02.295,-3.444
15:51:02.295,-1.787
15:51:02.295,-2.034
15:51:02.295,-2.963
15:51:02.295,-3.841
15:51:02.295,-3.965
15:51:02.295,-4.262
15:51:02.295,-4.803
15:51:02.295,-4.685
15:51:02.295,-4.0
15:51:02.295,-4.082
15:51:02.295,-4.123
15:51:02.295,-4.494
15:51:02.295,-4.653
15:51:02.311,-4.437
15:51:02.311,-4.424
15:51:02.311,-4.21
15:51:02.311,-3.898
15:51:02.311,-3.593
15:51:02.311,-3.514
15:51:02.311,-3.701
15:51:02.311,-3.867
15:51:02.311,-3.639
15:51:02.311,-3.798
15:51:02.311,-4.054
15:51:02.311,-4.041
15:51:02.311,-4.066
15:51:02.311,-5.007
15:51:02.311,-5.44
15:51:02.311,-4.165
15:51:02.311,-3.657
15:51:02.311,-4.98
15:51:02.311,-5.371
15:51:02.311,-5.436
15:51:02.311,-5.49
15:51:02.311,-5.223
15:51:02.327,-5.211
15:51:02.327,-4.888
15:51:02.327,-4.69
15:51:02.327,-4.663
15:51:02.327,-4.879
15:51:02.327,-4.335
15:51:02.327,-3.83
15:51:02.327,-3.82
15:51:02.327,-3.751
15:51:02.327,-3.91
15:51:02.327,-3.681
15:51:02.327,-3.46
15:51:02.327,-3.215
15:51:02.327,-3.296
15:51:02.327,-3.358
15:51:02.327,-2.917
15:51:02.327,-2.847
15:51:02.327,-3.361
15:51:02.327,-3.554
15:51:02.327,-2.266
15:51:02.327,-2.553
15:51:02.343,-2.326
15:51:02.343,-1.997
15:51:02.343,-1.876
15:51:02.343,-1.649
15:51:02.343,-1.12
15:51:02.343,-0.645
15:51:02.343,-0.412
15:51:02.343,-0.253
15:51:02.343,-0.285
15:51:02.343,-0.24
15:51:02.343,-0.256
15:51:02.343,-0.146
15:51:02.343,-0.055
15:51:02.343,0.087
15:51:02.343,0.164
15:51:02.343,-0.055
15:51:02.343,-0.101
15:51:02.343,0.014
15:51:02.343,-0.013
15:51:02.343,0.187
15:51:02.343,0.32
15:51:02.343,0.684
15:51:02.358,0.902
15:51:02.358,1.028
15:51:02.358,1.197
15:51:02.358,2.556
15:51:02.358,3.393
15:51:02.358,2.694
15:51:02.358,1.707
15:51:02.358,2.684
15:51:02.358,3.807
15:51:02.358,4.36
15:51:02.358,4.377
15:51:02.358,4.767
15:51:02.358,4.492
15:51:02.358,4.002
15:51:02.358,4.173
15:51:02.358,4.422
15:51:02.358,4.361
15:51:02.358,4.57
15:51:02.358,4.593
15:51:02.358,4.573
15:51:02.374,4.403
15:51:02.376,4.103
15:51:02.376,3.978
15:51:02.376,3.921
15:51:02.376,3.623
15:51:02.376,3.873
15:51:02.376,3.91
15:51:02.376,3.824
15:51:02.376,3.937
15:51:02.376,4.201
15:51:02.376,4.287
15:51:02.376,4.511
15:51:02.376,5.016
15:51:02.376,5.578
15:51:02.376,4.95
15:51:02.376,4.271
15:51:02.376,3.766
15:51:02.376,4.624
15:51:02.376,5.342
15:51:02.376,5.508
15:51:02.376,5.667
15:51:02.390,5.233
15:51:02.390,5.253
15:51:02.390,5.285
15:51:02.390,4.963
15:51:02.390,4.579
15:51:02.390,4.96
15:51:02.390,4.546
15:51:02.390,4.367
15:51:02.390,4.007
15:51:02.390,3.918
15:51:02.390,3.93
15:51:02.390,3.477
15:51:02.390,3.727
15:51:02.390,3.541
15:51:02.390,3.401
15:51:02.390,3.2
15:51:02.390,3.198
15:51:02.390,3.586
15:51:02.390,3.244
15:51:02.390,3.165
15:51:02.390,2.565
15:51:02.390,1.955
15:51:02.406,2.486
15:51:02.438,2.152
15:51:02.438,1.686
15:51:02.447,1.304
15:51:02.448,1.065
15:51:02.448,0.731
15:51:02.448,0.511
15:51:02.448,0.432
15:51:02.451,0.375
15:51:02.451,0.175
15:51:02.453,0.067
15:51:02.453,0.099
15:51:02.456,0.049
15:51:02.456,0.062
15:51:02.456,0.228
15:51:02.456,0.135
15:51:02.456,0.176
15:51:02.456,-0.022
15:51:02.456,0.05
15:51:02.456,-0.348
15:51:02.456,-0.53
15:51:02.456,-0.829
15:51:02.456,-0.965
15:51:02.456,-1.143
15:51:02.456,-2.366
15:51:02.456,-3.253
15:51:02.456,-2.14
15:51:02.456,-1.613
15:51:02.456,-2.895
15:51:02.456,-3.967
15:51:02.456,-4.222
15:51:02.469,-4.378
15:51:02.469,-4.599
15:51:02.469,-4.27
15:51:02.469,-4.171
15:51:02.469,-4.0
15:51:02.469,-4.074
15:51:02.469,-4.372
15:51:02.469,-4.462
15:51:02.469,-4.558
15:51:02.469,-4.391
15:51:02.469,-4.335
15:51:02.469,-3.967
15:51:02.469,-3.84
15:51:02.469,-3.624
15:51:02.469,-3.511
15:51:02.469,-3.717
15:51:02.469,-4.064
15:51:02.469,-3.474
15:51:02.469,-4.034
15:51:02.469,-4.209
15:51:02.469,-4.44
15:51:02.485,-5.539
15:51:02.485,-4.917
15:51:02.485,-3.546
15:51:02.485,-4.239
15:51:02.485,-4.769
15:51:02.485,-5.512
15:51:02.485,-5.598
15:51:02.485,-5.603
15:51:02.485,-5.263
15:51:02.485,-5.153
15:51:02.485,-4.858
15:51:02.485,-4.835
15:51:02.485,-4.617
15:51:02.485,-4.642
15:51:02.485,-4.084
15:51:02.485,-3.678
15:51:02.485,-3.823
15:51:02.485,-3.724
15:51:02.485,-3.405
15:51:02.485,-3.357
15:51:02.485,-3.452
15:51:02.501,-3.012
15:51:02.502,-2.887
15:51:02.502,-3.091
15:51:02.502,-3.455
15:51:02.502,-3.281
15:51:02.502,-2.608
15:51:02.502,-2.147
15:51:02.502,-2.255
15:51:02.502,-1.934
15:51:02.502,-1.729
15:51:02.502,-1.337
15:51:02.502,-0.726
15:51:02.502,-0.421
15:51:02.502,-0.559
15:51:02.502,-0.232
15:51:02.502,-0.143
15:51:02.502,0.087
15:51:02.502,-0.073
15:51:02.502,-0.138
15:51:02.502,0.076
15:51:02.502,0.063
15:51:02.517,-0.076
15:51:02.517,-0.144
15:51:02.517,-0.12
15:51:02.517,0.059
15:51:02.517,0.117
15:51:02.517,0.155
15:51:02.517,0.392
15:51:02.517,0.782
15:51:02.517,0.967
15:51:02.517,1.072
15:51:02.517,1.554
15:51:02.517,3.006
15:51:02.517,3.58
15:51:02.517,2.377
15:51:02.517,1.648
15:51:02.517,2.375
15:51:02.517,3.481
15:51:02.517,4.235
15:51:02.517,4.501
15:51:02.517,4.608
15:51:02.517,4.377
15:51:02.517,4.115
15:51:02.517,4.089
15:51:02.533,4.252
15:51:02.533,4.415
15:51:02.533,4.707
15:51:02.533,4.55
15:51:02.533,4.493
15:51:02.533,4.29
15:51:02.533,4.086
15:51:02.533,3.905
15:51:02.533,3.636
15:51:02.533,3.689
15:51:02.533,3.773
15:51:02.533,3.942
15:51:02.533,3.926
15:51:02.533,4.105
15:51:02.533,4.105
15:51:02.533,4.218
15:51:02.533,4.508
15:51:02.533,5.475
15:51:02.533,5.47
15:51:02.533,4.522
15:51:02.533,3.701
15:51:02.533,4.463
15:51:02.533,5.266
15:51:02.549,5.954
15:51:02.549,5.708
15:51:02.549,5.287
15:51:02.549,5.477
15:51:02.549,5.416
15:51:02.549,5.063
15:51:02.549,4.51
15:51:02.549,5.044
15:51:02.549,5.009
15:51:02.549,4.418
15:51:02.549,4.004
15:51:02.549,4.012
15:51:02.549,3.965
15:51:02.549,3.709
15:51:02.549,3.689
15:51:02.549,3.339
15:51:02.549,3.433
15:51:02.549,3.387
15:51:02.549,3.139
15:51:02.549,3.015
15:51:02.549,3.351
15:51:02.549,3.528
15:51:02.564,2.853
15:51:02.564,2.228
15:51:02.564,2.324
15:51:02.564,2.323
15:51:02.564,1.917
15:51:02.564,1.787
15:51:02.564,1.416
15:51:02.564,0.766
15:51:02.564,0.429
15:51:02.564,0.574
15:51:02.564,0.427
15:51:02.564,0.24
15:51:02.564,0.134
15:51:02.564,0.179
15:51:02.564,0.206
15:51:02.564,-0.04
15:51:02.564,0.218
15:51:02.564,0.078
15:51:02.564,0.022
15:51:02.564,0.135
15:51:02.564,0.104
15:51:02.564,0.005
15:51:02.564,-0.142
15:51:02.580,-0.132
15:51:02.580,-0.516
15:51:02.580,-0.75
15:51:02.580,-0.946
15:51:02.580,-1.486
15:51:02.580,-2.448
15:51:02.580,-3.52
15:51:02.580,-2.635
15:51:02.580,-1.562
15:51:02.580,-2.005
15:51:02.580,-2.899
15:51:02.580,-3.814
15:51:02.580,-4.031
15:51:02.580,-4.476
15:51:02.580,-4.895
15:51:02.580,-4.365
15:51:02.580,-4.048
15:51:02.580,-4.182
15:51:02.580,-4.233
15:51:02.580,-4.152
15:51:02.580,-4.501
15:51:02.580,-4.621
15:51:02.580,-4.38
15:51:02.580,-4.083
15:51:02.596,-3.83
15:51:02.596,-3.542
15:51:02.596,-3.518
15:51:02.596,-3.778
15:51:02.596,-3.62
15:51:02.596,-3.981
15:51:02.596,-4.048
15:51:02.596,-4.252
15:51:02.596,-4.792
15:51:02.596,-5.603
15:51:02.596,-5.042
15:51:02.596,-3.821
15:51:02.596,-4.041
15:51:02.596,-4.867
15:51:02.596,-5.54
15:51:02.596,-5.575
15:51:02.596,-5.513
15:51:02.596,-5.246
15:51:02.596,-4.997
15:51:02.596,-4.763
15:51:02.596,-4.799
15:51:02.596,-4.629
15:51:02.596,-4.464
15:51:02.596,-4.118
15:51:02.612,-3.872
15:51:02.612,-3.856
15:51:02.612,-3.599
15:51:02.612,-3.569
15:51:02.612,-3.371
15:51:02.612,-3.239
15:51:02.612,-3.085
15:51:02.612,-2.76
15:51:02.612,-3.417
15:51:02.612,-3.049
15:51:02.612,-2.407
15:51:02.612,-2.127
15:51:02.612,-2.439
15:51:02.612,-1.986
15:51:02.612,-1.653
15:51:02.612,-1.327
15:51:02.612,-0.905
15:51:02.612,-0.516
15:51:02.612,-0.411
15:51:02.612,-0.336
15:51:02.612,-0.098
15:51:02.612,-0.24
15:51:02.612,0.006
15:51:02.628,-0.091
15:51:02.628,-0.048
15:51:02.628,0.038
15:51:02.628,-0.023
15:51:02.628,-0.21
15:51:02.628,-0.023
15:51:02.628,0.091
15:51:02.628,0.614
15:51:02.628,0.618
15:51:02.628,0.905
15:51:02.628,1.113
15:51:02.628,1.169
15:51:02.628,2.268
15:51:02.628,3.511
15:51:02.628,3.062
15:51:02.628,1.462
15:51:02.628,2.817
15:51:02.628,3.969
15:51:02.628,4.347
15:51:02.628,4.635
15:51:02.628,4.651
15:51:02.628,4.355
15:51:02.628,4.041
15:51:02.644,4.259
15:51:02.644,4.311
15:51:02.644,4.56
15:51:02.644,4.768
15:51:02.644,4.542
15:51:02.644,4.369
15:51:02.644,4.052
15:51:02.644,3.583
15:51:02.644,3.851
15:51:02.644,3.925
15:51:02.644,3.944
15:51:02.644,4.122
15:51:02.644,4.264
15:51:02.644,4.614
15:51:02.644,5.642
15:51:02.644,5.116
15:51:02.644,4.637
15:51:02.644,3.81
15:51:02.644,4.157
15:51:02.644,4.576
15:51:02.644,5.555
15:51:02.644,5.639
15:51:02.644,5.718
15:51:02.644,5.788
15:51:02.659,5.321
15:51:02.659,5.143
15:51:02.659,5.012
15:51:02.659,5.034
15:51:02.659,4.907
15:51:02.659,4.758
15:51:02.659,4.705
15:51:02.659,4.229
15:51:02.659,4.077
15:51:02.659,3.982
15:51:02.659,3.843
15:51:02.659,3.716
15:51:02.659,3.711
15:51:02.659,3.482
15:51:02.659,3.464
15:51:02.659,3.328
15:51:02.659,3.066
15:51:02.659,3.201
15:51:02.659,3.734
15:51:02.659,3.185
15:51:02.659,2.545
15:51:02.659,2.252
15:51:02.659,2.225
15:51:02.659,2.139
15:51:02.675,1.794
15:51:02.675,1.222
15:51:02.675,0.735
15:51:02.675,0.397
15:51:02.675,0.356
15:51:02.675,0.385
15:51:02.675,-0.001
15:51:02.675,0.064
15:51:02.675,-0.068
15:51:02.675,0.063
15:51:02.675,0.132
15:51:02.675,0.113
15:51:02.675,0.154
15:51:02.675,0.162
15:51:02.675,0.154
15:51:02.675,0.009
15:51:02.675,-0.045
15:51:02.675,-0.273
15:51:02.675,-0.371
15:51:02.675,-0.382
15:51:02.675,-0.73
15:51:02.675,-1.159
15:51:02.675,-1.176
15:51:02.691,-2.325
15:51:02.691,-3.318
15:51:02.691,-2.797
15:51:02.691,-1.657
15:51:02.691,-2.1
15:51:02.691,-3.224
15:51:02.691,-3.917
15:51:02.691,-4.238
15:51:02.691,-4.634
15:51:02.691,-4.504
15:51:02.691,-4.094
15:51:02.691,-4.215
15:51:02.691,-4.339
15:51:02.691,-4.605
15:51:02.691,-4.486
15:51:02.691,-4.138
15:51:02.691,-3.855
15:51:02.691,-3.862
15:51:02.691,-3.564
15:51:02.691,-3.601
15:51:02.691,-3.8
15:51:02.691,-3.632
15:51:02.691,-3.716
15:51:02.706,-3.905
15:51:02.706,-4.084
15:51:02.706,-4.088
15:51:02.706,-4.866
15:51:02.706,-5.597
15:51:02.706,-5.157
15:51:02.706,-4.31
15:51:02.706,-3.812
15:51:02.706,-4.054
15:51:02.706,-5.05
15:51:02.706,-5.575
15:51:02.706,-5.402
15:51:02.706,-5.506
15:51:02.706,-5.278
15:51:02.706,-5.183
15:51:02.706,-4.999
15:51:02.706,-4.72
15:51:02.706,-4.538
15:51:02.706,-4.786
15:51:02.706,-4.382
15:51:02.706,-3.995
15:51:02.706,-3.89
15:51:02.706,-3.838
15:51:02.722,-3.531
15:51:02.722,-3.488
15:51:02.722,-3.328
15:51:02.722,-3.253
15:51:02.722,-3.372
15:51:02.722,-2.864
15:51:02.722,-3.223
15:51:02.722,-3.502
15:51:02.722,-3.313
15:51:02.722,-2.662
15:51:02.722,-2.096
15:51:02.722,-2.415
15:51:02.722,-2.305
15:51:02.722,-1.874
15:51:02.722,-1.444
15:51:02.722,-1.082
15:51:02.722,-0.851
15:51:02.722,-0.514
15:51:02.722,-0.387
15:51:02.722,-0.285
15:51:02.722,-0.272
15:51:02.722,-0.109
15:51:02.722,0.1
15:51:02.722,0.178
15:51:02.722,-0.027
15:51:02.738,0.132
15:51:02.738,-0.126
15:51:02.738,0.233
15:51:02.738,-0.39
15:51:02.738,-0.014
15:51:02.738,0.068
15:51:02.738,0.118
15:51:02.738,0.307
15:51:02.738,0.377
15:51:02.738,0.754
15:51:02.738,0.923
15:51:02.738,1.101
15:51:02.738,1.568
15:51:02.738,3.421
15:51:02.738,3.352
15:51:02.738,1.717
15:51:02.738,2.442
15:51:02.738,3.86
15:51:02.738,4.278
15:51:02.738,4.79
15:51:02.738,4.86
15:51:02.738,4.321
15:51:02.738,3.944
15:51:02.738,4.162
15:51:02.738,4.309
15:51:02.753,4.599
15:51:02.753,4.764
15:51:02.753,4.508
15:51:02.753,4.315
15:51:02.753,4.113
15:51:02.753,3.83
15:51:02.753,3.548
15:51:02.753,3.711
15:51:02.753,3.878
15:51:02.753,3.844
15:51:02.753,3.789
15:51:02.753,4.141
15:51:02.753,4.171
15:51:02.753,4.182
15:51:02.753,4.15
15:51:02.753,5.279
15:51:02.753,5.655
15:51:02.753,5.26
15:51:02.753,4.163
15:51:02.753,3.974
15:51:02.753,4.447
15:51:02.753,5.499
15:51:02.753,5.522
15:51:02.753,5.543
15:51:02.770,5.73
15:51:02.770,5.592
15:51:02.770,5.105
15:51:02.770,4.961
15:51:02.770,5.061
15:51:02.770,4.692
15:51:02.770,4.7
15:51:02.770,4.555
15:51:02.770,4.35
15:51:02.770,3.907
15:51:02.770,3.792
15:51:02.770,3.637
15:51:02.770,3.172
15:51:02.770,3.522
15:51:02.770,3.459
15:51:02.770,3.193
15:51:02.770,2.81
15:51:02.770,3.297
15:51:02.770,3.726
15:51:02.770,3.359
15:51:02.770,2.866
15:51:02.770,2.459
15:51:02.770,2.273
15:51:02.770,2.368
15:51:02.785,2.168
15:51:02.785,1.821
15:51:02.785,1.419
15:51:02.785,0.891
15:51:02.785,0.606
15:51:02.785,0.443
15:51:02.785,0.33
15:51:02.785,0.457
15:51:02.785,-0.019
15:51:02.785,0.02
15:51:02.785,0.038
15:51:02.785,0.08
15:51:02.785,0.249
15:51:02.785,0.104
15:51:02.785,0.264
15:51:02.785,0.231
15:51:02.785,-0.002
15:51:02.785,-0.295
15:51:02.785,-0.365
15:51:02.785,-0.628
15:51:02.785,-0.768
15:51:02.785,-0.897
15:51:02.785,-1.09
15:51:02.801,-2.234
15:51:02.801,-3.043
15:51:02.801,-2.869
15:51:02.801,-1.85
15:51:02.801,-2.121
15:51:02.801,-3.27
15:51:02.801,-3.967
15:51:02.801,-4.547
15:51:02.801,-4.527
15:51:02.801,-4.204
15:51:02.801,-4.16
15:51:02.801,-4.237
15:51:02.801,-4.28
15:51:02.801,-4.117
15:51:02.801,-4.575
15:51:02.801,-4.54
15:51:02.801,-4.359
15:51:02.801,-4.055
15:51:02.801,-3.815
15:51:02.801,-3.568
15:51:02.801,-3.528
15:51:02.801,-3.581
15:51:02.801,-3.692
15:51:02.801,-3.541
15:51:02.816,-3.967
15:51:02.816,-3.971
15:51:02.816,-4.013
15:51:02.816,-4.107
15:51:02.816,-4.804
15:51:02.816,-5.568
15:51:02.816,-5.033
15:51:02.816,-3.733
15:51:02.816,-4.136
15:51:02.816,-4.924
15:51:02.816,-5.166
15:51:02.816,-5.587
15:51:02.816,-5.463
15:51:02.816,-5.433
15:51:02.816,-5.249
15:51:02.816,-5.249
15:51:02.816,-4.845
15:51:02.816,-4.875
15:51:02.816,-4.876
15:51:02.816,-4.682
15:51:02.816,-4.559
15:51:02.816,-4.259
15:51:02.816,-3.982
15:51:02.816,-3.737
15:51:02.816,-3.64
15:51:02.832,-3.395
15:51:02.832,-3.111
15:51:02.832,-3.398
15:51:02.832,-3.351
15:51:02.832,-2.974
15:51:02.832,-2.841
15:51:02.832,-3.484
15:51:02.832,-2.929
15:51:02.832,-2.361
15:51:02.832,-2.151
15:51:02.832,-2.042
15:51:02.832,-1.729
15:51:02.832,-1.436
15:51:02.832,-1.098
15:51:02.832,-0.468
15:51:02.832,-0.346
15:51:02.832,-0.25
15:51:02.832,-0.373
15:51:02.832,0.04
15:51:02.832,0.195
15:51:02.832,0.011
15:51:02.848,-0.126
15:51:02.848,0.066
15:51:02.848,-0.028
15:51:02.848,0.035
15:51:02.848,-0.095
15:51:02.848,0.296
15:51:02.848,0.053
15:51:02.848,0.193
15:51:02.848,0.376
15:51:02.848,0.917
15:51:02.848,0.743
15:51:02.848,1.065
15:51:02.848,1.792
15:51:02.848,2.778
15:51:02.848,3.318
15:51:02.848,2.805
15:51:02.848,1.593
15:51:02.848,2.377
15:51:02.848,2.979
15:51:02.848,3.942
15:51:02.848,4.407
15:51:02.848,4.637
15:51:02.864,4.563
15:51:02.864,4.138
15:51:02.864,4.106
15:51:02.864,4.371
15:51:02.864,4.402
15:51:02.864,4.577
15:51:02.864,4.509
15:51:02.864,4.369
15:51:02.864,4.51
15:51:02.864,4.235
15:51:02.864,3.922
15:51:02.864,3.774
15:51:02.864,3.761
15:51:02.864,3.796
15:51:02.864,3.963
15:51:02.864,3.792
15:51:02.864,3.998
15:51:02.864,4.138
15:51:02.864,4.042
15:51:02.864,4.205
15:51:02.864,4.791
15:51:02.864,5.522
15:51:02.864,4.666
15:51:02.864,3.875
15:51:02.879,4.221
15:51:02.879,4.962
15:51:02.879,5.773
15:51:02.879,5.699
15:51:02.879,5.662
15:51:02.879,5.369
15:51:02.879,5.231
15:51:02.879,4.939
15:51:02.879,4.915
15:51:02.879,4.775
15:51:02.879,4.751
15:51:02.879,4.591
15:51:02.879,3.965
15:51:02.879,4.07
15:51:02.879,4.092
15:51:02.879,4.076
15:51:03.020,3.571
15:51:03.020,3.506
15:51:03.020,3.388
15:51:03.020,3.421
15:51:03.020,3.508
15:51:03.020,2.931
15:51:03.020,3.216
15:51:03.020,3.526
15:51:03.020,3.284
15:51:03.035,2.52
15:51:03.035,2.239
15:51:03.037,2.214
15:51:03.037,2.434
15:51:03.037,2.092
15:51:03.039,1.455
15:51:03.040,1.25
15:51:03.040,0.88
15:51:03.041,0.599
15:51:03.041,0.609
15:51:03.043,0.436
15:51:03.043,0.274
15:51:03.044,0.057
15:51:03.044,0.042
15:51:03.045,-0.029
15:51:03.045,-0.033
15:51:03.047,0.009
15:51:03.048,0.036
15:51:03.048,0.1
15:51:03.049,0.215
15:51:03.050,0.105
15:51:03.051,0.075
15:51:03.053,-0.087
15:51:03.053,-0.419
15:51:03.053,-0.196
15:51:03.053,-0.703
15:51:03.053,-0.983
15:51:03.053,-1.353
15:51:03.053,-2.764
15:51:03.053,-3.258
15:51:03.053,-2.748
15:51:03.053,-1.552
15:51:03.053,-2.255
15:51:03.053,-3.507
15:51:03.053,-4.008
15:51:03.053,-4.433
15:51:03.053,-4.647
15:51:03.053,-4.462
15:51:03.053,-4.035
15:51:03.053,-4.007
15:51:03.053,-4.087
15:51:03.053,-4.323
15:51:03.053,-4.389
15:51:03.053,-4.451
15:51:03.068,-4.579
15:51:03.068,-4.249
15:51:03.068,-3.794
15:51:03.068,-3.72
15:51:03.068,-3.616
15:51:03.068,-3.576
15:51:03.068,-3.888
15:51:03.068,-3.641
15:51:03.068,-3.797
15:51:03.068,-4.159
15:51:03.068,-4.011
15:51:03.068,-4.311
15:51:03.068,-5.211
15:51:03.068,-5.484
15:51:03.068,-4.679
15:51:03.068,-3.801
15:51:03.068,-3.974
15:51:03.068,-4.464
15:51:03.068,-5.441
15:51:03.068,-5.627
15:51:03.084,-5.577
15:51:03.085,-5.49
15:51:03.085,-5.248
15:51:03.085,-5.147
15:51:03.085,-5.022
15:51:03.085,-4.89
15:51:03.085,-4.692
15:51:03.085,-4.688
15:51:03.085,-4.345
15:51:03.085,-3.978
15:51:03.085,-3.792
15:51:03.085,-3.68
15:51:03.085,-3.61
15:51:03.085,-3.648
15:51:03.085,-3.503
15:51:03.085,-3.143
15:51:03.085,-3.276
15:51:03.085,-3.22
15:51:03.085,-2.914
15:51:03.085,-3.118
15:51:03.085,-3.612
15:51:03.085,-3.223
15:51:03.100,-1.752
15:51:03.100,-2.094
15:51:03.100,-2.52
15:51:03.100,-2.171
15:51:03.100,-1.69
15:51:03.100,-1.23
15:51:03.100,-0.728
15:51:03.100,-0.424
15:51:03.100,-0.263
15:51:03.100,-0.292
15:51:03.100,-0.081
15:51:03.100,-0.322
15:51:03.100,-0.124
15:51:03.100,0.126
15:51:03.100,-0.033
15:51:03.100,0.029
15:51:03.100,-0.01
15:51:03.100,-0.106
15:51:03.100,-0.089
15:51:03.100,0.083
15:51:03.100,0.024
15:51:03.100,0.295
15:51:03.116,0.467
15:51:03.116,0.568
15:51:03.116,0.786
15:51:03.116,0.934
15:51:03.116,1.135
15:51:03.116,1.509
15:51:03.116,3.408
15:51:03.116,3.461
15:51:03.116,2.203
15:51:03.116,1.729
15:51:03.116,3.39
15:51:03.116,4.268
15:51:03.116,4.308
15:51:03.116,4.841
15:51:03.116,4.559
15:51:03.116,4.131
15:51:03.132,4.076
15:51:03.132,4.18
15:51:03.132,4.389
15:51:03.132,4.419
15:51:03.132,4.653
15:51:03.132,4.781
15:51:03.132,4.403
15:51:03.132,4.143
15:51:03.132,3.986
15:51:03.132,3.989
15:51:03.132,3.917
15:51:03.132,3.53
15:51:03.132,3.998
15:51:03.132,3.795
15:51:03.132,4.034
15:51:03.132,4.25
15:51:03.132,4.252
15:51:03.132,5.459
15:51:03.132,5.216
15:51:03.132,3.788
15:51:03.132,3.738
15:51:03.132,4.592
15:51:03.147,5.405
15:51:03.147,5.794
15:51:03.147,5.894
15:51:03.147,5.35
15:51:03.147,5.167
15:51:03.147,5.14
15:51:03.147,5.038
15:51:03.147,4.762
15:51:03.147,4.757
15:51:03.147,4.572
15:51:03.147,4.069
15:51:03.147,3.857
15:51:03.147,3.842
15:51:03.147,3.811
15:51:03.147,3.66
15:51:03.147,3.205
15:51:03.147,3.312
15:51:03.147,3.295
15:51:03.147,3.059
15:51:03.147,3.14
15:51:03.147,3.523
15:51:03.147,3.25
15:51:03.147,2.328
15:51:03.147,2.334
15:51:03.163,2.395
15:51:03.163,2.345
15:51:03.163,1.766
15:51:03.163,1.413
15:51:03.163,0.867
15:51:03.163,0.448
15:51:03.163,0.441
15:51:03.163,0.317
15:51:03.163,0.38
15:51:03.163,0.221
15:51:03.163,0.023
15:51:03.163,0.138
15:51:03.163,0.187
15:51:03.163,0.03
15:51:03.163,0.023
15:51:03.163,0.175
15:51:03.163,0.135
15:51:03.163,0.07
15:51:03.163,0.151
15:51:03.163,0.096
15:51:03.163,-0.25
15:51:03.163,-0.585
15:51:03.163,-0.685
15:51:03.163,-0.862
15:51:03.163,-0.951
15:51:03.179,-1.525
15:51:03.179,-2.865
15:51:03.179,-3.393
15:51:03.179,-2.605
15:51:03.179,-1.861
15:51:03.179,-2.686
15:51:03.179,-4.023
15:51:03.179,-4.496
15:51:03.179,-4.571
15:51:03.179,-3.937
15:51:03.179,-3.967
15:51:03.179,-4.1
15:51:03.179,-4.529
15:51:03.179,-4.444
15:51:03.179,-4.544
15:51:03.179,-3.997
15:51:03.179,-3.877
15:51:03.179,-3.763
15:51:03.179,-3.551
15:51:03.179,-3.585
15:51:03.179,-3.767
15:51:03.179,-3.754
15:51:03.179,-3.833
15:51:03.179,-3.918
15:51:03.194,-4.106
15:51:03.194,-4.134
15:51:03.194,-4.572
15:51:03.194,-5.26
15:51:03.194,-5.335
15:51:03.194,-4.589
15:51:03.194,-3.725
15:51:03.194,-3.899
15:51:03.194,-4.911
15:51:03.194,-5.653
15:51:03.194,-5.552
15:51:03.194,-5.638
15:51:03.194,-5.17
15:51:03.194,-5.241
15:51:03.194,-5.053
15:51:03.194,-4.793
15:51:03.194,-4.649
15:51:03.194,-4.607
15:51:03.194,-4.628
15:51:03.194,-4.405
15:51:03.194,-3.9
15:51:03.194,-3.755
15:51:03.194,-3.7
15:51:03.194,-3.635
15:51:03.194,-3.533
15:51:03.210,-3.398
15:51:03.210,-3.247
15:51:03.210,-3.341
15:51:03.210,-3.078
15:51:03.210,-2.808
15:51:03.210,-3.322
15:51:03.210,-3.633
15:51:03.210,-2.575
15:51:03.210,-2.119
15:51:03.210,-2.381
15:51:03.210,-1.836
15:51:03.210,-1.582
15:51:03.210,-1.354
15:51:03.210,-0.848
15:51:03.210,-0.503
15:51:03.210,-0.305
15:51:03.210,-0.178
15:51:03.210,-0.318
15:51:03.210,0.0
15:51:03.210,0.098
15:51:03.210,0.015
15:51:03.226,0.056
15:51:03.226,-0.037
15:51:03.226,0.185
15:51:03.226,0.225
15:51:03.226,-0.242
15:51:03.226,-0.003
15:51:03.226,0.107
15:51:03.226,0.305
15:51:03.226,0.446
15:51:03.226,1.045
15:51:03.226,0.843
15:51:03.226,1.079
15:51:03.226,2.145
15:51:03.226,3.406
15:51:03.226,3.271
15:51:03.226,1.896
15:51:03.226,1.702
15:51:03.226,2.76
15:51:03.226,3.788
15:51:03.226,4.338
15:51:03.226,4.801
15:51:03.226,4.534
15:51:03.226,4.416
15:51:03.226,4.014
15:51:03.226,4.211
15:51:03.241,4.392
15:51:03.241,4.347
15:51:03.241,4.677
15:51:03.241,4.583
15:51:03.241,4.634
15:51:03.241,4.126
15:51:03.241,4.014
15:51:03.241,4.073
15:51:03.241,3.675
15:51:03.241,3.728
15:51:03.241,3.888
15:51:03.241,3.851
15:51:03.241,3.923
15:51:03.241,4.124
15:51:03.241,4.124
15:51:03.241,4.272
15:51:03.241,4.987
15:51:03.241,5.472
15:51:03.241,4.064
15:51:03.241,3.803
15:51:03.241,4.59
15:51:03.241,5.295
15:51:03.241,5.843
15:51:03.257,5.63
15:51:03.258,5.494
15:51:03.258,5.708
15:51:03.258,5.33
15:51:03.258,4.804
15:51:03.258,4.863
15:51:03.258,5.004
15:51:03.258,4.466
15:51:03.258,4.151
15:51:03.258,4.112
15:51:03.258,3.838
15:51:03.258,3.659
15:51:03.258,3.457
15:51:03.258,3.236
15:51:03.258,3.349
15:51:03.258,3.262
15:51:03.258,2.897
15:51:03.258,3.359
15:51:03.258,3.446
15:51:03.258,2.814
15:51:03.258,2.108
15:51:03.258,2.482
15:51:03.273,2.325
15:51:03.273,2.123
15:51:03.273,1.893
15:51:03.273,1.396
15:51:03.273,0.629
15:51:03.273,0.671
15:51:03.273,0.536
15:51:03.273,0.6
15:51:03.273,0.242
15:51:03.273,0.09
15:51:03.273,0.293
15:51:03.273,0.117
15:51:03.273,0.081
15:51:03.273,0.165
15:51:03.273,0.073
15:51:03.273,0.166
15:51:03.273,0.101
15:51:03.273,0.094
15:51:03.273,0.015
15:51:03.273,-0.055
15:51:03.273,-0.407
15:51:03.273,-0.625
15:51:03.273,-0.893
15:51:03.273,-0.859
15:51:03.288,-1.205
15:51:03.289,-2.007
15:51:03.289,-3.35
15:51:03.289,-2.764
15:51:03.289,-1.794
15:51:03.289,-2.228
15:51:03.289,-3.886
15:51:03.289,-4.332
15:51:03.289,-4.745
15:51:03.289,-4.165
15:51:03.289,-4.116
15:51:03.289,-4.109
15:51:03.289,-4.218
15:51:03.289,-4.539
15:51:03.289,-4.319
15:51:03.289,-4.049
15:51:03.289,-3.865
15:51:03.289,-3.546
15:51:03.289,-3.637
15:51:03.289,-3.525
15:51:03.289,-3.991
15:51:03.289,-3.614
15:51:03.289,-3.968
15:51:03.304,-4.047
15:51:03.304,-4.165
15:51:03.304,-5.612
15:51:03.304,-5.098
15:51:03.304,-3.574
15:51:03.304,-4.086
15:51:03.304,-5.427
15:51:03.304,-5.585
15:51:03.304,-5.648
15:51:03.304,-5.316
15:51:03.304,-5.242
15:51:03.304,-4.89
15:51:03.304,-4.673
15:51:03.304,-4.543
15:51:03.304,-4.563
15:51:03.304,-4.11
15:51:03.304,-3.832
15:51:03.304,-3.675
15:51:03.304,-3.753
15:51:03.304,-3.457
15:51:03.304,-3.243
15:51:03.304,-3.152
15:51:03.304,-3.351
15:51:03.304,-3.13
15:51:03.320,-2.925
15:51:03.320,-3.367
15:51:03.320,-3.162
15:51:03.320,-2.211
15:51:03.320,-2.521
15:51:03.320,-2.17
15:51:03.320,-1.529
15:51:03.320,-1.259
15:51:03.320,-0.591
15:51:03.320,-0.487
15:51:03.320,-0.351
15:51:03.320,-0.208
15:51:03.320,0.067
15:51:03.320,-0.061
15:51:03.320,0.077
15:51:03.320,0.067
15:51:03.320,0.102
15:51:03.320,-0.101
15:51:03.320,-0.049
15:51:03.320,-0.038
15:51:03.320,0.181
15:51:03.320,0.348
15:51:03.320,0.417
15:51:03.320,0.661
15:51:03.336,0.875
15:51:03.336,1.069
15:51:03.336,1.224
15:51:03.336,2.538
15:51:03.336,3.433
15:51:03.336,2.917
15:51:03.336,1.639
15:51:03.336,2.219
15:51:03.336,3.716
15:51:03.336,4.055
15:51:03.336,4.265
15:51:03.336,4.872
15:51:03.336,4.685
15:51:03.336,4.301
15:51:03.336,3.889
15:51:03.336,4.279
15:51:03.336,4.472
15:51:03.336,4.577
15:51:03.352,4.656
15:51:03.352,4.62
15:51:03.352,4.544
15:51:03.352,4.105
15:51:03.352,4.063
15:51:03.352,4.041
15:51:03.352,3.783
15:51:03.352,3.902
15:51:03.352,3.959
15:51:03.352,3.948
15:51:03.352,4.194
15:51:03.352,4.213
15:51:03.352,4.199
15:51:03.352,4.433
15:51:03.352,5.223
15:51:03.352,5.562
15:51:03.352,4.844
15:51:03.352,3.875
15:51:03.368,4.381
15:51:03.368,5.176
15:51:03.368,5.643
15:51:03.368,5.701
15:51:03.368,5.628
15:51:03.368,5.49
15:51:03.368,5.315
15:51:03.368,5.161
15:51:03.368,4.921
15:51:03.368,4.866
15:51:03.368,4.988
15:51:03.368,4.68
15:51:03.368,4.303
15:51:03.368,4.132
15:51:03.368,4.094
15:51:03.368,4.175
15:51:03.368,3.621
15:51:03.368,3.626
15:51:03.368,3.334
15:51:03.368,3.322
15:51:03.368,3.46
15:51:03.384,3.295
15:51:03.384,2.777
15:51:03.384,3.072
15:51:03.384,3.794
15:51:03.384,3.332
15:51:03.384,2.399
15:51:03.384,2.1
15:51:03.384,2.386
15:51:03.384,2.094
15:51:03.384,1.749
15:51:03.384,1.106
15:51:03.384,0.737
15:51:03.384,0.528
15:51:03.384,0.446
15:51:03.384,0.337
15:51:03.384,0.191
15:51:03.384,0.414
15:51:03.384,0.291
15:51:03.384,-0.055
15:51:03.384,0.086
15:51:03.384,0.148
15:51:03.384,0.18
15:51:03.384,0.182
15:51:03.399,-0.012
15:51:03.400,0.124
15:51:03.402,-0.179
15:51:03.403,-0.26
15:51:03.403,-0.45
15:51:03.403,-0.796
15:51:03.403,-0.926
15:51:03.407,-1.229
15:51:03.408,-2.978
15:51:03.408,-3.268
15:51:03.408,-1.806
15:51:03.408,-2.268
15:51:03.408,-3.684
15:51:03.408,-4.024
15:51:03.408,-4.305
15:51:03.408,-4.709
15:51:03.408,-4.435
15:51:03.415,-4.091
15:51:03.415,-3.974
15:51:03.415,-4.174
15:51:03.415,-4.222
15:51:03.415,-4.244
15:51:03.415,-4.683
15:51:03.415,-4.503
15:51:03.415,-4.464
15:51:03.415,-3.977
15:51:03.415,-3.829
15:51:03.415,-3.842
15:51:03.415,-3.576
15:51:03.415,-3.501
15:51:03.415,-3.742
15:51:03.415,-3.799
15:51:03.415,-3.713
15:51:03.415,-3.95
15:51:03.431,-4.028
15:51:03.431,-4.417
15:51:03.431,-4.928
15:51:03.431,-5.525
15:51:03.431,-5.206
15:51:03.431,-3.883
15:51:03.431,-3.565
15:51:03.431,-4.403
15:51:03.431,-5.13
15:51:03.431,-5.677
15:51:03.431,-5.622
15:51:03.431,-5.346
15:51:03.431,-5.241
15:51:03.431,-5.186
15:51:03.431,-4.986
15:51:03.431,-4.768
15:51:03.431,-4.646
15:51:03.431,-4.51
15:51:03.431,-4.527
15:51:03.431,-4.048
15:51:03.447,-3.931
15:51:03.447,-3.67
15:51:03.447,-3.468
15:51:03.447,-3.403
15:51:03.447,-3.3
15:51:03.447,-3.261
15:51:03.447,-3.388
15:51:03.447,-2.835
15:51:03.447,-3.188
15:51:03.447,-3.616
15:51:03.447,-3.366
15:51:03.447,-2.272
15:51:03.447,-2.299
15:51:03.447,-2.537
15:51:03.447,-1.971
15:51:03.447,-1.822
15:51:03.447,-1.419
15:51:03.447,-0.989
15:51:03.447,-0.61
15:51:03.463,-0.417
15:51:03.464,-0.268
15:51:03.464,-0.216
15:51:03.464,-0.085
15:51:03.464,-0.021
15:51:03.464,-0.045
15:51:03.464,-0.015
15:51:03.464,0.02
15:51:03.464,0.035
15:51:03.464,-0.174
15:51:03.464,-0.057
15:51:03.464,-0.082
15:51:03.464,0.004
15:51:03.464,0.127
15:51:03.464,0.409
15:51:03.464,0.493
15:51:03.464,0.709
15:51:03.464,0.964
15:51:03.464,1.182
15:51:03.464,2.119
15:51:03.464,2.844
15:51:03.479,3.493
15:51:03.479,2.611
15:51:03.479,1.787
15:51:03.479,2.702
15:51:03.479,3.506
15:51:03.479,4.283
15:51:03.479,4.576
15:51:03.479,4.709
15:51:03.479,4.411
15:51:03.479,4.082
15:51:03.479,4.045
15:51:03.479,4.598
15:51:03.479,4.317
15:51:03.479,4.455
15:51:03.479,4.538
15:51:03.479,4.09
15:51:03.479,3.937
15:51:03.479,3.717
15:51:03.479,3.774
15:51:03.479,3.809
15:51:03.479,3.891
15:51:03.479,3.91
15:51:03.479,4.011
15:51:03.495,4.075
15:51:03.495,4.202
15:51:03.495,4.318
15:51:03.495,5.09
15:51:03.495,5.609
15:51:03.495,5.214
15:51:03.495,4.093
15:51:03.495,4.31
15:51:03.495,5.64
15:51:03.495,5.536
15:51:03.495,5.254
15:51:03.495,5.163
15:51:03.495,4.935
15:51:03.495,4.908
15:51:03.495,4.775
15:51:03.495,4.821
15:51:03.495,4.464
15:51:03.495,3.839
15:51:03.495,3.873
15:51:03.495,3.86
15:51:03.495,3.828
15:51:03.495,3.567
15:51:03.495,3.315
15:51:03.495,3.31
15:51:03.511,3.285
15:51:03.511,2.958
15:51:03.511,3.402
15:51:03.511,3.668
15:51:03.511,3.15
15:51:03.511,2.518
15:51:03.511,2.336
15:51:03.511,2.327
15:51:03.511,2.221
15:51:03.511,1.954
15:51:03.511,1.788
15:51:03.511,1.519
15:51:03.511,0.983
15:51:03.511,0.639
15:51:03.511,0.537
15:51:03.511,0.354
15:51:03.511,0.16
15:51:03.511,0.103
15:51:03.511,0.144
15:51:03.511,-0.036
15:51:03.511,0.283
15:51:03.511,0.204
15:51:03.527,0.009
15:51:03.527,0.157
15:51:03.527,0.281
15:51:03.527,0.073
15:51:03.527,-0.019
15:51:03.527,-0.201
15:51:03.527,-0.628
15:51:03.527,-0.907
15:51:03.527,-1.033
15:51:03.527,-2.472
15:51:03.527,-3.291
15:51:03.527,-3.182
15:51:03.527,-1.777
15:51:03.527,-1.544
15:51:03.527,-3.049
15:51:03.527,-4.082
15:51:03.527,-4.186
15:51:03.527,-4.627
15:51:03.527,-4.622
15:51:03.527,-4.026
15:51:03.527,-4.016
15:51:03.527,-4.372
15:51:03.543,-4.263
15:51:03.543,-4.24
15:51:03.543,-4.492
15:51:03.543,-4.457
15:51:03.543,-4.216
15:51:03.543,-3.899
15:51:03.543,-3.802
15:51:03.543,-3.656
15:51:03.543,-3.66
15:51:03.543,-3.62
15:51:03.543,-3.676
15:51:03.543,-3.752
15:51:03.543,-3.992
15:51:03.543,-4.045
15:51:03.543,-4.119
15:51:03.543,-4.348
15:51:03.543,-5.058
15:51:03.543,-5.412
15:51:03.543,-4.876
15:51:03.543,-3.677
15:51:03.543,-4.123
15:51:03.543,-4.939
15:51:03.543,-5.566
15:51:03.559,-5.432
15:51:03.559,-5.541
15:51:03.559,-5.376
15:51:03.559,-5.027
15:51:03.559,-5.083
15:51:03.559,-4.98
15:51:03.559,-4.541
15:51:03.559,-4.586
15:51:03.559,-4.242
15:51:03.559,-3.847
15:51:03.559,-3.746
15:51:03.559,-3.779
15:51:03.559,-3.631
15:51:03.559,-3.265
15:51:03.559,-3.261
15:51:03.559,-3.419
15:51:03.559,-2.9
15:51:03.559,-2.98
15:51:03.559,-3.475
15:51:03.559,-2.315
15:51:03.559,-2.343
15:51:03.559,-2.274
15:51:03.559,-2.212
15:51:03.559,-1.559
15:51:03.575,-1.676
15:51:03.575,-1.071
15:51:03.575,-0.766
15:51:03.575,-0.523
15:51:03.575,-0.264
15:51:03.575,-0.24
15:51:03.575,-0.133
15:51:03.575,-0.289
15:51:03.575,-0.034
15:51:03.575,-0.066
15:51:03.575,-0.019
15:51:03.575,-0.016
15:51:03.575,0.189
15:51:03.575,-0.029
15:51:03.575,0.029
15:51:03.575,-0.095
15:51:03.575,0.013
15:51:03.575,0.198
15:51:03.575,0.466
15:51:03.575,0.923
15:51:03.575,1.178
15:51:03.575,0.946
15:51:03.575,1.992
15:51:03.575,3.182
15:51:03.591,3.327
15:51:03.591,2.539
15:51:03.591,1.774
15:51:03.591,1.986
15:51:03.591,3.61
15:51:03.591,4.56
15:51:03.591,4.7
15:51:03.591,4.259
15:51:03.591,4.104
15:51:03.591,4.244
15:51:03.591,4.368
15:51:03.591,4.468
15:51:03.591,4.495
15:51:03.591,4.571
15:51:03.591,4.455
15:51:03.591,4.062
15:51:03.591,3.819
15:51:03.591,3.682
15:51:03.591,3.893
15:51:03.591,3.751
15:51:03.591,3.911
15:51:03.591,4.112
15:51:03.591,4.059
15:51:03.591,4.136
15:51:03.591,4.81
15:51:03.607,5.228
15:51:03.607,5.43
15:51:03.607,3.942
15:51:03.607,3.869
15:51:03.607,4.508
15:51:03.607,5.56
15:51:03.607,5.593
15:51:03.607,5.638
15:51:03.607,5.531
15:51:03.607,5.387
15:51:03.607,5.207
15:51:03.607,4.839
15:51:03.607,5.057
15:51:03.607,4.927
15:51:03.607,4.591
15:51:03.607,4.192
15:51:03.607,4.158
15:51:03.607,3.778
15:51:03.607,4.013
15:51:03.607,3.626
15:51:03.607,3.357
15:51:03.607,3.295
15:51:03.607,3.488
15:51:03.607,3.283
15:51:03.622,3.015
15:51:03.622,3.132
15:51:03.622,3.561
15:51:03.622,3.43
15:51:03.622,2.24
15:51:03.622,2.297
15:51:03.622,2.43
15:51:03.622,2.307
15:51:03.622,2.011
15:51:03.622,1.803
15:51:03.622,1.427
15:51:03.622,0.887
15:51:03.622,0.528
15:51:03.622,0.437
15:51:03.622,0.326
15:51:03.622,0.3
15:51:03.622,0.438
15:51:03.622,0.206
15:51:03.622,0.214
15:51:03.622,0.052
15:51:03.622,0.22
15:51:03.638,0.199
15:51:03.638,0.027
15:51:03.638,-0.143
15:51:03.638,-0.095
15:51:03.638,-0.266
15:51:03.638,-0.466
15:51:03.638,-1.015
15:51:03.638,-1.202
15:51:03.638,-1.506
15:51:03.638,-2.867
15:51:03.638,-3.374
15:51:03.638,-2.469
15:51:03.638,-1.776
15:51:03.638,-2.233
15:51:03.638,-3.23
15:51:03.638,-4.006
15:51:03.638,-4.475
15:51:03.638,-4.785
15:51:03.638,-4.05
15:51:03.638,-3.888
15:51:03.638,-4.277
15:51:03.638,-4.46
15:51:03.654,-4.545
15:51:03.654,-4.48
15:51:03.654,-4.379
15:51:03.654,-3.939
15:51:03.654,-3.84
15:51:03.654,-3.412
15:51:03.654,-3.652
15:51:03.654,-3.686
15:51:03.654,-3.682
15:51:03.654,-3.633
15:51:03.654,-3.996
15:51:03.654,-4.081
15:51:03.654,-4.043
15:51:03.654,-4.713
15:51:03.654,-5.357
15:51:03.654,-5.527
15:51:03.654,-4.827
15:51:03.654,-3.678
15:51:03.654,-4.077
15:51:03.654,-5.266
15:51:03.654,-5.389
15:51:03.654,-5.481
15:51:03.654,-5.464
15:51:03.654,-5.323
15:51:03.654,-5.199
15:51:03.670,-4.886
15:51:03.670,-4.947
15:51:03.670,-4.615
15:51:03.670,-4.83
15:51:03.670,-4.413
15:51:03.670,-4.189
15:51:03.670,-3.92
15:51:03.670,-3.921
15:51:03.670,-3.718
15:51:03.670,-3.578
15:51:03.670,-3.557
15:51:03.670,-3.337
15:51:03.670,-3.325
15:51:03.796,-3.334
15:51:03.796,-3.065
15:51:03.796,-2.937
15:51:03.796,-3.494
15:51:03.796,-3.556
15:51:03.796,-2.346
15:51:03.796,-2.625
15:51:03.796,-2.362
15:51:03.796,-2.257
15:51:03.796,-1.688
15:51:03.796,-1.401
15:51:03.796,-1.397
15:51:03.796,-0.589
15:51:03.796,-0.383
15:51:03.796,-0.297
15:51:03.812,-0.185
15:51:03.812,-0.01
15:51:03.812,0.171
15:51:03.812,-0.04
15:51:03.812,-0.022
15:51:03.812,0.041
15:51:03.812,-0.079
15:51:03.812,-0.074
15:51:03.812,0.036
15:51:03.812,0.346
15:51:03.812,0.338
15:51:03.812,0.183
15:51:03.812,0.501
15:51:03.812,0.973
15:51:03.812,1.177
15:51:03.812,0.911
15:51:03.812,2.431
15:51:03.812,3.565
15:51:03.812,2.23
15:51:03.812,1.725
15:51:03.812,2.845
15:51:03.812,3.8
15:51:03.827,4.21
15:51:03.827,4.47
15:51:03.827,4.674
15:51:03.827,4.151
15:51:03.827,4.256
15:51:03.827,4.403
15:51:03.827,4.506
15:51:03.827,4.67
15:51:03.827,4.423
15:51:03.827,4.482
15:51:03.827,4.3
15:51:03.827,4.08
15:51:03.827,3.891
15:51:03.827,3.517
15:51:03.827,3.779
15:51:03.827,3.971
15:51:03.827,3.805
15:51:03.827,4.288
15:51:03.827,4.357
15:51:03.827,4.194
15:51:03.827,5.108
15:51:03.827,5.721
15:51:03.843,4.584
15:51:03.843,3.886
15:51:03.843,4.739
15:51:03.843,5.311
15:51:03.843,5.66
15:51:03.843,5.653
15:51:03.843,5.845
15:51:03.843,5.366
15:51:03.843,5.143
15:51:03.843,4.987
15:51:03.843,4.866
15:51:03.843,4.934
15:51:03.843,4.573
15:51:03.843,4.127
15:51:03.843,4.108
15:51:03.843,4.025
15:51:03.843,3.85
15:51:03.843,3.861
15:51:03.843,3.398
15:51:03.843,3.564
15:51:03.843,3.38
15:51:03.858,3.27
15:51:03.858,3.009
15:51:03.858,3.373
15:51:03.858,3.532
15:51:03.858,3.389
15:51:03.858,2.873
15:51:03.858,2.157
15:51:03.858,2.278
15:51:03.858,2.533
15:51:03.858,1.999
15:51:03.858,1.695
15:51:03.858,1.321
15:51:03.858,0.542
15:51:03.858,0.482
15:51:03.858,0.359
15:51:03.858,0.496
15:51:03.858,0.272
15:51:03.858,0.024
15:51:03.858,0.254
15:51:03.858,0.061
15:51:03.858,0.073
15:51:03.858,0.058
15:51:03.874,0.156
15:51:03.874,0.185
15:51:03.874,0.141
15:51:03.874,0.035
15:51:03.874,-0.038
15:51:03.874,-0.392
15:51:03.874,-0.672
15:51:03.874,-0.831
15:51:03.874,-1.164
15:51:03.874,-2.808
15:51:03.874,-3.417
15:51:03.874,-2.515
15:51:03.874,-1.61
15:51:03.874,-2.109
15:51:03.874,-3.675
15:51:03.874,-4.073
15:51:03.874,-4.445
15:51:03.874,-4.586
15:51:03.874,-4.223
15:51:03.874,-3.969
15:51:03.874,-4.017
15:51:03.874,-4.199
15:51:03.874,-4.316
15:51:03.890,-4.565
15:51:03.890,-4.448
15:51:03.890,-4.402
15:51:03.890,-4.179
15:51:03.890,-3.89
15:51:03.890,-3.693
15:51:03.890,-3.447
15:51:03.890,-3.714
15:51:03.890,-3.734
15:51:03.890,-3.809
15:51:03.890,-4.118
15:51:03.890,-4.105
15:51:03.890,-4.427
15:51:03.890,-5.282
15:51:03.890,-5.565
15:51:03.890,-4.993
15:51:03.890,-3.582
15:51:03.890,-3.904
15:51:03.890,-4.401
15:51:03.890,-5.092
15:51:03.890,-5.499
15:51:03.890,-5.451
15:51:03.890,-5.278
15:51:03.906,-5.042
15:51:03.907,-4.804
15:51:03.908,-4.766
15:51:03.908,-4.82
15:51:03.908,-4.679
15:51:03.908,-4.314
15:51:03.908,-4.162
15:51:03.915,-3.918
15:51:03.916,-3.872
15:51:03.916,-3.766
15:51:03.916,-3.592
15:51:03.916,-3.418
15:51:03.916,-3.233
15:51:03.916,-3.348
15:51:03.916,-3.298
15:51:03.922,-2.914
15:51:03.922,-2.88
15:51:03.922,-3.41
15:51:03.922,-3.295
15:51:03.922,-2.466
15:51:03.922,-2.343
15:51:03.922,-2.132
15:51:03.922,-1.906
15:51:03.922,-1.657
15:51:03.922,-1.207
15:51:03.922,-0.828
15:51:03.922,-0.578
15:51:03.922,-0.326
15:51:03.938,-0.26
15:51:03.938,-0.268
15:51:03.938,-0.24
15:51:03.938,0.032
15:51:03.938,-0.116
15:51:03.938,-0.051
15:51:03.938,0.061
15:51:03.938,0.066
15:51:03.938,-0.12
15:51:03.938,-0.01
15:51:03.938,-0.097
15:51:03.938,0.133
15:51:03.938,0.177
15:51:03.938,0.904
15:51:03.938,0.681
15:51:03.938,0.828
15:51:03.938,0.771
15:51:03.938,1.311
15:51:03.938,2.371
15:51:03.954,3.303
15:51:03.954,2.49
15:51:03.957,1.657
15:51:03.957,2.205
15:51:03.958,4.089
15:51:03.958,4.432
15:51:03.958,4.706
15:51:03.958,4.301
15:51:03.958,3.974
15:51:03.958,4.081
15:51:03.958,4.205
15:51:03.958,4.499
15:51:03.958,4.675
15:51:03.958,4.615
15:51:03.958,4.175
15:51:03.970,3.998
15:51:03.970,3.871
15:51:03.970,3.713
15:51:03.970,3.684
15:51:03.970,3.812
15:51:03.970,3.854
15:51:03.970,3.874
15:51:03.970,4.161
15:51:03.970,4.12
15:51:03.970,4.193
15:51:03.970,5.467
15:51:03.970,5.395
15:51:03.970,4.116
15:51:03.970,3.848
15:51:03.970,4.433
15:51:03.970,5.47
15:51:03.970,5.621
15:51:03.970,5.586
15:51:03.970,5.606
15:51:03.985,5.376
15:51:03.985,5.233
15:51:03.985,4.829
15:51:03.985,4.791
15:51:03.985,4.809
15:51:03.985,4.477
15:51:03.985,4.266
15:51:03.985,3.926
15:51:03.985,3.943
15:51:03.985,3.852
15:51:03.985,3.765
15:51:03.985,3.245
15:51:03.985,3.433
15:51:03.985,3.267
15:51:03.985,2.931
15:51:03.985,3.042
15:51:03.985,3.598
15:51:03.985,3.34
15:51:03.985,2.533
15:51:03.985,2.296
15:51:03.985,2.196
15:51:03.985,1.873
15:51:03.985,1.505
15:51:04.001,0.787
15:51:04.001,0.59
15:51:04.001,0.352
15:51:04.001,0.221
15:51:04.001,0.287
15:51:04.001,-0.057
15:51:04.001,0.131
15:51:04.001,0.152
15:51:04.001,0.026
15:51:04.001,0.073
15:51:04.001,0.142
15:51:04.001,0.195
15:51:04.001,0.115
15:51:04.001,0.166
15:51:04.001,-0.058
15:51:04.001,-0.23
15:51:04.001,-0.301
15:51:04.001,-0.546
15:51:04.001,-0.791
15:51:04.001,-0.879
15:51:04.001,-1.029
15:51:04.001,-2.393
15:51:04.017,-3.364
15:51:04.018,-2.251
15:51:04.018,-1.563
15:51:04.018,-3.176
15:51:04.018,-3.934
15:51:04.018,-4.184
15:51:04.018,-4.614
15:51:04.018,-4.601
15:51:04.018,-4.034
15:51:04.018,-3.991
15:51:04.018,-4.081
15:51:04.018,-4.441
15:51:04.018,-4.57
15:51:04.018,-4.485
15:51:04.018,-4.315
15:51:04.018,-4.183
15:51:04.018,-3.834
15:51:04.018,-3.852
15:51:04.018,-3.555
15:51:04.018,-3.611
15:51:04.033,-3.864
15:51:04.033,-3.611
15:51:04.035,-3.858
15:51:04.035,-4.054
15:51:04.035,-3.987
15:51:04.035,-4.267
15:51:04.035,-4.933
15:51:04.035,-5.481
15:51:04.035,-5.142
15:51:04.035,-4.706
15:51:04.035,-3.623
15:51:04.035,-4.029
15:51:04.035,-4.946
15:51:04.035,-5.415
15:51:04.035,-5.631
15:51:04.035,-5.593
15:51:04.035,-5.091
15:51:04.035,-5.169
15:51:04.035,-4.882
15:51:04.035,-4.688
15:51:04.035,-4.696
15:51:04.035,-4.375
15:51:04.048,-4.047
15:51:04.048,-4.008
15:51:04.048,-3.721
15:51:04.048,-3.496
15:51:04.048,-3.526
15:51:04.048,-3.382
15:51:04.048,-3.169
15:51:04.048,-3.288
15:51:04.048,-2.996
15:51:04.048,-2.973
15:51:04.048,-3.411
15:51:04.048,-3.587
15:51:04.048,-3.174
15:51:04.048,-2.316
15:51:04.048,-2.219
15:51:04.048,-2.245
15:51:04.048,-1.916
15:51:04.048,-1.648
15:51:04.048,-1.019
15:51:04.048,-0.553
15:51:04.048,-0.544
15:51:04.048,-0.31
15:51:04.064,-0.127
15:51:04.064,-0.146
15:51:04.064,-0.15
15:51:04.064,0.079
15:51:04.064,0.027
15:51:04.064,-0.086
15:51:04.064,-0.125
15:51:04.064,-0.139
15:51:04.064,-0.041
15:51:04.064,0.103
15:51:04.064,0.09
15:51:04.064,0.24
15:51:04.064,0.422
15:51:04.064,0.68
15:51:04.064,0.972
15:51:04.064,1.103
15:51:04.064,2.722
15:51:04.064,3.443
15:51:04.064,2.678
15:51:04.080,1.739
15:51:04.080,2.51
15:51:04.080,3.88
15:51:04.080,4.308
15:51:04.080,4.803
15:51:04.080,4.432
15:51:04.080,3.984
15:51:04.080,4.166
15:51:04.080,4.255
15:51:04.080,4.56
15:51:04.080,4.588
15:51:04.080,4.622
15:51:04.080,4.322
15:51:04.080,4.067
15:51:04.080,3.736
15:51:04.080,3.736
15:51:04.080,4.009
15:51:04.080,3.79
15:51:04.080,4.108
15:51:04.080,4.084
15:51:04.080,4.158
15:51:04.080,4.986
15:51:04.080,5.587
15:51:04.096,5.295
15:51:04.096,3.898
15:51:04.096,3.823
15:51:04.096,5.187
15:51:04.096,5.596
15:51:04.096,5.586
15:51:04.096,5.44
15:51:04.096,5.658
15:51:04.096,5.652
15:51:04.096,4.854
15:51:04.096,4.804
15:51:04.096,4.965
15:51:04.096,4.95
15:51:04.096,4.828
15:51:04.096,4.366
15:51:04.096,4.104
15:51:04.096,4.097
15:51:04.096,3.91
15:51:04.096,3.836
15:51:04.096,3.554
15:51:04.096,3.65
15:51:04.096,3.209
15:51:04.096,3.556
15:51:04.096,3.445
15:51:04.112,2.84
15:51:04.112,3.191
15:51:04.112,3.624
15:51:04.112,3.353
15:51:04.112,2.722
15:51:04.112,2.253
15:51:04.112,2.434
15:51:04.112,2.239
15:51:04.112,1.917
15:51:04.112,1.683
15:51:04.112,0.979
15:51:04.112,0.905
15:51:04.112,0.478
15:51:04.112,0.366
15:51:04.112,0.439
15:51:04.112,0.201
15:51:04.112,0.177
15:51:04.112,0.014
15:51:04.112,0.131
15:51:04.112,0.043
15:51:04.112,0.193
15:51:04.112,0.027
15:51:04.112,0.189
15:51:04.112,0.104
15:51:04.128,0.105
15:51:04.128,-0.029
15:51:04.130,-0.399
15:51:04.130,-0.033
15:51:04.130,-0.46
15:51:04.130,-0.821
15:51:04.133,-0.825
15:51:04.134,-0.944
15:51:04.134,-1.682
15:51:04.134,-2.907
15:51:04.134,-3.384
15:51:04.134,-2.279
15:51:04.134,-1.653
15:51:04.134,-2.133
15:51:04.134,-3.153
15:51:04.134,-4.012
15:51:04.134,-4.392
15:51:04.134,-4.762
15:51:04.134,-4.275
15:51:04.134,-3.895
15:51:04.144,-4.135
15:51:04.144,-4.226
15:51:04.144,-4.12
15:51:04.144,-4.707
15:51:04.144,-4.479
15:51:04.144,-4.066
15:51:04.144,-3.885
15:51:04.144,-3.755
15:51:04.144,-3.478
15:51:04.144,-3.628
15:51:04.144,-3.682
15:51:04.144,-3.786
15:51:04.144,-3.775
15:51:04.144,-3.947
15:51:04.144,-4.073
15:51:04.144,-4.108
15:51:04.144,-4.291
15:51:04.144,-5.175
15:51:04.144,-5.595
15:51:04.144,-4.881
15:51:04.144,-3.535
15:51:04.144,-4.275
15:51:04.144,-4.757
15:51:04.144,-5.515
15:51:04.160,-5.615
15:51:04.160,-5.671
15:51:04.160,-5.304
15:51:04.160,-5.089
15:51:04.160,-5.349
15:51:04.160,-4.849
15:51:04.165,-4.642
15:51:04.165,-4.725
15:51:04.165,-4.512
15:51:04.165,-4.213
15:51:04.165,-3.837
15:51:04.165,-3.945
15:51:04.165,-3.733
15:51:04.165,-3.649
15:51:04.165,-3.603
15:51:04.165,-3.283
15:51:04.165,-3.288
15:51:04.165,-3.294
15:51:04.165,-3.151
15:51:04.165,-2.856
15:51:04.165,-3.432
15:51:04.165,-3.04
15:51:04.175,-2.255
15:51:04.175,-2.544
15:51:04.175,-2.441
15:51:04.175,-1.848
15:51:04.175,-1.607
15:51:04.175,-1.308
15:51:04.175,-0.896
15:51:04.175,-0.346
15:51:04.175,-0.321
15:51:04.175,-0.276
15:51:04.175,-0.082
15:51:04.175,-0.059
15:51:04.175,0.003
15:51:04.175,-0.013
15:51:04.175,-0.006
15:51:04.175,0.039
15:51:04.175,-0.009
15:51:04.175,-0.201
15:51:04.175,-0.02
15:51:04.175,0.164
15:51:04.175,0.16
15:51:04.175,0.751
15:51:04.175,0.765
15:51:04.175,0.92
15:51:04.191,1.213
15:51:04.192,2.327
15:51:04.192,3.217
15:51:04.192,3.239
15:51:04.192,1.781
15:51:04.192,1.929
15:51:04.192,3.328
15:51:04.192,4.112
15:51:04.192,4.418
15:51:04.192,4.737
15:51:04.192,4.527
15:51:04.192,4.161
15:51:04.192,4.174
15:51:04.192,4.396
15:51:04.192,4.457
15:51:04.192,4.67
15:51:04.192,4.499
15:51:04.192,4.674
15:51:04.192,4.073
15:51:04.192,4.039
15:51:04.192,3.781
15:51:04.192,3.786
15:51:04.192,3.803
15:51:04.192,3.929
15:51:04.207,3.761
15:51:04.207,3.955
15:51:04.207,4.206
15:51:04.207,4.165
15:51:04.207,4.505
15:51:04.207,5.019
15:51:04.207,5.64
15:51:04.207,5.034
15:51:04.207,3.689
15:51:04.207,4.004
15:51:04.207,4.833
15:51:04.207,5.578
15:51:04.207,5.697
15:51:04.207,5.489
15:51:04.207,5.764
15:51:04.207,5.389
15:51:04.207,5.336
15:51:04.207,4.923
15:51:04.207,4.832
15:51:04.207,4.823
15:51:04.207,4.77
15:51:04.207,4.625
15:51:04.207,4.247
15:51:04.207,4.067
15:51:04.223,3.775
15:51:04.223,3.948
15:51:04.223,3.819
15:51:04.223,3.768
15:51:04.223,3.236
15:51:04.223,3.204
15:51:04.223,3.566
15:51:04.223,3.082
15:51:04.223,3.039
15:51:04.223,3.208
15:51:04.223,3.725
15:51:04.223,2.94
15:51:04.223,2.447
15:51:04.223,2.403
15:51:04.223,2.358
15:51:04.223,2.196
15:51:04.223,1.751
15:51:04.223,1.567
15:51:04.223,0.888
15:51:04.223,0.53
15:51:04.223,0.501
15:51:04.223,0.354
15:51:04.223,0.305
15:51:04.223,0.099
15:51:04.238,0.267
15:51:04.238,0.099
15:51:04.238,0.018
15:51:04.238,0.11
15:51:04.238,0.293
15:51:04.238,0.134
15:51:04.238,0.036
15:51:04.238,-0.075
15:51:04.238,-0.119
15:51:04.238,-0.344
15:51:04.238,-0.677
15:51:04.238,-0.511
15:51:04.238,-0.67
15:51:04.238,-1.159
15:51:04.238,-2.46
15:51:04.238,-3.252
15:51:04.238,-3.049
15:51:04.238,-1.889
15:51:04.238,-1.656
15:51:04.238,-3.326
15:51:04.238,-3.998
15:51:04.238,-4.507
15:51:04.238,-4.71
15:51:04.238,-4.161
15:51:04.254,-4.013
15:51:04.254,-4.097
15:51:04.254,-4.35
15:51:04.254,-4.379
15:51:04.254,-4.542
15:51:04.254,-4.443
15:51:04.254,-4.387
15:51:04.254,-3.92
15:51:04.254,-3.731
15:51:04.254,-3.498
15:51:04.254,-3.669
15:51:04.254,-3.889
15:51:04.254,-3.615
15:51:04.254,-3.792
15:51:04.254,-4.108
15:51:04.254,-4.11
15:51:04.254,-3.978
15:51:04.270,-4.738
15:51:04.270,-5.521
15:51:04.270,-5.062
15:51:04.270,-3.934
15:51:04.270,-3.985
15:51:04.270,-4.581
15:51:04.270,-5.326
15:51:04.270,-5.635
15:51:04.270,-5.506
15:51:04.270,-5.293
15:51:04.270,-5.22
15:51:04.270,-5.249
15:51:04.270,-4.86
15:51:04.270,-4.855
15:51:04.270,-4.591
15:51:04.270,-4.723
15:51:04.270,-4.228
15:51:04.270,-3.901
15:51:04.270,-3.882
15:51:04.270,-3.691
15:51:04.270,-3.649
15:51:04.270,-3.21
15:51:04.270,-3.263
15:51:04.270,-3.411
15:51:04.270,-3.064
15:51:04.286,-2.782
15:51:04.286,-3.197
15:51:04.286,-3.484
15:51:04.286,-3.008
15:51:04.286,-2.412
15:51:04.286,-2.567
15:51:04.286,-2.375
15:51:04.286,-2.04
15:51:04.286,-1.784
15:51:04.286,-1.586
15:51:04.286,-1.186
15:51:04.286,-0.693
15:51:04.286,-0.493
15:51:04.286,-0.01
15:51:04.286,-0.369
15:51:04.286,-0.253
15:51:04.286,-0.07
15:51:04.286,0.161
15:51:04.286,0.14
15:51:04.286,0.129
15:51:04.286,-0.064
15:51:04.286,-0.03
15:51:04.302,0.164
15:51:04.302,0.261
15:51:04.302,0.328
15:51:04.302,0.701
15:51:04.302,0.864
15:51:04.302,1.063
15:51:04.302,1.276
15:51:04.302,2.348
15:51:04.302,3.435
15:51:04.302,3.259
15:51:04.302,2.075
15:51:04.302,1.801
15:51:04.302,2.604
15:51:04.302,3.968
15:51:04.302,4.335
15:51:04.302,4.693
15:51:04.302,4.626
15:51:04.302,4.42
15:51:04.302,4.111
15:51:04.302,4.153
15:51:04.302,4.228
15:51:04.302,4.46
15:51:04.302,4.531
15:51:04.302,4.717
15:51:04.318,4.486
15:51:04.318,4.49
15:51:04.318,3.898
15:51:04.318,3.835
15:51:04.318,3.672
15:51:04.318,3.823
15:51:04.318,3.781
15:51:04.318,3.741
15:51:04.318,4.029
15:51:04.318,4.153
15:51:04.318,4.118
15:51:04.318,5.295
15:51:04.318,5.522
15:51:04.318,3.969
15:51:04.318,4.058
15:51:04.318,5.159
15:51:04.318,5.837
15:51:04.318,5.532
15:51:04.318,5.406
15:51:04.318,5.387
15:51:04.318,5.106
15:51:04.318,4.709
15:51:04.334,4.894
15:51:04.334,4.639
15:51:04.334,4.553
15:51:04.334,4.185
15:51:04.334,3.824
15:51:04.334,3.823
15:51:04.334,3.831
15:51:04.334,3.542
15:51:04.334,3.377
15:51:04.334,3.376
15:51:04.334,3.112
15:51:04.334,3.496
15:51:04.334,3.618
15:51:04.334,3.024
15:51:04.334,2.216
15:51:04.334,2.619
15:51:04.334,2.249
15:51:04.334,2.141
15:51:04.334,2.03
15:51:04.334,1.45
15:51:04.334,0.759
15:51:04.334,0.622
15:51:04.334,0.471
15:51:04.334,0.388
15:51:04.350,0.459
15:51:04.350,0.149
15:51:04.350,0.196
15:51:04.350,0.119
15:51:04.350,0.184
15:51:04.350,0.118
15:51:04.350,0.19
15:51:04.356,-0.016
15:51:04.356,-0.257
15:51:04.356,-0.563
15:51:04.356,-0.735
15:51:04.356,-1.019
15:51:04.356,-2.022
15:51:04.356,-3.165
15:51:04.356,-2.758
15:51:04.356,-1.546
15:51:04.356,-2.504
15:51:04.356,-3.275
15:51:04.356,-3.766
15:51:04.366,-4.263
15:51:04.366,-4.653
15:51:04.366,-4.401
15:51:04.366,-4.118
15:51:04.370,-4.05
15:51:04.370,-4.246
15:51:04.370,-4.215
15:51:04.370,-4.659
15:51:04.370,-4.319
15:51:04.370,-4.157
15:51:04.370,-3.748
15:51:04.370,-3.699
15:51:04.370,-3.54
15:51:04.370,-3.638
15:51:04.370,-3.89
15:51:04.370,-3.642
15:51:04.370,-4.031
15:51:04.370,-3.944
15:51:04.370,-4.338
15:51:04.381,-5.21
15:51:04.381,-5.636
15:51:04.381,-4.682
15:51:04.381,-3.656
15:51:04.381,-4.2
15:51:04.381,-5.44
15:51:04.381,-5.595
15:51:04.381,-5.353
15:51:04.381,-5.652
15:51:04.381,-5.146
15:51:04.381,-5.212
15:51:04.381,-4.923
15:51:04.381,-4.762
15:51:04.381,-4.632
15:51:04.381,-4.673
15:51:04.381,-4.543
15:51:04.381,-4.051
15:51:04.381,-3.89
15:51:04.381,-3.913
15:51:04.381,-3.803
15:51:04.381,-3.545
15:51:04.397,-3.601
15:51:04.397,-3.316
15:51:04.397,-3.317
15:51:04.397,-2.961
15:51:04.397,-3.157
15:51:04.397,-3.38
15:51:04.397,-3.361
15:51:04.397,-2.738
15:51:04.397,-2.284
15:51:04.397,-2.08
15:51:04.397,-2.347
15:51:04.397,-1.899
15:51:04.397,-1.601
15:51:04.397,-1.304
15:51:04.397,-0.566
15:51:04.397,-0.522
15:51:04.412,-0.307
15:51:04.412,-0.224
15:51:04.413,-0.205
15:51:04.413,-0.105
15:51:04.413,-0.008
15:51:04.413,-0.048
15:51:04.413,-0.029
15:51:04.413,-0.097
15:51:04.413,0.039
15:51:04.413,-0.018
15:51:04.413,-0.146
15:51:04.422,-0.016
15:51:04.422,0.019
15:51:04.422,0.187
15:51:04.422,0.406
15:51:04.422,0.856
15:51:04.422,1.06
15:51:04.422,1.116
15:51:04.422,2.527
15:51:04.429,3.302
15:51:04.429,3.19
15:51:04.429,2.366
15:51:04.429,2.113
15:51:04.429,3.245
15:51:04.429,4.026
15:51:04.429,4.705
15:51:04.429,4.521
15:51:04.429,3.982
15:51:04.429,4.237
15:51:04.429,4.513
15:51:04.429,4.617
15:51:04.429,4.6
15:51:04.429,4.529
15:51:04.429,4.246
15:51:04.429,3.957
15:51:04.429,3.676
15:51:04.429,3.893
15:51:04.444,3.834
15:51:04.445,3.845
15:51:04.445,3.953
15:51:04.445,4.124
15:51:04.445,4.227
15:51:04.445,4.576
15:51:04.450,5.678
15:51:04.450,4.455
15:51:04.450,3.829
15:51:04.450,4.69
15:51:04.450,5.627
15:51:04.450,5.795
15:51:04.450,5.655
15:51:04.450,5.351
15:51:04.450,5.237
15:51:04.450,4.854
15:51:04.450,4.826
15:51:04.450,4.836
15:51:04.450,4.52
15:51:04.450,4.008
15:51:04.450,3.986
15:51:04.460,3.924
15:51:04.460,3.791
15:51:04.460,3.5
15:51:04.460,3.407
15:51:04.460,3.406
15:51:04.460,3.327
15:51:04.460,2.945
15:51:04.460,3.135
15:51:04.460,3.594
15:51:04.460,3.385
15:51:04.460,2.665
15:51:04.468,2.196
15:51:04.468,2.376
15:51:04.468,1.918
15:51:04.468,1.556
15:51:04.468,1.451
15:51:04.468,0.971
15:51:04.468,0.407
15:51:04.468,0.378
15:51:04.468,0.411
15:51:04.468,0.081
15:51:04.468,0.095
15:51:04.476,0.223
15:51:04.476,0.135
15:51:04.602,0.01
15:51:04.602,-0.082
15:51:04.602,0.193
15:51:04.618,0.206
15:51:04.618,0.099
15:51:04.618,0.047
15:51:04.618,-0.202
15:51:04.618,-0.236
15:51:04.618,-0.432
15:51:04.618,-0.817
15:51:04.618,-0.886
15:51:04.618,-1.009
15:51:04.618,-1.811
15:51:04.618,-3.055
15:51:04.618,-3.229
15:51:04.618,-2.672
15:51:04.618,-1.79
15:51:04.618,-2.431
15:51:04.618,-3.261
15:51:04.618,-3.711
15:51:04.618,-4.243
15:51:04.618,-4.651
15:51:04.618,-4.515
15:51:04.634,-4.319
15:51:04.634,-4.086
15:51:04.634,-4.09
15:51:04.634,-4.054
15:51:04.634,-4.385
15:51:04.634,-4.533
15:51:04.634,-4.402
15:51:04.634,-4.375
15:51:04.634,-3.982
15:51:04.634,-4.01
15:51:04.634,-3.63
15:51:04.634,-3.542
15:51:04.634,-3.549
15:51:04.634,-3.916
15:51:04.634,-3.635
15:51:04.634,-3.998
15:51:04.634,-3.978
15:51:04.634,-4.008
15:51:04.634,-4.62
15:51:04.634,-5.613
15:51:04.634,-5.196
15:51:04.634,-3.792
15:51:04.650,-4.154
15:51:04.650,-4.818
15:51:04.652,-5.359
15:51:04.652,-5.64
15:51:04.652,-5.589
15:51:04.652,-5.645
15:51:04.652,-5.27
15:51:04.652,-4.972
15:51:04.652,-4.913
15:51:04.652,-4.856
15:51:04.652,-4.715
15:51:04.652,-4.77
15:51:04.652,-4.34
15:51:04.652,-3.967
15:51:04.652,-3.757
15:51:04.652,-3.756
15:51:04.652,-3.695
15:51:04.652,-3.578
15:51:04.652,-3.391
15:51:04.652,-3.252
15:51:04.652,-3.294
15:51:04.666,-2.856
15:51:04.667,-3.064
15:51:04.667,-3.546
15:51:04.667,-3.304
15:51:04.667,-2.372
15:51:04.667,-2.422
15:51:04.667,-2.517
15:51:04.667,-2.115
15:51:04.667,-1.693
15:51:04.667,-1.625
15:51:04.667,-1.331
15:51:04.667,-0.66
15:51:04.667,-0.509
15:51:04.667,-0.494
15:51:04.667,-0.09
15:51:04.667,-0.304
15:51:04.667,-0.144
15:51:04.667,-0.024
15:51:04.667,-0.031
15:51:04.667,-0.077
15:51:04.667,-0.008
15:51:04.667,-0.091
15:51:04.682,-0.152
15:51:04.682,-0.058
15:51:04.682,0.18
15:51:04.682,-0.048
15:51:04.682,0.254
15:51:04.682,0.336
15:51:04.682,0.646
15:51:04.682,0.81
15:51:04.682,0.975
15:51:04.682,1.307
15:51:04.682,2.487
15:51:04.682,3.271
15:51:04.682,2.516
15:51:04.682,1.762
15:51:04.682,2.651
15:51:04.682,3.418
15:51:04.682,4.057
15:51:04.682,4.44
15:51:04.682,4.695
15:51:04.682,4.483
15:51:04.682,4.235
15:51:04.682,4.031
15:51:04.682,4.292
15:51:04.682,4.414
15:51:04.699,4.676
15:51:04.699,4.544
15:51:04.699,4.205
15:51:04.699,3.922
15:51:04.699,3.735
15:51:04.699,3.953
15:51:04.699,3.816
15:51:04.699,3.759
15:51:04.699,4.082
15:51:04.699,4.193
15:51:04.699,4.56
15:51:04.699,5.479
15:51:04.699,5.201
15:51:04.699,3.983
15:51:04.699,4.515
15:51:04.699,5.318
15:51:04.699,5.55
15:51:04.699,5.524
15:51:04.699,5.585
15:51:04.699,5.407
15:51:04.699,5.124
15:51:04.714,4.946
15:51:04.714,4.588
15:51:04.714,4.885
15:51:04.714,4.466
15:51:04.714,4.188
15:51:04.714,3.94
15:51:04.714,3.807
15:51:04.714,3.794
15:51:04.714,3.578
15:51:04.714,3.338
15:51:04.714,3.433
15:51:04.714,3.309
15:51:04.714,2.803
15:51:04.714,3.083
15:51:04.714,3.511
15:51:04.714,3.524
15:51:04.714,2.666
15:51:04.714,2.306
15:51:04.714,2.364
15:51:04.714,2.3
15:51:04.714,1.77
15:51:04.714,1.531
15:51:04.714,0.984
15:51:04.714,0.682
15:51:04.730,0.678
15:51:04.730,0.4
15:51:04.730,0.487
15:51:04.730,0.338
15:51:04.730,0.301
15:51:04.730,0.062
15:51:04.730,0.112
15:51:04.730,0.112
15:51:04.730,0.102
15:51:04.730,0.168
15:51:04.730,0.096
15:51:04.730,0.174
15:51:04.730,0.088
15:51:04.730,-0.083
15:51:04.730,-0.34
15:51:04.730,-0.645
15:51:04.730,-0.737
15:51:04.730,-1.076
15:51:04.730,-1.491
15:51:04.730,-2.275
15:51:04.730,-3.358
15:51:04.730,-2.185
15:51:04.730,-1.525
15:51:04.730,-2.268
15:51:04.730,-3.382
15:51:04.745,-4.022
15:51:04.745,-4.661
15:51:04.745,-4.391
15:51:04.745,-3.929
15:51:04.745,-4.057
15:51:04.745,-4.283
15:51:04.745,-4.321
15:51:04.745,-4.41
15:51:04.745,-4.401
15:51:04.745,-4.373
15:51:04.745,-4.001
15:51:04.745,-3.849
15:51:04.745,-3.503
15:51:04.745,-3.634
15:51:04.745,-3.685
15:51:04.745,-3.6
15:51:04.745,-3.773
15:51:04.745,-4.092
15:51:04.745,-4.016
15:51:04.745,-4.867
15:51:04.745,-5.61
15:51:04.745,-5.716
15:51:04.745,-4.46
15:51:04.745,-3.699
15:51:04.745,-4.502
15:51:04.761,-5.194
15:51:04.761,-5.694
15:51:04.761,-5.5
15:51:04.761,-5.516
15:51:04.761,-5.305
15:51:04.761,-5.105
15:51:04.761,-4.82
15:51:04.761,-4.905
15:51:04.761,-4.638
15:51:04.761,-4.748
15:51:04.761,-4.557
15:51:04.761,-4.1
15:51:04.761,-3.883
15:51:04.761,-3.781
15:51:04.761,-3.723
15:51:04.761,-3.569
15:51:04.761,-3.394
15:51:04.761,-3.236
15:51:04.761,-3.463
15:51:04.761,-3.336
15:51:04.761,-2.791
15:51:04.761,-3.189
15:51:04.761,-3.63
15:51:04.777,-3.344
15:51:04.777,-2.289
15:51:04.777,-2.35
15:51:04.777,-2.539
15:51:04.777,-2.256
15:51:04.777,-1.943
15:51:04.777,-1.685
15:51:04.777,-1.313
15:51:04.777,-0.715
15:51:04.777,-0.354
15:51:04.777,-0.421
15:51:04.777,-0.17
15:51:04.777,-0.242
15:51:04.777,-0.136
15:51:04.777,0.02
15:51:04.777,0.086
15:51:04.777,-0.056
15:51:04.777,-0.007
15:51:04.777,-0.143
15:51:04.777,-0.149
15:51:04.777,0.083
15:51:04.777,0.572
15:51:04.777,0.304
15:51:04.793,0.686
15:51:04.793,1.007
15:51:04.793,1.089
15:51:04.793,1.281
15:51:04.793,2.772
15:51:04.793,3.465
15:51:04.793,2.896
15:51:04.793,1.537
15:51:04.793,2.426
15:51:04.793,3.325
15:51:04.793,3.934
15:51:04.793,4.476
15:51:04.793,4.619
15:51:04.793,4.415
15:51:04.793,4.039
15:51:04.793,4.17
15:51:04.793,4.305
15:51:04.793,4.421
15:51:04.793,4.693
15:51:04.793,4.517
15:51:04.793,4.515
15:51:04.793,4.273
15:51:04.793,4.179
15:51:04.809,3.899
15:51:04.809,3.744
15:51:04.809,3.825
15:51:04.809,3.798
15:51:04.809,3.871
15:51:04.809,3.959
15:51:04.809,4.131
15:51:04.809,4.144
15:51:04.809,4.154
15:51:04.809,4.886
15:51:04.809,5.586
15:51:04.809,5.23
15:51:04.809,3.974
15:51:04.809,3.897
15:51:04.809,4.297
15:51:04.809,5.05
15:51:04.809,5.627
15:51:04.809,5.516
15:51:04.809,5.496
15:51:04.809,5.511
15:51:04.809,5.254
15:51:04.825,5.137
15:51:04.825,5.011
15:51:04.825,4.796
15:51:04.825,4.838
15:51:04.825,4.575
15:51:04.825,4.352
15:51:04.825,3.869
15:51:04.825,3.972
15:51:04.825,4.165
15:51:04.825,3.516
15:51:04.825,3.678
15:51:04.825,3.237
15:51:04.825,3.192
15:51:04.825,3.555
15:51:04.825,3.14
15:51:04.825,3.016
15:51:04.825,3.557
15:51:04.825,3.397
15:51:04.825,2.582
15:51:04.825,2.236
15:51:04.825,2.492
15:51:04.825,2.103
15:51:04.825,1.863
15:51:04.825,1.22
15:51:04.825,0.751
15:51:04.842,0.435
15:51:04.842,0.39
15:51:04.842,0.448
15:51:04.842,0.025
15:51:04.842,0.115
15:51:04.842,0.222
15:51:04.842,-0.311
15:51:04.845,0.161
15:51:04.845,0.218
15:51:04.845,0.098
15:51:04.847,0.251
15:51:04.847,0.126
15:51:04.847,0.227
15:51:04.847,-0.232
15:51:04.847,-0.215
15:51:04.847,-0.404
15:51:04.847,-0.58
15:51:04.847,-0.808
15:51:04.847,-1.085
15:51:04.847,-1.925
15:51:04.847,-3.219
15:51:04.847,-2.625
15:51:04.847,-1.569
15:51:04.856,-2.892
15:51:04.856,-3.757
15:51:04.856,-4.054
15:51:04.856,-4.459
15:51:04.856,-4.694
15:51:04.861,-4.174
15:51:04.861,-4.076
15:51:04.861,-4.271
15:51:04.861,-4.25
15:51:04.861,-4.414
15:51:04.861,-4.638
15:51:04.861,-4.558
15:51:04.861,-4.26
15:51:04.861,-3.967
15:51:04.861,-3.843
15:51:04.861,-3.664
15:51:04.861,-3.495
15:51:04.861,-3.606
15:51:04.861,-3.706
15:51:04.861,-3.773
15:51:04.861,-3.988
15:51:04.872,-4.071
15:51:04.872,-4.09
15:51:04.872,-4.862
15:51:04.872,-5.273
15:51:04.872,-5.574
15:51:04.872,-4.997
15:51:04.872,-3.782
15:51:04.872,-4.344
15:51:04.880,-4.944
15:51:04.880,-5.749
15:51:04.880,-5.742
15:51:04.880,-5.584
15:51:04.880,-5.266
15:51:04.880,-5.071
15:51:04.880,-4.919
15:51:04.880,-4.654
15:51:04.880,-4.562
15:51:04.880,-4.449
15:51:04.880,-4.196
15:51:04.880,-3.971
15:51:04.880,-3.828
15:51:04.888,-3.726
15:51:04.888,-3.611
15:51:04.888,-3.444
15:51:04.888,-3.281
15:51:04.888,-3.52
15:51:04.888,-3.07
15:51:04.888,-2.833
15:51:04.888,-3.336
15:51:04.888,-3.604
15:51:04.888,-2.297
15:51:04.888,-2.6
15:51:04.888,-2.281
15:51:04.888,-2.039
15:51:04.888,-1.721
15:51:04.888,-1.439
15:51:04.888,-0.994
15:51:04.888,-0.477
15:51:04.888,-0.404
15:51:04.888,-0.418
15:51:04.888,-0.24
15:51:04.888,0.147
15:51:04.888,-0.066
15:51:04.888,-0.096
15:51:04.888,-0.066
15:51:04.904,0.032
15:51:04.904,0.101
15:51:04.904,-0.11
15:51:04.904,-0.05
15:51:04.904,0.02
15:51:04.904,0.015
15:51:04.904,0.101
15:51:04.904,0.43
15:51:04.904,0.475
15:51:04.904,0.741
15:51:04.904,0.843
15:51:04.904,1.022
15:51:04.904,1.858
15:51:04.904,2.681
15:51:04.904,3.372
15:51:04.904,2.7
15:51:04.904,1.991
15:51:04.904,2.185
15:51:04.920,2.959
15:51:04.920,4.478
15:51:04.920,4.602
15:51:04.920,4.719
15:51:04.920,4.48
15:51:04.920,3.936
15:51:04.920,4.246
15:51:04.920,4.301
15:51:04.920,4.39
15:51:04.930,4.571
15:51:04.930,4.541
15:51:04.930,4.667
15:51:04.930,4.429
15:51:04.930,4.169
15:51:04.930,3.967
15:51:04.936,3.758
15:51:04.936,3.703
15:51:04.936,3.827
15:51:04.936,3.872
15:51:04.936,3.947
15:51:04.936,4.074
15:51:04.936,4.189
15:51:04.936,4.878
15:51:04.936,5.367
15:51:04.936,5.318
15:51:04.936,3.966
15:51:04.936,3.719
15:51:04.936,4.49
15:51:04.936,5.31
15:51:04.936,5.791
15:51:04.936,5.472
15:51:04.936,5.743
15:51:04.936,5.63
15:51:04.936,4.808
15:51:04.936,4.88
15:51:04.936,4.977
15:51:04.952,4.855
15:51:04.953,4.675
15:51:04.953,4.46
15:51:04.953,4.126
15:51:04.953,3.939
15:51:04.953,3.685
15:51:04.953,3.656
15:51:04.953,3.626
15:51:04.953,3.507
15:51:04.953,3.367
15:51:04.953,3.08
15:51:04.953,2.94
15:51:04.953,3.26
15:51:04.953,3.308
15:51:04.953,3.584
15:51:04.953,2.733
15:51:04.968,2.211
15:51:04.968,2.248
15:51:04.968,2.209
15:51:04.968,2.052
15:51:04.968,1.654
15:51:04.968,1.153
15:51:04.968,1.0
15:51:04.968,0.51
15:51:04.968,0.516
15:51:04.968,0.355
15:51:04.968,0.323
15:51:04.968,0.302
15:51:04.968,-0.051
15:51:04.968,0.108
15:51:04.968,0.159
15:51:04.968,0.088
15:51:04.968,0.075
15:51:04.968,0.188
15:51:04.968,0.136
15:51:04.968,0.075
15:51:04.983,-0.107
15:51:04.985,-0.22
15:51:04.985,-0.376
15:51:04.985,-0.612
15:51:04.985,-0.865
15:51:04.985,-1.073
15:51:04.985,-2.446
15:51:04.985,-3.248
15:51:04.985,-2.742
15:51:04.985,-1.945
15:51:04.985,-1.994
15:51:04.985,-3.57
15:51:04.985,-4.103
15:51:04.985,-4.474
15:51:04.985,-4.716
15:51:04.985,-4.242
15:51:04.985,-3.915
15:51:04.985,-4.045
15:51:04.985,-4.31
15:51:04.985,-4.308
15:51:04.985,-4.478
15:51:04.985,-4.541
15:51:04.999,-4.51
15:51:04.999,-4.308
15:51:05.001,-3.997
15:51:05.001,-3.778
15:51:05.001,-3.465
15:51:05.001,-3.585
15:51:05.001,-3.678
15:51:05.001,-3.793
15:51:05.001,-3.69
15:51:05.001,-3.781
15:51:05.001,-4.044
15:51:05.001,-4.137
15:51:05.001,-4.569
15:51:05.001,-5.609
15:51:05.001,-5.274
15:51:05.001,-3.985
15:51:05.001,-3.941
15:51:05.001,-5.293
15:51:05.001,-5.559
15:51:05.001,-5.387
15:51:05.001,-5.474
15:51:05.001,-5.125
15:51:05.015,-4.914
15:51:05.017,-4.793
15:51:05.017,-4.711
15:51:05.019,-4.42
15:51:05.019,-3.917
15:51:05.019,-3.75
15:51:05.019,-3.948
15:51:05.019,-3.745
15:51:05.019,-3.549
15:51:05.019,-3.404
15:51:05.019,-3.261
15:51:05.019,-3.331
15:51:05.019,-2.914
15:51:05.019,-3.356
15:51:05.019,-3.44
15:51:05.019,-1.929
15:51:05.019,-2.202
15:51:05.019,-2.515
15:51:05.019,-2.061
15:51:05.019,-1.836
15:51:05.019,-1.345
15:51:05.031,-0.93
15:51:05.031,-0.655
15:51:05.031,-0.516
15:51:05.031,-0.245
15:51:05.031,-0.155
15:51:05.031,-0.028
15:51:05.031,-0.148
15:51:05.031,-0.034
15:51:05.031,0.037
15:51:05.031,0.362
15:51:05.031,-0.112
15:51:05.031,-0.06
15:51:05.031,-0.089
15:51:05.031,-0.02
15:51:05.031,0.033
15:51:05.031,0.335
15:51:05.031,0.617
15:51:05.031,0.866
15:51:05.031,0.999
15:51:05.031,1.451
15:51:05.031,2.086
15:51:05.031,3.676
15:51:05.031,3.015
15:51:05.047,1.939
15:51:05.047,1.55
15:51:05.047,3.3
15:51:05.047,4.103
15:51:05.047,4.335
15:51:05.047,4.45
15:51:05.052,4.678
15:51:05.052,4.216
15:51:05.052,4.049
15:51:05.052,4.272
15:51:05.052,4.312
15:51:05.052,4.562
15:51:05.052,4.669
15:51:05.052,4.538
15:51:05.052,4.12
15:51:05.052,4.067
15:51:05.052,3.981
15:51:05.052,3.623
15:51:05.052,3.703
15:51:05.052,4.018
15:51:05.052,3.748
15:51:05.052,3.922
15:51:05.052,4.135
15:51:05.063,4.199
15:51:05.063,4.142
15:51:05.063,4.453
15:51:05.063,5.779
15:51:05.063,5.029
15:51:05.063,3.827
15:51:05.063,4.379
15:51:05.063,5.322
15:51:05.063,5.645
15:51:05.063,5.569
15:51:05.063,5.47
15:51:05.063,5.192
15:51:05.063,4.87
15:51:05.063,4.869
15:51:05.063,4.851
15:51:05.063,4.615
15:51:05.063,4.014
15:51:05.063,3.883
15:51:05.063,3.731
15:51:05.063,3.664
15:51:05.063,3.723
15:51:05.080,3.349
15:51:05.080,3.445
15:51:05.080,3.419
15:51:05.080,2.915
15:51:05.080,2.902
15:51:05.080,3.434
15:51:05.080,3.692
15:51:05.080,2.784
15:51:05.085,2.198
15:51:05.085,2.446
15:51:05.085,2.533
15:51:05.085,2.218
15:51:05.085,1.738
15:51:05.085,1.568
15:51:05.085,1.171
15:51:05.085,0.904
15:51:05.085,0.621
15:51:05.085,0.428
15:51:05.085,0.307
15:51:05.085,0.227
15:51:05.094,0.289
15:51:05.094,0.064
15:51:05.094,0.079
15:51:05.094,0.076
15:51:05.094,0.117
15:51:05.094,-0.047
15:51:05.094,0.112
15:51:05.094,0.233
15:51:05.094,0.138
15:51:05.094,-0.069
15:51:05.094,-0.402
15:51:05.094,-0.8
15:51:05.094,-0.838
15:51:05.094,-1.069
15:51:05.094,-1.966
15:51:05.094,-3.403
15:51:05.094,-2.928
15:51:05.094,-1.833
15:51:05.094,-1.911
15:51:05.094,-2.749
15:51:05.094,-3.555
15:51:05.094,-4.149
15:51:05.094,-4.394
15:51:05.094,-4.484
15:51:05.110,-4.154
15:51:05.110,-4.034
15:51:05.110,-4.278
15:51:05.110,-4.513
15:51:05.110,-4.527
15:51:05.110,-4.366
15:51:05.110,-4.115
15:51:05.110,-3.845
15:51:05.110,-3.558
15:51:05.110,-3.746
15:51:05.110,-3.815
15:51:05.110,-3.738
15:51:05.110,-3.919
15:51:05.110,-4.075
15:51:05.110,-4.144
15:51:05.110,-4.727
15:51:05.110,-5.633
15:51:05.110,-4.948
15:51:05.110,-3.872
15:51:05.110,-4.584
15:51:05.110,-5.574
15:51:05.110,-5.486
15:51:05.110,-5.354
15:51:05.157,-5.169
15:51:05.157,-5.073
15:51:05.157,-4.879
15:51:05.157,-4.679
15:51:05.157,-4.519
15:51:05.157,-4.076
15:51:05.157,-3.9
15:51:05.157,-3.867
15:51:05.157,-3.647
15:51:05.157,-3.574
15:51:05.157,-3.401
15:51:05.157,-3.185
15:51:05.173,-3.461
15:51:05.173,-2.859
15:51:05.173,-3.052
15:51:05.173,-3.83
15:51:05.173,-2.522
15:51:05.173,-2.516
15:51:05.173,-2.468
15:51:05.173,-2.176
15:51:05.173,-2.061
15:51:05.173,-1.475
15:51:05.173,-0.934
15:51:05.173,-0.478
15:51:05.173,-0.39
15:51:05.173,-0.238
15:51:05.173,-0.156
15:51:05.173,-0.224
15:51:05.173,-0.189
15:51:05.173,0.003
15:51:05.173,-0.081
15:51:05.173,-0.003
15:51:05.173,0.051
15:51:05.173,-0.108
15:51:05.188,-0.098
15:51:05.188,0.015
15:51:05.188,0.149
15:51:05.188,0.314
15:51:05.188,0.442
15:51:05.188,0.76
15:51:05.188,1.081
15:51:05.188,1.099
15:51:05.188,1.728
15:51:05.188,2.803
15:51:05.188,3.245
15:51:05.188,3.215
15:51:05.188,1.522
15:51:05.188,2.091
15:51:05.188,3.746
15:51:05.188,4.377
15:51:05.188,4.797
15:51:05.188,4.553
15:51:05.188,3.999
15:51:05.188,4.297
15:51:05.188,4.471
15:51:05.204,4.646
15:51:05.204,4.568
15:51:05.204,4.405
15:51:05.204,3.997
15:51:05.204,4.0
15:51:05.204,3.724
15:51:05.204,3.852
15:51:05.204,3.775
15:51:05.204,3.802
15:51:05.204,4.159
15:51:05.204,4.109
15:51:05.204,4.133
15:51:05.204,5.281
15:51:05.204,5.637
15:51:05.204,5.179
15:51:05.204,3.802
15:51:05.204,3.963
15:51:05.204,4.875
15:51:05.204,5.688
15:51:05.204,5.489
15:51:05.204,5.584
15:51:05.204,5.427
15:51:05.204,5.491
15:51:05.204,5.175
15:51:05.204,4.984
15:51:05.220,4.714
15:51:05.220,4.78
15:51:05.220,4.403
15:51:05.220,4.052
15:51:05.220,4.054
15:51:05.220,3.721
15:51:05.220,3.84
15:51:05.220,3.613
15:51:05.220,3.438
15:51:05.220,3.485
15:51:05.220,3.271
15:51:05.220,2.916
15:51:05.220,3.324
15:51:05.220,3.658
15:51:05.220,3.194
15:51:05.220,2.582
15:51:05.220,2.144
15:51:05.220,2.551
15:51:05.220,2.122
15:51:05.220,1.94
15:51:05.220,1.563
15:51:05.220,1.272
15:51:05.220,0.919
15:51:05.220,0.459
15:51:05.220,0.414
15:51:05.235,0.432
15:51:05.235,-0.054
15:51:05.235,0.19
15:51:05.235,0.016
15:51:05.235,0.165
15:51:05.235,0.081
15:51:05.235,0.072
15:51:05.235,0.14
15:51:05.235,0.182
15:51:05.235,0.154
15:51:05.235,0.091
15:51:05.235,-0.062
15:51:05.235,-0.247
15:51:05.235,-0.292
15:51:05.235,-0.623
15:51:05.235,-0.924
15:51:05.235,-1.167
15:51:05.235,-1.819
15:51:05.235,-3.084
15:51:05.235,-2.895
15:51:05.235,-1.765
15:51:05.235,-2.144
15:51:05.235,-2.758
15:51:05.251,-3.944
15:51:05.251,-4.353
15:51:05.251,-4.496
15:51:05.251,-4.709
15:51:05.251,-4.123
15:51:05.251,-4.126
15:51:05.251,-4.247
15:51:05.251,-4.309
15:51:05.251,-4.259
15:51:05.251,-4.676
15:51:05.251,-4.592
15:51:05.251,-4.49
15:51:05.251,-4.099
15:51:05.251,-3.928
15:51:05.251,-3.733
15:51:05.251,-3.422
15:51:05.251,-3.593
15:51:05.251,-3.817
15:51:05.251,-3.597
15:51:05.251,-4.015
15:51:05.251,-4.008
15:51:05.267,-4.013
15:51:05.267,-3.965
15:51:05.267,-4.47
15:51:05.267,-5.59
15:51:05.267,-5.333
15:51:05.267,-3.809
15:51:05.267,-4.117
15:51:05.267,-4.923
15:51:05.267,-5.299
15:51:05.267,-5.666
15:51:05.275,-5.564
15:51:05.275,-5.338
15:51:05.275,-5.111
15:51:05.275,-5.068
15:51:05.275,-4.936
15:51:05.275,-4.629
15:51:05.275,-4.652
15:51:05.275,-4.335
15:51:05.275,-3.955
15:51:05.275,-3.802
15:51:05.275,-3.672
15:51:05.283,-3.438
15:51:05.283,-3.273
15:51:05.283,-3.349
15:51:05.283,-3.352
15:51:05.283,-2.895
15:51:05.283,-2.734
15:51:05.283,-3.519
15:51:05.283,-3.277
15:51:05.283,-1.777
15:51:05.283,-2.372
15:51:05.283,-2.475
15:51:05.283,-2.174
15:51:05.283,-1.506
15:51:05.283,-1.12
15:51:05.283,-0.605
15:51:05.283,-0.302
15:51:05.283,-0.308
15:51:05.283,-0.101
15:51:05.283,-0.025
15:51:05.283,0.018
15:51:05.283,0.064
15:51:05.283,0.06
15:51:05.283,0.022
15:51:05.283,-0.143
15:51:05.283,-0.129
15:51:05.299,-0.074
15:51:05.299,0.314
15:51:05.299,0.286
15:51:05.299,1.077
15:51:05.299,0.896
15:51:05.299,1.276
15:51:05.299,2.233
15:51:05.299,3.458
15:51:05.299,2.194
15:51:05.299,1.899
15:51:05.456,2.991
15:51:05.456,4.329
15:51:05.456,4.393
15:51:05.456,4.882
15:51:05.456,4.278
15:51:05.472,3.923
15:51:05.472,4.183
15:51:05.472,4.57
15:51:05.472,4.453
15:51:05.472,4.734
15:51:05.472,4.55
15:51:05.472,4.104
15:51:05.472,3.908
15:51:05.472,3.785
15:51:05.472,3.9
15:51:05.472,4.001
15:51:05.472,3.969
15:51:05.472,4.105
15:51:05.472,4.241
15:51:05.472,4.67
15:51:05.472,5.51
15:51:05.472,4.83
15:51:05.472,3.738
15:51:05.472,4.052
15:51:05.472,4.741
15:51:05.488,5.526
15:51:05.488,5.626
15:51:05.488,5.78
15:51:05.488,5.369
15:51:05.488,5.128
15:51:05.488,4.909
15:51:05.488,4.77
15:51:05.488,4.699
15:51:05.488,4.313
15:51:05.488,4.017
15:51:05.488,3.931
15:51:05.488,3.655
15:51:05.488,3.527
15:51:05.488,3.278
15:51:05.488,3.593
15:51:05.488,3.278
15:51:05.488,3.419
15:51:05.500,3.553
15:51:05.501,2.781
15:51:05.502,2.32
15:51:05.503,2.498
15:51:05.503,2.062
15:51:05.503,1.739
15:51:05.503,1.385
15:51:05.503,0.93
15:51:05.503,0.629
15:51:05.503,0.471
15:51:05.503,0.268
15:51:05.503,0.157
15:51:05.503,0.041
15:51:05.503,0.149
15:51:05.503,0.109
15:51:05.503,0.087
15:51:05.503,0.021
15:51:05.503,0.272
15:51:05.503,0.229
15:51:05.503,-0.019
15:51:05.503,-0.158
15:51:05.503,-0.18
15:51:05.503,-0.57
15:51:05.503,-0.82
15:51:05.503,-0.878
15:51:05.519,-1.072
15:51:05.519,-2.977
15:51:05.519,-3.06
15:51:05.519,-1.884
15:51:05.519,-2.218
15:51:05.523,-2.798
15:51:05.523,-4.005
15:51:05.523,-4.268
15:51:05.523,-4.601
15:51:05.523,-4.425
15:51:05.523,-4.034
15:51:05.523,-4.044
15:51:05.523,-4.267
15:51:05.523,-4.395
15:51:05.523,-4.564
15:51:05.523,-4.385
15:51:05.523,-4.574
15:51:05.523,-4.045
15:51:05.523,-3.824
15:51:05.523,-3.567
15:51:05.535,-3.565
15:51:05.535,-3.829
15:51:05.535,-3.735
15:51:05.535,-3.944
15:51:05.535,-4.026
15:51:05.535,-4.146
15:51:05.535,-5.016
15:51:05.535,-5.54
15:51:05.535,-4.23
15:51:05.535,-3.892
15:51:05.535,-4.299
15:51:05.535,-5.076
15:51:05.535,-5.501
15:51:05.535,-5.408
15:51:05.535,-5.358
15:51:05.535,-5.115
15:51:05.535,-4.931
15:51:05.535,-4.792
15:51:05.535,-4.609
15:51:05.535,-4.339
15:51:05.535,-4.042
15:51:05.535,-3.949
15:51:05.551,-3.637
15:51:05.552,-3.802
15:51:05.552,-3.746
15:51:05.552,-3.295
15:51:05.552,-3.323
15:51:05.552,-3.315
15:51:05.552,-3.051
15:51:05.552,-2.833
15:51:05.552,-3.246
15:51:05.552,-3.137
15:51:05.552,-2.518
15:51:05.552,-2.19
15:51:05.552,-2.244
15:51:05.552,-1.812
15:51:05.552,-1.452
15:51:05.552,-0.899
15:51:05.552,-0.452
15:51:05.552,-0.302
15:51:05.552,-0.136
15:51:05.552,-0.206
15:51:05.552,-0.029
15:51:05.567,-0.008
15:51:05.567,0.017
15:51:05.567,0.012
15:51:05.567,0.092
15:51:05.567,-0.139
15:51:05.567,-0.046
15:51:05.567,-0.134
15:51:05.567,0.175
15:51:05.567,0.304
15:51:05.567,0.508
15:51:05.567,0.942
15:51:05.567,1.086
15:51:05.567,2.054
15:51:05.567,3.367
15:51:05.567,3.056
15:51:05.567,2.136
15:51:05.567,1.83
15:51:05.567,2.465
15:51:05.567,3.827
15:51:05.567,4.291
15:51:05.567,4.677
15:51:05.582,4.66
15:51:05.582,4.385
15:51:05.582,4.133
15:51:05.582,4.257
15:51:05.582,4.288
15:51:05.582,4.524
15:51:05.582,4.661
15:51:05.582,4.602
15:51:05.582,4.267
15:51:05.582,4.36
15:51:05.582,3.996
15:51:05.582,3.661
15:51:05.582,3.834
15:51:05.582,3.851
15:51:05.582,3.772
15:51:05.582,3.914
15:51:05.582,4.248
15:51:05.582,4.194
15:51:05.582,4.412
15:51:05.582,5.144
15:51:05.582,5.539
15:51:05.598,5.373
15:51:05.598,3.762
15:51:05.598,4.209
15:51:05.598,4.704
15:51:05.598,5.447
15:51:05.598,5.745
15:51:05.598,5.614
15:51:05.598,5.474
15:51:05.598,5.151
15:51:05.598,5.074
15:51:05.598,5.071
15:51:05.598,4.944
15:51:05.598,4.8
15:51:05.598,4.513
15:51:05.598,4.29
15:51:05.598,4.036
15:51:05.598,4.046
15:51:05.598,3.926
15:51:05.598,3.913
15:51:05.598,3.707
15:51:05.598,3.364
15:51:05.598,3.511
15:51:05.614,3.426
15:51:05.614,2.934
15:51:05.614,3.123
15:51:05.617,3.59
15:51:05.617,3.278
15:51:05.617,2.476
15:51:05.617,2.293
15:51:05.617,2.45
15:51:05.617,2.226
15:51:05.617,1.735
15:51:05.617,1.342
15:51:05.617,0.894
15:51:05.617,0.666
15:51:05.617,0.484
15:51:05.617,0.451
15:51:05.617,0.342
15:51:05.617,0.327
15:51:05.617,0.251
15:51:05.617,0.094
15:51:05.617,0.158
15:51:05.617,0.053
15:51:05.617,0.152
15:51:05.631,0.101
15:51:05.631,0.126
15:51:05.631,-0.051
15:51:05.631,-0.092
15:51:05.631,-0.407
15:51:05.631,-0.557
15:51:05.631,-0.885
15:51:05.631,-1.141
15:51:05.631,-2.365
15:51:05.631,-2.834
15:51:05.631,-2.544
15:51:05.631,-1.618
15:51:05.631,-2.158
15:51:05.631,-3.353
15:51:05.631,-3.965
15:51:05.631,-4.444
15:51:05.631,-4.496
15:51:05.631,-4.039
15:51:05.631,-4.091
15:51:05.631,-4.253
15:51:05.631,-4.376
15:51:05.646,-4.473
15:51:05.646,-4.28
15:51:05.646,-4.13
15:51:05.646,-3.712
15:51:05.646,-3.709
15:51:05.646,-3.678
15:51:05.646,-3.594
15:51:05.646,-3.851
15:51:05.646,-4.053
15:51:05.646,-3.991
15:51:05.646,-4.017
15:51:05.646,-4.316
15:51:05.646,-5.656
15:51:05.646,-5.074
15:51:05.646,-3.717
15:51:05.646,-4.138
15:51:05.646,-5.009
15:51:05.646,-5.296
15:51:05.646,-5.536
15:51:05.646,-5.539
15:51:05.662,-5.506
15:51:05.662,-5.223
15:51:05.662,-5.079
15:51:05.662,-4.938
15:51:05.662,-4.917
15:51:05.662,-4.512
15:51:05.662,-4.528
15:51:05.662,-4.342
15:51:05.662,-4.235
15:51:05.662,-3.899
15:51:05.662,-3.811
15:51:05.662,-3.66
15:51:05.662,-3.309
15:51:05.662,-3.371
15:51:05.662,-3.335
15:51:05.662,-3.361
15:51:05.675,-2.809
15:51:05.675,-2.806
15:51:05.675,-3.418
15:51:05.675,-3.572
15:51:05.678,-2.546
15:51:05.678,-2.298
15:51:05.678,-2.48
15:51:05.678,-2.229
15:51:05.678,-1.773
15:51:05.678,-1.661
15:51:05.678,-1.125
15:51:05.678,-0.76
15:51:05.678,-0.46
15:51:05.678,-0.387
15:51:05.678,-0.223
15:51:05.678,0.015
15:51:05.678,0.09
15:51:05.678,-0.034
15:51:05.678,-0.133
15:51:05.678,-0.029
15:51:05.678,0.051
15:51:05.678,-0.115
15:51:05.678,-0.143
15:51:05.678,0.017
15:51:05.678,-0.107
15:51:05.678,0.102
15:51:05.693,0.421
15:51:05.693,0.503
15:51:05.693,0.748
15:51:05.693,0.969
15:51:05.693,1.106
15:51:05.693,1.694
15:51:05.693,2.909
15:51:05.693,3.366
15:51:05.693,2.956
15:51:05.693,1.609
15:51:05.693,2.827
15:51:05.693,3.787
15:51:05.693,4.063
15:51:05.693,4.558
15:51:05.693,4.792
15:51:05.693,4.406
15:51:05.693,4.054
15:51:05.693,4.075
15:51:05.693,4.423
15:51:05.693,4.449
15:51:05.693,4.442
15:51:05.693,4.636
15:51:05.709,4.633
15:51:05.709,4.254
15:51:05.712,4.043
15:51:05.712,3.907
15:51:05.712,3.695
15:51:05.712,3.921
15:51:05.712,3.808
15:51:05.712,3.99
15:51:05.712,4.102
15:51:05.712,4.165
15:51:05.712,5.18
15:51:05.712,5.622
15:51:05.712,5.478
15:51:05.712,4.72
15:51:05.712,3.709
15:51:05.712,4.127
15:51:05.712,4.777
15:51:05.712,5.479
15:51:05.712,5.785
15:51:05.712,5.609
15:51:05.712,5.447
15:51:05.725,5.24
15:51:05.725,5.037
15:51:05.725,4.947
15:51:05.725,4.776
15:51:05.725,4.768
15:51:05.725,4.593
15:51:05.725,4.238
15:51:05.725,4.018
15:51:05.725,3.911
15:51:05.725,3.855
15:51:05.725,3.71
15:51:05.725,3.246
15:51:05.725,3.375
15:51:05.725,3.462
15:51:05.725,3.238
15:51:05.725,2.988
15:51:05.725,3.411
15:51:05.725,3.268
15:51:05.725,2.78
15:51:05.725,2.253
15:51:05.725,2.446
15:51:05.741,1.954
15:51:05.741,1.611
15:51:05.741,0.907
15:51:05.741,0.641
15:51:05.741,0.433
15:51:05.741,0.311
15:51:05.741,0.325
15:51:05.741,0.026
15:51:05.741,0.269
15:51:05.741,0.027
15:51:05.741,0.131
15:51:05.741,0.264
15:51:05.741,0.123
15:51:05.741,0.052
15:51:05.741,-0.178
15:51:05.741,-0.491
15:51:05.741,-0.648
15:51:05.741,-0.811
15:51:05.741,-0.913
15:51:05.741,-1.583
15:51:05.741,-2.913
15:51:05.757,-3.132
15:51:05.757,-2.586
15:51:05.758,-1.737
15:51:05.758,-2.593
15:51:05.758,-3.472
15:51:05.758,-3.888
15:51:05.758,-4.314
15:51:05.758,-4.576
15:51:05.758,-4.454
15:51:05.758,-4.127
15:51:05.758,-4.056
15:51:05.758,-4.21
15:51:05.758,-4.214
15:51:05.758,-4.436
15:51:05.758,-4.439
15:51:05.758,-4.355
15:51:05.758,-4.143
15:51:05.758,-3.931
15:51:05.758,-3.85
15:51:05.758,-3.547
15:51:05.758,-3.67
15:51:05.758,-3.783
15:51:05.773,-3.62
15:51:05.773,-3.832
15:51:05.773,-3.974
15:51:05.773,-4.008
15:51:05.773,-4.106
15:51:05.773,-4.162
15:51:05.773,-5.206
15:51:05.773,-5.603
15:51:05.773,-4.645
15:51:05.773,-3.474
15:51:05.773,-4.034
15:51:05.773,-4.84
15:51:05.773,-5.244
15:51:05.773,-5.527
15:51:05.773,-5.512
15:51:05.773,-5.585
15:51:05.773,-5.12
15:51:05.773,-5.217
15:51:05.773,-4.853
15:51:05.773,-4.691
15:51:05.773,-4.752
15:51:05.773,-4.224
15:51:05.789,-3.819
15:51:05.789,-4.01
15:51:05.789,-3.81
15:51:05.789,-3.685
15:51:05.789,-3.499
15:51:05.789,-3.451
15:51:05.789,-3.258
15:51:05.789,-3.447
15:51:05.789,-3.176
15:51:05.789,-2.832
15:51:05.789,-3.409
15:51:05.789,-3.629
15:51:05.789,-3.406
15:51:05.789,-1.916
15:51:05.789,-3.275
15:51:05.789,-2.783
15:51:05.789,-1.964
15:51:05.789,-1.792
15:51:05.789,-1.078
15:51:05.789,-0.735
15:51:05.789,-0.359
15:51:05.804,-0.532
15:51:05.804,-0.289
15:51:05.804,-0.261
15:51:05.804,0.142
15:51:05.804,0.067
15:51:05.804,0.026
15:51:05.804,0.496
15:51:05.804,-0.074
15:51:05.804,-0.191
15:51:05.804,-0.031
15:51:05.804,-0.229
15:51:05.804,0.012
15:51:05.804,0.201
15:51:05.804,0.436
15:51:05.804,0.731
15:51:05.804,0.869
15:51:05.804,0.984
15:51:05.804,1.558
15:51:05.804,2.478
15:51:05.804,3.292
15:51:05.804,2.951
15:51:05.820,1.716
15:51:05.820,2.062
15:51:05.820,2.731
15:51:05.820,4.474
15:51:05.820,4.588
15:51:05.820,4.775
15:51:05.820,4.465
15:51:05.820,4.164
15:51:05.820,4.027
15:51:05.820,4.319
15:51:05.820,4.419
15:51:05.820,4.359
15:51:05.820,4.8
15:51:05.820,4.614
15:51:05.820,4.622
15:51:05.820,4.076
15:51:05.820,4.046
15:51:05.820,3.789
15:51:05.820,3.655
15:51:05.820,3.684
15:51:05.820,3.954
15:51:05.820,3.771
15:51:05.820,3.782
15:51:05.836,4.061
15:51:05.836,4.229
15:51:05.836,4.13
15:51:05.836,4.416
15:51:05.836,5.837
15:51:05.836,5.231
15:51:05.836,4.61
15:51:05.836,3.829
15:51:05.836,4.707
15:51:05.836,5.757
15:51:05.836,5.736
15:51:05.836,5.623
15:51:05.836,5.731
15:51:05.836,5.54
15:51:05.836,5.147
15:51:05.836,4.904
15:51:05.836,4.92
15:51:05.836,5.039
15:51:05.836,4.848
15:51:05.836,4.503
15:51:05.836,4.116
15:51:05.836,4.115
15:51:05.852,4.13
15:51:05.852,3.84
15:51:05.852,3.803
15:51:05.852,3.701
15:51:05.856,3.346
15:51:05.856,3.569
15:51:05.856,3.317
15:51:05.856,3.076
15:51:05.856,3.152
15:51:05.856,3.412
15:51:05.856,3.7
15:51:05.856,3.19
15:51:05.856,2.431
15:51:05.856,2.206
15:51:05.856,2.225
15:51:05.856,1.557
15:51:05.856,0.766
15:51:05.856,0.532
15:51:05.856,0.632
15:51:05.856,0.28
15:51:05.856,0.317
15:51:05.868,0.258
15:51:05.868,-0.04
15:51:05.868,0.188
15:51:05.868,0.118
15:51:05.868,0.091
15:51:05.868,-4.45
15:51:05.868,-4.484
15:51:05.868,-4.055
15:51:05.868,-3.819
15:51:05.868,-3.969
15:51:05.868,-3.52
15:51:05.868,-3.67
15:51:05.868,-3.692
15:51:05.868,-3.531
15:51:05.868,-3.751
15:51:05.868,-4.177
15:51:05.868,-4.064
15:51:05.868,-4.076
15:51:05.868,-4.791
15:51:05.868,-5.618
15:51:05.868,-5.532
15:51:05.883,-4.331
15:51:05.883,-3.609
15:51:05.883,-4.142
15:51:05.883,-4.848
15:51:05.883,-5.477
15:51:05.883,-5.87
15:51:05.883,-5.445
15:51:05.883,-5.341
15:51:05.883,-5.188
15:51:05.883,-5.174
15:51:05.883,-4.972
15:51:05.883,-4.805
15:51:05.883,-4.616
15:51:05.883,-4.761
15:51:05.883,-4.436
15:51:05.883,-4.077
15:51:05.883,-3.849
15:51:05.883,-3.748
15:51:05.883,-3.688
15:51:05.883,-3.665
15:51:05.883,-3.574
15:51:05.899,-3.193
15:51:05.899,-3.243
15:51:05.899,-3.283
15:51:05.899,-3.248
15:51:05.899,-2.923
15:51:05.899,-3.075
15:51:05.905,-3.486
15:51:05.906,-2.778
15:51:05.906,-2.551
15:51:05.906,-2.276
15:51:05.906,-2.335
15:51:05.906,-2.215
15:51:05.906,-1.838
15:51:05.906,-1.763
15:51:05.906,-1.157
15:51:05.906,-0.821
15:51:05.915,-0.553
15:51:05.915,-0.495
15:51:05.915,-0.257
15:51:05.915,-0.228
15:51:05.915,-0.257
15:51:05.915,-0.038
15:51:05.915,-0.084
15:51:05.915,0.101
15:51:05.915,-0.014
15:51:05.915,-0.039
15:51:05.915,-0.1
15:51:05.915,0.099
15:51:05.915,0.07
15:51:05.915,0.126
15:51:05.915,0.26
15:51:05.915,0.485
15:51:05.915,0.384
15:51:05.915,0.765
15:51:05.915,1.252
15:51:05.931,1.181
15:51:05.931,1.735
15:51:05.931,2.748
15:51:05.931,3.005
15:51:05.931,1.477
15:51:05.931,2.735
15:51:05.931,3.804
15:51:05.931,4.369
15:51:05.931,4.762
15:51:05.931,4.386
15:51:05.931,4.028
15:51:05.931,4.026
15:51:05.931,4.226
15:51:05.931,4.389
15:51:05.931,4.679
15:51:05.931,4.525
15:51:05.931,4.497
15:51:05.931,4.318
15:51:05.948,4.056
15:51:05.948,3.957
15:51:05.948,3.645
15:51:05.948,3.771
15:51:05.948,3.964
15:51:05.948,3.938
15:51:05.948,3.846
15:51:05.948,3.906
15:51:05.948,4.128
15:51:05.948,4.135
15:51:05.948,4.734
15:51:05.948,5.383
15:51:05.948,5.361
15:51:05.948,3.747
15:51:05.948,4.251
15:51:05.948,5.128
15:51:05.948,5.576
15:51:05.963,5.575
15:51:05.963,5.647
15:51:05.963,5.486
15:51:05.963,5.118
15:51:05.963,4.988
15:51:05.963,4.811
15:51:05.963,4.631
15:51:05.963,5.114
15:51:05.963,4.499
15:51:05.963,4.05
15:51:05.963,4.004
15:51:05.963,3.918
15:51:05.963,3.713
15:51:05.963,3.744
15:51:05.963,3.557
15:51:05.963,3.381
15:51:05.963,3.388
15:51:05.963,3.379
15:51:05.963,2.993
15:51:05.963,3.292
15:51:05.963,3.616
15:51:05.963,3.252
15:51:05.979,2.441
15:51:05.979,2.232
15:51:05.979,2.351
15:51:05.979,2.456
15:51:05.979,2.027
15:51:05.979,1.408
15:51:05.979,1.123
15:51:05.979,0.749
15:51:05.979,0.488
15:51:05.979,0.589
15:51:05.979,0.518
15:51:05.979,0.192
15:51:05.979,0.338
15:51:05.979,0.095
15:51:05.979,0.15
15:51:05.979,0.0
15:51:05.979,0.098
15:51:05.979,0.015
15:51:05.979,0.148
15:51:05.979,0.181
15:51:05.979,0.052
15:51:05.979,0.002
15:51:05.995,-0.449
15:51:05.995,-0.639
15:51:05.995,-0.804
15:51:05.995,-0.959
15:51:05.995,-1.672
15:51:05.995,-3.362
15:51:05.995,-2.747
15:51:05.995,-1.648
15:51:05.995,-2.457
15:51:05.995,-3.385
15:51:05.995,-4.058
15:51:05.995,-4.364
15:51:05.995,-4.437
15:51:05.995,-4.241
15:51:05.995,-4.109
15:51:06.005,-4.07
15:51:06.005,-4.205
15:51:06.005,-4.325
15:51:06.005,-4.621
15:51:06.005,-4.323
15:51:06.005,-4.233
15:51:06.005,-3.942
15:51:06.005,-3.813
15:51:06.011,-3.494
15:51:06.011,-3.671
15:51:06.011,-3.736
15:51:06.011,-3.671
15:51:06.011,-3.87
15:51:06.011,-3.959
15:51:06.011,-4.105
15:51:06.011,-4.27
15:51:06.011,-5.374
15:51:06.011,-5.497
15:51:06.011,-4.144
15:51:06.011,-3.507
15:51:06.011,-4.0
15:51:06.011,-4.68
15:51:06.011,-5.28
15:51:06.011,-5.705
15:51:06.011,-5.738
15:51:06.011,-5.183
15:51:06.011,-5.043
15:51:06.011,-5.028
15:51:06.011,-4.891
15:51:06.011,-4.65
15:51:06.011,-4.659
15:51:06.027,-4.668
15:51:06.027,-4.503
15:51:06.027,-3.972
15:51:06.027,-3.819
15:51:06.027,-3.775
15:51:06.027,-3.763
15:51:06.027,-3.63
15:51:06.027,-3.388
15:51:06.027,-3.189
15:51:06.027,-3.271
15:51:06.027,-3.248
15:51:06.027,-2.879
15:51:06.027,-3.074
15:51:06.027,-3.527
15:51:06.027,-2.425
15:51:06.027,-2.514
15:51:06.027,-2.209
15:51:06.027,-2.176
15:51:06.027,-1.545
15:51:06.027,-1.132
15:51:06.027,-0.461
15:51:06.027,-0.36
15:51:06.027,-0.353
15:51:06.027,-0.25
15:51:06.027,-0.097
15:51:06.043,-0.144
15:51:06.043,-0.157
15:51:06.043,-0.11
15:51:06.043,0.104
15:51:06.043,-0.11
15:51:06.043,0.052
15:51:06.043,-0.152
15:51:06.043,-0.009
15:51:06.043,0.067
15:51:06.043,0.222
15:51:06.043,0.465
15:51:06.043,0.424
15:51:06.043,0.914
15:51:06.043,0.961
15:51:06.043,1.194
15:51:06.043,1.679
15:51:06.043,2.273
15:51:06.043,3.149
15:51:06.043,3.201
15:51:06.043,2.012
15:51:06.043,2.142
15:51:06.043,3.409
15:51:06.059,4.13
15:51:06.059,4.516
15:51:06.059,4.729
15:51:06.059,4.568
15:51:06.059,4.073
15:51:06.059,4.042
15:51:06.059,4.239
15:51:06.059,4.276
15:51:06.059,4.657
15:51:06.059,4.64
15:51:06.059,4.591
15:51:06.059,4.404
15:51:06.059,3.993
15:51:06.059,4.043
15:51:06.059,3.633
15:51:06.059,3.703
15:51:06.059,3.936
15:51:06.059,3.835
15:51:06.059,3.806
15:51:06.059,4.086
15:51:06.059,4.074
15:51:06.059,4.095
15:51:06.074,4.481
15:51:06.074,5.517
15:51:06.074,5.393
15:51:06.074,4.902
15:51:06.074,3.773
15:51:06.074,4.797
15:51:06.074,5.637
15:51:06.074,5.643
15:51:06.074,5.676
15:51:06.074,5.695
15:51:06.074,5.436
15:51:06.074,5.299
15:51:06.074,4.891
15:51:06.074,4.761
15:51:06.074,4.768
15:51:06.074,4.864
15:51:06.074,4.16
15:51:06.074,3.99
15:51:06.074,3.937
15:51:06.074,3.834
15:51:06.074,3.844
15:51:06.074,3.659
15:51:06.074,3.357
15:51:06.090,3.34
15:51:06.090,3.382
15:51:06.090,3.012
15:51:06.090,3.001
15:51:06.090,3.199
15:51:06.090,3.602
15:51:06.090,2.691
15:51:06.090,2.373
15:51:06.090,2.228
15:51:06.090,2.454
15:51:06.090,1.94
15:51:06.090,1.6
15:51:06.090,1.238
15:51:06.090,0.802
15:51:06.090,0.465
15:51:06.090,0.377
15:51:06.090,0.352
15:51:06.090,0.343
15:51:06.090,0.272
15:51:06.090,0.025
15:51:06.090,0.133
15:51:06.090,0.082
15:51:06.106,0.069
15:51:06.106,0.215
15:51:06.106,0.084
15:51:06.106,0.13
15:51:06.106,0.016
15:51:06.106,-0.222
15:51:06.106,-0.29
15:51:06.106,-0.572
15:51:06.106,-0.727
15:51:06.106,-0.898
15:51:06.106,-2.113
15:51:06.106,-3.391
15:51:06.106,-3.023
15:51:06.106,-2.186
15:51:06.106,-1.809
15:51:06.106,-2.314
15:51:06.106,-3.512
15:51:06.106,-4.266
15:51:06.106,-4.753
15:51:06.106,-4.036
15:51:06.106,-3.97
15:51:06.106,-4.121
15:51:06.106,-4.366
15:51:06.106,-4.178
15:51:06.122,-4.587
15:51:06.122,-4.522
15:51:06.125,-4.52
15:51:06.125,-4.076
15:51:06.125,-3.892
15:51:06.125,-3.524
15:51:06.125,-3.47
15:51:06.125,-3.612
15:51:06.125,-3.803
15:51:06.125,-3.677
15:51:06.131,-3.935
15:51:06.131,-4.132
15:51:06.131,-4.209
15:51:06.131,-5.056
15:51:06.131,-5.339
15:51:06.131,-3.824
15:51:06.131,-3.84
15:51:06.131,-4.142
15:51:06.131,-5.422
15:51:06.131,-5.534
15:51:06.138,-5.565
15:51:06.138,-5.497
15:51:06.138,-5.31
15:51:06.138,-5.199
15:51:06.138,-4.981
15:51:06.138,-4.845
15:51:06.138,-4.814
15:51:06.138,-4.642
15:51:06.138,-4.648
15:51:06.279,-4.433
15:51:06.279,-3.987
15:51:06.279,-3.854
15:51:06.279,-3.689
15:51:06.279,-3.691
15:51:06.279,-3.556
15:51:06.279,-3.335
15:51:06.279,-3.298
15:51:06.279,-3.374
15:51:06.295,-3.148
15:51:06.295,-2.844
15:51:06.295,-3.338
15:51:06.295,-3.697
15:51:06.295,-3.024
15:51:06.295,-2.504
15:51:06.295,-2.33
15:51:06.295,-2.149
15:51:06.295,-1.827
15:51:06.295,-1.304
15:51:06.295,-0.741
15:51:06.295,-0.592
15:51:06.295,-0.518
15:51:06.295,-0.287
15:51:06.295,-0.196
15:51:06.295,-0.173
15:51:06.295,-0.018
15:51:06.295,0.042
15:51:06.295,0.016
15:51:06.295,-0.212
15:51:06.311,0.037
15:51:06.311,-0.08
15:51:06.311,-0.092
15:51:06.311,0.069
15:51:06.311,0.157
15:51:06.311,0.2
15:51:06.311,0.304
15:51:06.311,0.517
15:51:06.311,0.568
15:51:06.311,0.872
15:51:06.311,1.004
15:51:06.311,1.168
15:51:06.311,1.968
15:51:06.311,3.567
15:51:06.311,3.086
15:51:06.311,1.972
15:51:06.311,1.793
15:51:06.311,2.934
15:51:06.311,4.048
15:51:06.311,4.466
15:51:06.327,4.616
15:51:06.327,4.266
15:51:06.327,4.171
15:51:06.327,4.251
15:51:06.327,4.219
15:51:06.327,4.63
15:51:06.327,4.647
15:51:06.327,4.362
15:51:06.327,4.49
15:51:06.327,4.212
15:51:06.327,3.988
15:51:06.327,3.728
15:51:06.327,3.787
15:51:06.327,3.722
15:51:06.327,3.96
15:51:06.327,3.956
15:51:06.327,4.138
15:51:06.327,4.169
15:51:06.327,4.032
15:51:06.343,5.047
15:51:06.343,5.303
15:51:06.343,5.15
15:51:06.343,3.852
15:51:06.343,4.338
15:51:06.343,5.137
15:51:06.343,5.642
15:51:06.343,5.562
15:51:06.343,5.573
15:51:06.343,5.463
15:51:06.343,5.302
15:51:06.343,4.988
15:51:06.343,4.987
15:51:06.343,4.823
15:51:06.343,5.05
15:51:06.343,4.709
15:51:06.343,4.14
15:51:06.343,3.976
15:51:06.343,4.016
15:51:06.343,3.921
15:51:06.343,3.618
15:51:06.359,3.232
15:51:06.359,3.496
15:51:06.359,3.046
15:51:06.359,2.982
15:51:06.359,3.273
15:51:06.359,3.738
15:51:06.359,2.852
15:51:06.359,2.36
15:51:06.359,2.327
15:51:06.359,2.379
15:51:06.359,1.865
15:51:06.359,1.634
15:51:06.359,1.285
15:51:06.359,0.648
15:51:06.359,0.585
15:51:06.359,0.423
15:51:06.359,0.187
15:51:06.359,0.235
15:51:06.359,0.244
15:51:06.359,0.187
15:51:06.359,0.069
15:51:06.375,0.004
15:51:06.375,0.237
15:51:06.375,0.058
15:51:06.375,0.161
15:51:06.375,0.018
15:51:06.375,-0.227
15:51:06.375,-0.317
15:51:06.375,-0.664
15:51:06.375,-0.812
15:51:06.375,-0.871
15:51:06.375,-0.977
15:51:06.375,-2.614
15:51:06.375,-3.171
15:51:06.375,-2.161
15:51:06.375,-1.72
15:51:06.375,-3.348
15:51:06.375,-3.802
15:51:06.375,-4.33
15:51:06.375,-4.769
15:51:06.375,-4.611
15:51:06.375,-4.001
15:51:06.390,-4.051
15:51:06.390,-4.244
15:51:06.390,-4.289
15:51:06.390,-4.47
15:51:06.390,-4.593
15:51:06.390,-4.484
15:51:06.390,-4.271
15:51:06.390,-3.855
15:51:06.390,-3.834
15:51:06.390,-3.648
15:51:06.390,-3.613
15:51:06.390,-3.726
15:51:06.390,-3.628
15:51:06.390,-3.637
15:51:06.390,-4.059
15:51:06.390,-3.955
15:51:06.390,-4.826
15:51:06.390,-5.517
15:51:06.390,-4.953
15:51:06.390,-3.626
15:51:06.406,-4.142
15:51:06.406,-4.806
15:51:06.406,-5.412
15:51:06.406,-5.608
15:51:06.406,-5.614
15:51:06.411,-5.371
15:51:06.411,-5.179
15:51:06.412,-4.954
15:51:06.412,-4.696
15:51:06.412,-4.486
15:51:06.412,-4.446
15:51:06.412,-4.114
15:51:06.412,-3.922
15:51:06.417,-3.886
15:51:06.417,-3.748
15:51:06.419,-3.719
15:51:06.420,-3.56
15:51:06.420,-3.446
15:51:06.423,-3.201
15:51:06.424,-3.299
15:51:06.424,-3.256
15:51:06.425,-2.796
15:51:06.425,-3.082
15:51:06.425,-3.456
15:51:06.425,-3.155
15:51:06.425,-2.084
15:51:06.425,-2.737
15:51:06.425,-2.376
15:51:06.425,-2.002
15:51:06.425,-1.785
15:51:06.425,-1.472
15:51:06.435,-0.847
15:51:06.435,-0.481
15:51:06.435,-0.316
15:51:06.435,-0.27
15:51:06.438,-0.082
15:51:06.439,-0.021
15:51:06.439,0.376
15:51:06.439,0.107
15:51:06.439,0.067
15:51:06.439,-0.161
15:51:06.439,-0.126
15:51:06.439,-0.066
15:51:06.439,-0.047
15:51:06.439,0.268
15:51:06.439,0.444
15:51:06.439,0.61
15:51:06.439,0.717
15:51:06.439,1.044
15:51:06.439,1.494
15:51:06.439,3.319
15:51:06.439,3.16
15:51:06.439,2.739
15:51:06.454,1.524
15:51:06.454,2.144
15:51:06.454,3.266
15:51:06.454,4.076
15:51:06.454,4.18
15:51:06.454,4.614
15:51:06.454,4.748
15:51:06.454,4.248
15:51:06.454,4.029
15:51:06.454,4.265
15:51:06.454,4.394
15:51:06.454,4.437
15:51:06.454,4.783
15:51:06.454,4.687
15:51:06.454,4.38
15:51:06.454,4.206
15:51:06.454,4.033
15:51:06.454,3.664
15:51:06.470,3.629
15:51:06.470,3.804
15:51:06.470,3.979
15:51:06.470,3.849
15:51:06.470,4.008
15:51:06.470,4.279
15:51:06.470,4.232
15:51:06.470,4.829
15:51:06.470,5.595
15:51:06.470,5.429
15:51:06.470,4.413
15:51:06.470,3.944
15:51:06.470,4.575
15:51:06.470,5.192
15:51:06.470,5.619
15:51:06.470,5.45
15:51:06.470,5.332
15:51:06.470,5.317
15:51:06.470,4.908
15:51:06.470,4.718
15:51:06.470,4.857
15:51:06.486,4.729
15:51:06.486,4.149
15:51:06.486,4.189
15:51:06.486,4.108
15:51:06.486,3.882
15:51:06.486,3.729
15:51:06.486,3.364
15:51:06.486,3.274
15:51:06.486,3.359
15:51:06.486,3.048
15:51:06.486,3.482
15:51:06.486,3.443
15:51:06.486,2.739
15:51:06.486,2.328
15:51:06.486,2.295
15:51:06.486,2.295
15:51:06.486,1.903
15:51:06.486,1.456
15:51:06.486,0.922
15:51:06.502,0.57
15:51:06.503,0.384
15:51:06.503,0.336
15:51:06.503,0.298
15:51:06.503,0.088
15:51:06.503,0.437
15:51:06.503,0.017
15:51:06.503,0.119
15:51:06.503,0.088
15:51:06.503,0.232
15:51:06.503,0.158
15:51:06.503,0.122
15:51:06.503,-0.079
15:51:06.503,-0.134
15:51:06.503,-0.354
15:51:06.503,-0.574
15:51:06.503,-0.683
15:51:06.503,-0.995
15:51:06.503,-1.264
15:51:06.503,-2.359
15:51:06.503,-3.541
15:51:06.518,-2.76
15:51:06.518,-1.646
15:51:06.518,-1.699
15:51:06.518,-3.077
15:51:06.518,-3.92
15:51:06.518,-4.211
15:51:06.518,-4.592
15:51:06.518,-4.172
15:51:06.518,-3.944
15:51:06.518,-4.198
15:51:06.518,-4.046
15:51:06.518,-4.363
15:51:06.518,-4.277
15:51:06.518,-4.554
15:51:06.518,-4.515
15:51:06.518,-4.509
15:51:06.518,-3.969
15:51:06.518,-3.781
15:51:06.518,-3.7
15:51:06.518,-3.718
15:51:06.518,-3.551
15:51:06.518,-3.544
15:51:06.518,-3.842
15:51:06.533,-3.877
15:51:06.535,-4.08
15:51:06.535,-4.038
15:51:06.535,-4.634
15:51:06.535,-5.296
15:51:06.535,-5.267
15:51:06.535,-4.493
15:51:06.535,-3.714
15:51:06.535,-4.033
15:51:06.535,-5.415
15:51:06.535,-5.619
15:51:06.535,-5.496
15:51:06.535,-5.38
15:51:06.535,-5.124
15:51:06.535,-4.952
15:51:06.535,-4.848
15:51:06.535,-4.829
15:51:06.535,-4.708
15:51:06.535,-4.449
15:51:06.535,-4.64
15:51:06.535,-4.438
15:51:06.535,-4.094
15:51:06.535,-3.793
15:51:06.549,-3.639
15:51:06.549,-3.643
15:51:06.549,-3.497
15:51:06.549,-3.175
15:51:06.549,-3.048
15:51:06.549,-2.807
15:51:06.549,-3.506
15:51:06.549,-2.839
15:51:06.549,-2.241
15:51:06.549,-2.146
15:51:06.549,-2.298
15:51:06.549,-2.004
15:51:06.549,-1.611
15:51:06.549,-1.1
15:51:06.549,-0.588
15:51:06.549,-0.367
15:51:06.549,-0.235
15:51:06.549,-0.151
15:51:06.549,-0.049
15:51:06.549,-0.013
15:51:06.549,-0.321
15:51:06.549,-0.026
15:51:06.565,0.119
15:51:06.565,0.019
15:51:06.568,-0.13
15:51:06.568,-0.048
15:51:06.568,0.015
15:51:06.568,0.109
15:51:06.568,0.129
15:51:06.568,0.437
15:51:06.568,0.736
15:51:06.568,1.031
15:51:06.568,0.842
15:51:06.568,1.175
15:51:06.568,2.49
15:51:06.568,3.517
15:51:06.568,2.208
15:51:06.568,1.825
15:51:06.568,2.976
15:51:06.568,3.948
15:51:06.568,4.363
15:51:06.568,4.656
15:51:06.568,4.479
15:51:06.568,3.982
15:51:06.581,4.155
15:51:06.581,4.345
15:51:06.581,4.393
15:51:06.581,4.487
15:51:06.581,4.619
15:51:06.581,4.685
15:51:06.581,4.322
15:51:06.581,3.869
15:51:06.581,3.855
15:51:06.581,3.868
15:51:06.581,3.701
15:51:06.581,3.811
15:51:06.581,3.883
15:51:06.581,3.949
15:51:06.581,4.047
15:51:06.581,4.223
15:51:06.581,4.478
15:51:06.581,5.39
15:51:06.581,5.554
15:51:06.581,4.792
15:51:06.581,3.626
15:51:06.581,4.281
15:51:06.596,5.021
15:51:06.596,5.513
15:51:06.596,5.64
15:51:06.596,5.435
15:51:06.596,5.719
15:51:06.596,5.408
15:51:06.596,5.118
15:51:06.596,5.122
15:51:06.596,4.92
15:51:06.596,4.906
15:51:06.596,4.877
15:51:06.596,4.672
15:51:06.596,4.25
15:51:06.596,4.127
15:51:06.596,4.047
15:51:06.596,3.782
15:51:06.596,3.73
15:51:06.596,3.673
15:51:06.596,3.483
15:51:06.596,3.201
15:51:06.596,3.488
15:51:06.596,3.38
15:51:06.596,2.874
15:51:06.612,3.278
15:51:06.612,3.824
15:51:06.612,3.307
15:51:06.612,2.824
15:51:06.612,2.326
15:51:06.624,2.438
15:51:06.624,2.392
15:51:06.624,1.828
15:51:06.627,1.776
15:51:06.628,1.381
15:51:06.628,1.069
15:51:06.628,0.759
15:51:06.628,0.342
15:51:06.628,0.481
15:51:06.628,0.194
15:51:06.628,0.165
15:51:06.628,0.085
15:51:06.628,0.087
15:51:06.637,0.106
15:51:06.637,0.124
15:51:06.637,0.278
15:51:06.641,0.061
15:51:06.641,0.038
15:51:06.644,-0.167
15:51:06.644,-0.439
15:51:06.644,-0.728
15:51:06.644,-0.878
15:51:06.644,-1.448
15:51:06.644,-2.541
15:51:06.644,-2.963
15:51:06.644,-2.133
15:51:06.644,-2.328
15:51:06.644,-3.264
15:51:06.644,-4.062
15:51:06.644,-4.233
15:51:06.644,-4.663
15:51:06.644,-4.571
15:51:06.644,-4.091
15:51:06.644,-3.985
15:51:06.644,-4.06
15:51:06.644,-4.27
15:51:06.644,-4.303
15:51:06.644,-4.541
15:51:06.644,-4.374
15:51:06.660,-4.24
15:51:06.660,-3.832
15:51:06.660,-3.833
15:51:06.660,-3.5
15:51:06.660,-3.745
15:51:06.660,-3.671
15:51:06.660,-3.746
15:51:06.660,-3.8
15:51:06.660,-3.885
15:51:06.660,-4.106
15:51:06.660,-4.093
15:51:06.660,-4.843
15:51:06.660,-5.38
15:51:06.660,-5.133
15:51:06.660,-3.757
15:51:06.660,-4.0
15:51:06.660,-4.881
15:51:06.660,-5.516
15:51:06.660,-5.587
15:51:06.660,-5.579
15:51:06.660,-5.286
15:51:06.660,-5.17
15:51:06.675,-5.018
15:51:06.675,-4.952
15:51:06.675,-4.79
15:51:06.675,-4.711
15:51:06.675,-4.65
15:51:06.675,-4.441
15:51:06.675,-4.153
15:51:06.675,-3.854
15:51:06.675,-3.79
15:51:06.675,-3.798
15:51:06.675,-3.535
15:51:06.675,-3.28
15:51:06.675,-3.345
15:51:06.675,-3.398
15:51:06.675,-2.948
15:51:06.675,-3.006
15:51:06.675,-3.561
15:51:06.675,-3.132
15:51:06.675,-2.28
15:51:06.675,-2.439
15:51:06.675,-2.385
15:51:06.675,-2.141
15:51:06.691,-1.748
15:51:06.691,-1.253
15:51:06.691,-0.83
15:51:06.691,-0.313
15:51:06.691,-0.302
15:51:06.691,-0.36
15:51:06.691,-0.196
15:51:06.691,-0.081
15:51:06.691,-0.137
15:51:06.691,-0.126
15:51:06.691,0.076
15:51:06.691,-0.004
15:51:06.691,0.383
15:51:06.691,-0.064
15:51:06.691,0.156
15:51:06.691,0.129
15:51:06.691,0.35
15:51:06.691,0.419
15:51:06.691,0.653
15:51:06.691,0.934
15:51:06.691,1.031
15:51:06.691,1.248
15:51:06.691,2.022
15:51:06.691,3.134
15:51:06.691,3.207
15:51:06.707,2.268
15:51:06.707,1.846
15:51:06.707,2.94
15:51:06.707,4.049
15:51:06.707,4.451
15:51:06.707,4.724
15:51:06.707,4.768
15:51:06.707,3.895
15:51:06.707,3.973
15:51:06.707,4.288
15:51:06.707,4.49
15:51:06.707,4.502
15:51:06.707,4.653
15:51:06.707,4.659
15:51:06.707,4.206
15:51:06.707,4.059
15:51:06.707,3.709
15:51:06.707,3.857
15:51:06.707,3.923
15:51:06.707,3.78
15:51:06.707,3.994
15:51:06.707,4.078
15:51:06.707,4.117
15:51:06.707,4.221
15:51:06.722,5.438
15:51:06.722,5.507
15:51:06.722,4.825
15:51:06.722,3.99
15:51:06.722,3.935
15:51:06.722,4.583
15:51:06.722,5.612
15:51:06.722,5.637
15:51:06.722,5.671
15:51:06.722,5.627
15:51:06.722,5.117
15:51:06.722,4.881
15:51:06.722,4.952
15:51:06.722,4.943
15:51:06.722,5.025
15:51:06.722,4.472
15:51:06.722,4.266
15:51:06.722,4.139
15:51:06.722,3.973
15:51:06.722,3.848
15:51:06.722,3.646
15:51:06.722,3.619
15:51:06.738,3.508
15:51:06.738,3.251
15:51:06.738,3.306
15:51:06.738,3.015
15:51:06.738,3.24
15:51:06.738,3.578
15:51:06.738,3.632
15:51:06.738,2.756
15:51:06.738,2.323
15:51:06.738,2.349
15:51:06.738,2.432
15:51:06.738,2.208
15:51:06.738,1.691
15:51:06.738,1.511
15:51:06.738,0.971
15:51:06.738,0.676
15:51:06.738,0.49
15:51:06.738,0.295
15:51:06.738,0.131
15:51:06.738,0.181
15:51:06.738,0.113
15:51:06.738,0.123
15:51:06.738,0.122
15:51:06.738,0.056
15:51:06.738,0.102
15:51:06.754,0.146
15:51:06.754,0.103
15:51:06.754,0.041
15:51:06.754,-0.17
15:51:06.754,-0.339
15:51:06.754,-0.61
15:51:06.754,-0.846
15:51:06.754,-0.847
15:51:06.754,-1.455
15:51:06.754,-2.416
15:51:06.754,-3.283
15:51:06.754,-2.804
15:51:06.754,-2.11
15:51:06.754,-1.699
15:51:06.754,-3.036
15:51:06.754,-3.534
15:51:06.754,-4.188
15:51:06.754,-4.362
15:51:06.754,-4.78
15:51:06.754,-4.115
15:51:06.754,-3.874
15:51:06.754,-4.04
15:51:06.754,-4.251
15:51:06.769,-4.312
15:51:06.769,-4.492
15:51:06.769,-4.538
15:51:06.769,-4.491
15:51:06.769,-4.317
15:51:06.769,-3.987
15:51:06.769,-3.848
15:51:06.769,-3.608
15:51:06.769,-3.575
15:51:06.769,-3.735
15:51:06.769,-3.589
15:51:06.769,-3.737
15:51:06.769,-4.004
15:51:06.769,-4.229
15:51:06.769,-4.016
15:51:06.785,-4.601
15:51:06.785,-5.201
15:51:06.785,-5.565
15:51:06.785,-4.736
15:51:06.785,-3.42
15:51:06.785,-4.126
15:51:06.785,-4.76
15:51:06.785,-5.611
15:51:06.785,-5.712
15:51:06.785,-5.425
15:51:06.785,-5.516
15:51:06.785,-5.253
15:51:06.785,-5.12
15:51:06.800,-4.84
15:51:06.800,-4.856
15:51:06.800,-4.78
15:51:06.800,-4.672
15:51:06.800,-4.538
15:51:06.800,-4.207
15:51:06.800,-3.822
15:51:06.800,-3.801
15:51:06.800,-3.796
15:51:06.800,-3.537
15:51:06.800,-3.363
15:51:06.800,-3.263
15:51:06.800,-3.225
15:51:06.800,-3.441
15:51:06.800,-3.034
15:51:06.800,-2.829
15:51:06.800,-3.291
15:51:06.800,-3.545
15:51:06.800,-3.369
15:51:06.800,-2.089
15:51:06.800,-2.386
15:51:06.800,-2.428
15:51:06.800,-2.291
15:51:06.817,-1.878
15:51:06.817,-1.625
15:51:06.817,-1.234
15:51:06.817,-0.874
15:51:06.817,-0.55
15:51:06.817,-0.356
15:51:06.817,-0.287
15:51:06.817,-0.259
15:51:06.817,0.003
15:51:06.817,0.01
15:51:06.817,-0.197
15:51:06.817,-0.027
15:51:06.817,0.105
15:51:06.817,-0.009
15:51:06.817,-0.03
15:51:06.817,-0.08
15:51:06.817,-0.077
15:51:06.817,0.011
15:51:06.817,0.031
15:51:06.817,0.955
15:51:06.817,0.399
15:51:06.817,0.843
15:51:06.817,1.295
15:51:06.832,0.845
15:51:06.832,1.265
15:51:06.832,3.477
15:51:06.832,3.472
15:51:06.832,1.919
15:51:06.832,1.608
15:51:06.832,2.57
15:51:06.832,3.804
15:51:06.832,4.151
15:51:06.832,4.621
15:51:06.832,4.958
15:51:06.832,4.414
15:51:06.832,3.936
15:51:06.832,4.157
15:51:06.832,4.349
15:51:06.832,4.456
15:51:06.832,4.537
15:51:06.832,4.666
15:51:06.832,4.508
15:51:06.832,4.482
15:51:06.832,4.085
15:51:06.832,3.65
15:51:06.832,3.719
15:51:06.848,3.832
15:51:06.848,3.997
15:51:06.848,3.809
15:51:06.848,4.055
15:51:06.848,4.102
15:51:06.848,4.235
15:51:06.848,4.129
15:51:06.848,4.786
15:51:06.855,5.488
15:51:06.855,5.627
15:51:06.855,3.946
15:51:06.855,3.668
15:51:06.855,4.616
15:51:06.855,5.195
15:51:06.855,5.702
15:51:06.855,5.607
15:51:06.855,5.662
15:51:06.855,5.327
15:51:06.855,5.188
15:51:06.855,5.149
15:51:06.855,4.991
15:51:06.864,4.943
15:51:06.864,4.633
15:51:06.864,4.826
15:51:06.864,4.592
15:51:06.864,4.333
15:51:06.864,3.935
15:51:06.864,3.822
15:51:06.864,3.849
15:51:06.864,3.696
15:51:06.864,3.342
15:51:06.864,3.356
15:51:06.864,3.372
15:51:06.864,3.234
15:51:06.864,2.872
15:51:06.864,3.36
15:51:06.864,3.694
15:51:06.864,3.038
15:51:06.864,2.559
15:51:06.864,2.359
15:51:06.864,2.137
15:51:06.864,1.919
15:51:06.864,1.477
15:51:06.864,1.063
15:51:06.864,0.991
15:51:06.879,0.473
15:51:06.879,0.385
15:51:06.879,0.461
15:51:06.879,0.343
15:51:06.879,0.228
15:51:06.879,0.158
15:51:06.879,0.135
15:51:06.879,0.182
15:51:06.879,-0.045
15:51:06.879,0.133
15:51:06.879,0.214
15:51:06.879,-0.088
15:51:06.879,0.236
15:51:06.879,0.029
15:51:06.879,-0.131
15:51:06.879,-0.272
15:51:06.879,-0.814
15:51:06.879,-0.473
15:51:06.879,-0.579
15:51:06.879,-1.1
15:51:06.879,-1.605
15:51:06.879,-3.072
15:51:06.879,-3.447
15:51:06.895,-2.986
15:51:06.895,-1.76
15:51:06.895,-2.101
15:51:06.895,-2.787
15:51:06.899,-3.979
15:51:06.899,-4.143
15:51:06.899,-4.498
15:51:06.899,-4.631
15:51:06.899,-4.186
15:51:06.899,-4.017
15:51:06.899,-4.08
15:51:06.899,-4.281
15:51:06.899,-4.285
15:51:06.899,-4.567
15:51:06.899,-4.379
15:51:06.899,-4.08
15:51:06.899,-3.779
15:51:06.911,-3.724
15:51:06.911,-3.477
15:51:06.911,-3.547
15:51:06.911,-3.943
15:51:06.911,-3.663
15:51:06.911,-3.886
15:51:06.917,-3.889
15:51:06.917,-4.069
15:51:06.917,-4.368
15:51:06.917,-5.189
15:51:06.917,-5.635
15:51:06.917,-4.739
15:51:06.917,-3.443
15:51:06.917,-3.754
15:51:06.917,-4.868
15:51:06.917,-5.433
15:51:06.927,-5.577
15:51:06.927,-5.616
15:51:06.927,-5.253
15:51:06.927,-5.221
15:51:06.927,-4.87
15:51:06.927,-4.898
15:51:06.927,-4.573
15:51:06.927,-4.66
15:51:06.927,-4.612
15:51:06.927,-4.315
15:51:06.927,-3.917
15:51:06.935,-3.741
15:51:06.935,-3.798
15:51:06.935,-3.743
15:51:06.935,-3.388
15:51:06.935,-3.274
15:51:06.935,-3.324
15:51:06.935,-3.346
15:51:06.941,-2.941
15:51:06.943,-2.883
15:51:06.944,-3.353
15:51:06.944,-3.585
15:51:06.947,-2.956
15:51:06.947,-2.366
15:51:06.947,-2.343
15:51:06.947,-2.308
15:51:06.947,-1.985
15:51:06.947,-1.618
15:51:06.947,-0.947
15:51:06.947,-0.645
15:51:06.947,-0.497
15:51:06.947,-0.384
15:51:06.947,-0.261
15:51:06.947,-0.133
15:51:06.947,-0.16
15:51:06.947,-0.113
15:51:06.947,-0.058
15:51:06.959,-0.15
15:51:06.959,0.007
15:51:06.959,0.003
15:51:06.959,-0.218
15:51:06.959,-0.169
15:51:06.959,0.014
15:51:06.959,0.019
15:51:06.959,0.267
15:51:06.959,0.433
15:51:06.959,0.558
15:51:06.959,1.153
15:51:06.966,0.394
15:51:06.966,1.404
15:51:06.966,2.357
15:51:06.969,3.362
15:51:06.969,3.067
15:51:06.969,2.27
15:51:06.969,1.81
15:51:06.969,2.862
15:51:06.969,3.546
15:51:06.969,4.314
15:51:06.969,4.775
15:51:06.975,4.858
15:51:06.975,4.206
15:51:06.975,3.899
15:51:06.975,4.182
15:51:06.975,4.431
15:51:06.975,4.547
15:51:06.975,4.714
15:51:06.975,4.472
15:51:06.975,4.551
15:51:06.975,4.024
15:51:06.975,3.904
15:51:06.975,3.694
15:51:06.975,3.79
15:51:06.975,3.83
15:51:06.975,3.834
15:51:06.975,4.025
15:51:06.975,4.151
15:51:06.975,4.125
15:51:06.975,4.285
15:51:06.975,4.19
15:51:06.990,4.984
15:51:06.990,5.627
15:51:06.990,5.266
15:51:07.125,4.144
15:51:07.129,3.873
15:51:07.129,4.597
15:51:07.131,5.538
15:51:07.131,5.676
15:51:07.131,5.488
15:51:07.131,5.723
15:51:07.131,5.527
15:51:07.131,5.06
15:51:07.131,5.17
15:51:07.138,4.936
15:51:07.139,4.864
15:51:07.140,4.897
15:51:07.140,4.706
15:51:07.141,4.436
15:51:07.142,3.958
15:51:07.142,4.068
15:51:07.143,3.938
15:51:07.143,3.85
15:51:07.145,3.575
15:51:07.146,3.479
15:51:07.146,3.33
15:51:07.148,3.388
15:51:07.148,3.207
15:51:07.148,3.067
15:51:07.148,3.112
15:51:07.148,3.657
15:51:07.151,3.325
15:51:07.151,2.417
15:51:07.151,2.088
15:51:07.151,2.604
15:51:07.151,2.3
15:51:07.151,1.829
15:51:07.151,1.794
15:51:07.151,1.41
15:51:07.151,0.991
15:51:07.151,1.023
15:51:07.151,0.458
15:51:07.163,0.41
15:51:07.163,0.292
15:51:07.163,0.079
15:51:07.163,0.192
15:51:07.163,0.097
15:51:07.163,-0.059
15:51:07.163,0.068
15:51:07.163,0.06
15:51:07.163,0.182
15:51:07.163,-0.019
15:51:07.163,0.135
15:51:07.163,0.12
15:51:07.163,-0.008
15:51:07.163,-0.313
15:51:07.163,-0.399
15:51:07.163,-0.673
15:51:07.163,-0.659
15:51:07.179,-0.969
15:51:07.179,-0.982
15:51:07.179,-1.781
15:51:07.179,-3.188
15:51:07.179,-3.267
15:51:07.179,-2.658
15:51:07.179,-1.758
15:51:07.179,-2.516
15:51:07.179,-3.155
15:51:07.179,-3.583
15:51:07.179,-4.138
15:51:07.179,-4.784
15:51:07.179,-4.303
15:51:07.179,-3.951
15:51:07.179,-4.009
15:51:07.179,-4.429
15:51:07.179,-4.168
15:51:07.179,-4.464
15:51:07.179,-4.548
15:51:07.179,-4.449
15:51:07.195,-4.015
15:51:07.195,-3.806
15:51:07.195,-3.595
15:51:07.195,-3.53
15:51:07.195,-3.646
15:51:07.195,-3.71
15:51:07.195,-3.747
15:51:07.195,-3.953
15:51:07.195,-3.909
15:51:07.195,-4.109
15:51:07.195,-4.089
15:51:07.195,-5.07
15:51:07.195,-5.439
15:51:07.195,-4.965
15:51:07.195,-3.86
15:51:07.195,-4.081
15:51:07.195,-4.278
15:51:07.195,-5.449
15:51:07.195,-5.648
15:51:07.195,-5.578
15:51:07.195,-5.548
15:51:07.211,-5.444
15:51:07.211,-5.185
15:51:07.211,-4.814
15:51:07.211,-4.926
15:51:07.211,-4.641
15:51:07.211,-4.624
15:51:07.211,-4.361
15:51:07.211,-4.065
15:51:07.211,-3.91
15:51:07.211,-3.678
15:51:07.211,-3.578
15:51:07.211,-3.676
15:51:07.211,-3.222
15:51:07.211,-3.232
15:51:07.211,-3.324
15:51:07.211,-3.16
15:51:07.211,-2.823
15:51:07.211,-3.227
15:51:07.211,-3.647
15:51:07.211,-2.889
15:51:07.211,-2.536
15:51:07.211,-2.703
15:51:07.226,-2.469
15:51:07.226,-1.98
15:51:07.226,-1.667
15:51:07.226,-1.714
15:51:07.226,-1.402
15:51:07.226,-0.829
15:51:07.226,-0.735
15:51:07.226,-0.387
15:51:07.226,-0.314
15:51:07.226,-0.212
15:51:07.226,-0.147
15:51:07.226,-0.145
15:51:07.226,-0.037
15:51:07.226,0.128
15:51:07.226,0.088
15:51:07.226,0.232
15:51:07.226,-0.165
15:51:07.226,-0.043
15:51:07.226,0.059
15:51:07.226,-0.05
15:51:07.226,0.205
15:51:07.226,0.444
15:51:07.226,0.617
15:51:07.242,0.931
15:51:07.242,1.0
15:51:07.242,1.155
15:51:07.242,2.027
15:51:07.242,3.293
15:51:07.242,3.161
15:51:07.242,2.616
15:51:07.242,1.786
15:51:07.242,2.29
15:51:07.242,3.371
15:51:07.242,3.966
15:51:07.250,4.461
15:51:07.250,4.94
15:51:07.250,4.3
15:51:07.250,4.195
15:51:07.250,4.239
15:51:07.250,4.419
15:51:07.250,4.609
15:51:07.250,4.63
15:51:07.250,4.324
15:51:07.250,4.108
15:51:07.250,3.96
15:51:07.250,3.657
15:51:07.258,3.762
15:51:07.258,3.914
15:51:07.258,3.723
15:51:07.258,3.936
15:51:07.258,4.093
15:51:07.258,4.22
15:51:07.258,4.244
15:51:07.258,5.583
15:51:07.258,5.476
15:51:07.258,4.642
15:51:07.258,3.829
15:51:07.258,4.152
15:51:07.258,5.129
15:51:07.258,5.857
15:51:07.258,5.657
15:51:07.258,5.574
15:51:07.258,5.363
15:51:07.258,5.379
15:51:07.258,4.977
15:51:07.258,4.905
15:51:07.258,4.741
15:51:07.274,4.478
15:51:07.274,4.159
15:51:07.274,3.738
15:51:07.274,3.79
15:51:07.274,3.637
15:51:07.274,3.328
15:51:07.274,3.397
15:51:07.274,3.1
15:51:07.274,2.815
15:51:07.274,3.691
15:51:07.274,3.156
15:51:07.274,2.352
15:51:07.274,2.326
15:51:07.274,2.298
15:51:07.274,1.808
15:51:07.274,1.478
15:51:07.274,0.941
15:51:07.274,0.287
15:51:07.274,0.399
15:51:07.274,0.33
15:51:07.289,0.154
15:51:07.289,0.234
15:51:07.289,0.116
15:51:07.289,0.096
15:51:07.289,0.17
15:51:07.289,0.051
15:51:07.289,0.103
15:51:07.289,-0.034
15:51:07.289,-0.289
15:51:07.289,-0.632
15:51:07.289,-0.799
15:51:07.289,-0.939
15:51:07.289,-3.011
15:51:07.289,-3.112
15:51:07.289,-2.14
15:51:07.289,-1.944
15:51:07.289,-3.244
15:51:07.289,-3.793
15:51:07.289,-4.365
15:51:07.289,-4.75
15:51:07.289,-4.005
15:51:07.289,-4.172
15:51:07.289,-4.224
15:51:07.305,-4.354
15:51:07.305,-4.54
15:51:07.305,-4.46
15:51:07.305,-4.001
15:51:07.305,-3.704
15:51:07.305,-3.577
15:51:07.305,-3.608
15:51:07.305,-3.757
15:51:07.305,-3.702
15:51:07.305,-3.788
15:51:07.305,-4.009
15:51:07.305,-4.142
15:51:07.305,-4.768
15:51:07.305,-5.422
15:51:07.305,-4.608
15:51:07.305,-3.785
15:51:07.305,-4.589
15:51:07.305,-5.31
15:51:07.305,-5.616
15:51:07.305,-5.592
15:51:07.305,-5.202
15:51:07.305,-5.105
15:51:07.305,-4.829
15:51:07.321,-4.554
15:51:07.321,-4.51
15:51:07.321,-4.06
15:51:07.321,-3.902
15:51:07.321,-3.743
15:51:07.321,-3.544
15:51:07.321,-3.349
15:51:07.321,-3.351
15:51:07.321,-3.344
15:51:07.321,-3.155
15:51:07.321,-2.915
15:51:07.321,-3.287
15:51:07.321,-3.579
15:51:07.321,-2.093
15:51:07.321,-2.568
15:51:07.321,-2.221
15:51:07.321,-1.904
15:51:07.321,-1.484
15:51:07.321,-1.0
15:51:07.321,-0.59
15:51:07.321,-0.372
15:51:07.321,-0.179
15:51:07.321,-0.227
15:51:07.321,-0.124
15:51:07.321,-0.123
15:51:07.337,0.002
15:51:07.337,-0.079
15:51:07.337,-0.056
15:51:07.337,0.098
15:51:07.337,-0.13
15:51:07.337,-0.079
15:51:07.337,0.139
15:51:07.337,-0.011
15:51:07.337,0.255
15:51:07.337,0.527
15:51:07.337,0.593
15:51:07.337,0.94
15:51:07.337,1.03
15:51:07.337,1.719
15:51:07.337,2.658
15:51:07.337,3.248
15:51:07.337,2.804
15:51:07.337,2.004
15:51:07.337,1.873
15:51:07.337,3.269
15:51:07.337,3.931
15:51:07.337,4.451
15:51:07.337,4.746
15:51:07.353,4.542
15:51:07.353,4.199
15:51:07.353,4.035
15:51:07.353,4.225
15:51:07.353,4.349
15:51:07.353,4.412
15:51:07.353,4.604
15:51:07.353,4.706
15:51:07.353,4.524
15:51:07.353,4.363
15:51:07.353,4.005
15:51:07.353,3.874
15:51:07.353,3.684
15:51:07.353,3.768
15:51:07.353,3.855
15:51:07.353,3.84
15:51:07.353,3.892
15:51:07.353,4.068
15:51:07.353,4.137
15:51:07.353,4.074
15:51:07.353,4.68
15:51:07.369,5.585
15:51:07.369,5.297
15:51:07.369,4.36
15:51:07.369,3.599
15:51:07.369,4.195
15:51:07.369,4.931
15:51:07.369,5.653
15:51:07.369,5.497
15:51:07.369,5.608
15:51:07.369,5.546
15:51:07.369,5.334
15:51:07.369,5.047
15:51:07.369,4.984
15:51:07.369,4.906
15:51:07.369,4.92
15:51:07.369,4.448
15:51:07.369,4.019
15:51:07.369,4.173
15:51:07.369,3.937
15:51:07.369,3.861
15:51:07.369,3.675
15:51:07.369,3.472
15:51:07.369,3.344
15:51:07.369,3.456
15:51:07.369,2.961
15:51:07.385,2.999
15:51:07.385,3.501
15:51:07.385,3.676
15:51:07.385,3.159
15:51:07.385,2.511
15:51:07.385,2.007
15:51:07.385,2.34
15:51:07.385,2.129
15:51:07.385,1.961
15:51:07.385,1.586
15:51:07.385,1.081
15:51:07.385,0.777
15:51:07.385,0.487
15:51:07.385,0.343
15:51:07.385,0.344
15:51:07.385,0.229
15:51:07.385,0.214
15:51:07.385,0.181
15:51:07.385,0.133
15:51:07.401,0.06
15:51:07.401,0.22
15:51:07.401,0.219
15:51:07.401,0.091
15:51:07.401,-0.167
15:51:07.401,-0.143
15:51:07.401,-0.376
15:51:07.401,-0.607
15:51:07.401,-0.832
15:51:07.401,-0.944
15:51:07.401,-1.757
15:51:07.401,-3.389
15:51:07.401,-2.894
15:51:07.401,-1.814
15:51:07.401,-1.493
15:51:07.401,-2.5
15:51:07.401,-3.715
15:51:07.417,-4.13
15:51:07.417,-4.705
15:51:07.417,-4.405
15:51:07.417,-3.957
15:51:07.417,-4.13
15:51:07.417,-4.284
15:51:07.417,-4.593
15:51:07.417,-4.515
15:51:07.417,-4.403
15:51:07.417,-4.098
15:51:07.417,-3.789
15:51:07.417,-3.601
15:51:07.417,-3.484
15:51:07.430,-3.864
15:51:07.430,-3.725
15:51:07.430,-3.774
15:51:07.433,-3.914
15:51:07.433,-4.136
15:51:07.433,-4.551
15:51:07.433,-5.329
15:51:07.433,-5.384
15:51:07.433,-3.68
15:51:07.433,-4.239
15:51:07.433,-5.068
15:51:07.433,-5.67
15:51:07.433,-5.612
15:51:07.433,-5.28
15:51:07.433,-5.141
15:51:07.433,-5.037
15:51:07.433,-4.587
15:51:07.433,-4.611
15:51:07.433,-4.55
15:51:07.433,-4.055
15:51:07.433,-3.814
15:51:07.433,-3.718
15:51:07.448,-3.83
15:51:07.448,-3.612
15:51:07.448,-3.388
15:51:07.448,-3.25
15:51:07.448,-3.358
15:51:07.448,-3.208
15:51:07.448,-2.907
15:51:07.448,-3.11
15:51:07.448,-3.506
15:51:07.448,-3.22
15:51:07.448,-2.945
15:51:07.448,-2.443
15:51:07.448,-2.471
15:51:07.448,-2.034
15:51:07.448,-1.727
15:51:07.448,-1.525
15:51:07.448,-1.256
15:51:07.448,-0.578
15:51:07.464,-0.492
15:51:07.464,-0.359
15:51:07.464,-0.22
15:51:07.464,0.036
15:51:07.464,-0.217
15:51:07.464,0.026
15:51:07.464,-0.006
15:51:07.464,-0.043
15:51:07.464,-0.178
15:51:07.464,0.008
15:51:07.464,0.102
15:51:07.464,0.355
15:51:07.464,0.658
15:51:07.464,0.857
15:51:07.464,0.922
15:51:07.464,1.141
15:51:07.464,2.04
15:51:07.464,3.012
15:51:07.464,3.522
15:51:07.464,2.222
15:51:07.464,1.567
15:51:07.480,2.802
15:51:07.480,3.794
15:51:07.480,4.27
15:51:07.480,4.573
15:51:07.480,4.55
15:51:07.480,4.49
15:51:07.480,4.04
15:51:07.480,4.256
15:51:07.480,4.34
15:51:07.480,4.348
15:51:07.480,4.637
15:51:07.480,4.591
15:51:07.480,4.525
15:51:07.480,4.134
15:51:07.480,3.981
15:51:07.480,3.77
15:51:07.480,3.731
15:51:07.480,3.848
15:51:07.480,3.865
15:51:07.480,3.974
15:51:07.480,4.091
15:51:07.480,4.04
15:51:07.480,4.289
15:51:07.496,4.563
15:51:07.496,5.611
15:51:07.496,5.521
15:51:07.496,4.278
15:51:07.496,3.568
15:51:07.496,4.745
15:51:07.496,5.699
15:51:07.496,5.64
15:51:07.496,5.562
15:51:07.496,5.427
15:51:07.496,5.355
15:51:07.496,5.351
15:51:07.496,5.005
15:51:07.496,4.719
15:51:07.496,4.681
15:51:07.496,5.0
15:51:07.496,4.781
15:51:07.496,4.137
15:51:07.496,4.041
15:51:07.496,3.901
15:51:07.496,3.957
15:51:07.496,3.849
15:51:07.496,3.654
15:51:07.512,3.319
15:51:07.513,3.383
15:51:07.513,3.457
15:51:07.513,3.063
15:51:07.513,3.146
15:51:07.513,3.614
15:51:07.513,3.273
15:51:07.513,2.563
15:51:07.513,2.402
15:51:07.513,2.274
15:51:07.513,2.287
15:51:07.513,1.97
15:51:07.513,1.622
15:51:07.513,1.214
15:51:07.522,0.727
15:51:07.522,0.653
15:51:07.522,0.414
15:51:07.522,0.499
15:51:07.522,0.268
15:51:07.522,0.129
15:51:07.522,0.215
15:51:07.522,0.091
15:51:07.522,0.076
15:51:07.528,0.123
15:51:07.528,0.089
15:51:07.528,0.138
15:51:07.528,0.055
15:51:07.528,-0.203
15:51:07.528,-0.334
15:51:07.528,-0.35
15:51:07.528,-0.835
15:51:07.528,-0.963
15:51:07.528,-1.113
15:51:07.528,-2.146
15:51:07.528,-3.404
15:51:07.528,-2.977
15:51:07.528,-1.735
15:51:07.528,-2.589
15:51:07.528,-3.376
15:51:07.528,-4.124
15:51:07.528,-4.697
15:51:07.528,-4.485
15:51:07.528,-3.983
15:51:07.528,-4.067
15:51:07.543,-4.113
15:51:07.543,-4.477
15:51:07.543,-4.488
15:51:07.543,-4.577
15:51:07.543,-4.471
15:51:07.543,-4.004
15:51:07.543,-3.928
15:51:07.543,-3.656
15:51:07.543,-3.549
15:51:07.543,-3.686
15:51:07.543,-3.823
15:51:07.543,-3.789
15:51:07.543,-3.836
15:51:07.543,-4.019
15:51:07.543,-4.13
15:51:07.543,-3.876
15:51:07.543,-4.654
15:51:07.543,-5.305
15:51:07.543,-5.383
15:51:07.543,-4.496
15:51:07.543,-3.649
15:51:07.559,-4.352
15:51:07.559,-4.785
15:51:07.559,-5.289
15:51:07.559,-5.619
15:51:07.559,-5.623
15:51:07.559,-5.228
15:51:07.559,-5.313
15:51:07.559,-5.105
15:51:07.559,-4.946
15:51:07.559,-4.695
15:51:07.559,-4.627
15:51:07.559,-4.645
15:51:07.568,-4.28
15:51:07.568,-4.088
15:51:07.568,-3.984
15:51:07.568,-3.877
15:51:07.568,-3.716
15:51:07.568,-3.58
15:51:07.568,-3.422
15:51:07.568,-3.245
15:51:07.568,-3.345
15:51:07.568,-2.997
15:51:07.568,-2.917
15:51:07.576,-3.217
15:51:07.576,-3.483
15:51:07.576,-3.217
15:51:07.576,-2.504
15:51:07.576,-2.505
15:51:07.576,-2.14
15:51:07.576,-2.075
15:51:07.576,-1.943
15:51:07.576,-1.601
15:51:07.576,-1.219
15:51:07.576,-0.702
15:51:07.576,-0.464
15:51:07.576,-0.462
15:51:07.576,-0.214
15:51:07.576,-0.095
15:51:07.576,-0.172
15:51:07.576,0.091
15:51:07.576,-0.053
15:51:07.576,0.068
15:51:07.576,-0.061
15:51:07.576,0.073
15:51:07.576,0.026
15:51:07.591,-0.149
15:51:07.591,-0.087
15:51:07.591,-0.059
15:51:07.591,0.07
15:51:07.591,0.348
15:51:07.591,0.597
15:51:07.596,0.734
15:51:07.596,1.093
15:51:07.596,1.714
15:51:07.596,3.313
15:51:07.596,3.2
15:51:07.596,2.453
15:51:07.596,1.967
15:51:07.596,2.837
15:51:07.596,3.98
15:51:07.596,4.383
15:51:07.596,4.687
15:51:07.596,4.646
15:51:07.596,4.284
15:51:07.596,4.064
15:51:07.596,4.204
15:51:07.596,4.292
15:51:07.596,4.522
15:51:07.596,4.744
15:51:07.608,4.554
15:51:07.608,4.424
15:51:07.608,4.151
15:51:07.608,4.063
15:51:07.608,3.911
15:51:07.608,3.662
15:51:07.608,3.749
15:51:07.608,3.973
15:51:07.608,3.795
15:51:07.608,4.085
15:51:07.608,4.008
15:51:07.608,4.231
15:51:07.608,4.288
15:51:07.608,5.035
15:51:07.608,5.561
15:51:07.608,5.478
15:51:07.608,3.893
15:51:07.608,3.782
15:51:07.608,4.382
15:51:07.623,5.18
15:51:07.623,5.733
15:51:07.623,5.559
15:51:07.623,5.658
15:51:07.623,5.639
15:51:07.623,5.275
15:51:07.623,4.816
15:51:07.623,4.797
15:51:07.623,4.86
15:51:07.623,5.11
15:51:07.623,4.665
15:51:07.623,4.453
15:51:07.623,4.061
15:51:07.623,4.01
15:51:07.623,4.03
15:51:07.623,3.967
15:51:07.623,3.765
15:51:07.623,3.598
15:51:07.623,3.397
15:51:07.623,3.296
15:51:07.623,3.308
15:51:07.623,3.024
15:51:07.623,3.274
15:51:07.639,3.516
15:51:07.639,3.174
15:51:07.639,2.626
15:51:07.639,2.528
15:51:07.639,2.384
15:51:07.639,2.121
15:51:07.639,1.921
15:51:07.639,1.501
15:51:07.639,1.271
15:51:07.639,0.915
15:51:07.639,0.576
15:51:07.639,0.504
15:51:07.639,0.229
15:51:07.639,0.37
15:51:07.639,3.963
15:51:07.639,3.651
15:51:07.639,3.811
15:51:07.639,3.927
15:51:07.639,3.765
15:51:07.639,4.104
15:51:07.639,4.344
15:51:07.639,4.181
15:51:07.655,4.953
15:51:07.655,5.485
15:51:07.655,5.29
15:51:07.655,3.836
15:51:07.655,4.12
15:51:07.655,5.121
15:51:07.655,5.797
15:51:07.655,5.639
15:51:07.655,5.26
15:51:07.655,5.323
15:51:07.655,4.945
15:51:07.655,4.993
15:51:07.655,4.721
15:51:07.655,4.855
15:51:07.655,4.433
15:51:07.655,4.033
15:51:07.655,4.028
15:51:07.669,3.804
15:51:07.669,3.595
15:51:07.669,3.509
15:51:07.671,3.353
15:51:07.671,3.346
15:51:07.671,3.32
15:51:07.671,3.046
15:51:07.671,3.521
15:51:07.671,3.145
15:51:07.671,2.493
15:51:07.671,2.245
15:51:07.671,2.152
15:51:07.671,1.803
15:51:07.671,1.271
15:51:07.671,0.805
15:51:07.671,0.608
15:51:07.671,0.317
15:51:07.671,0.41
15:51:07.671,0.236
15:51:07.671,0.126
15:51:07.671,0.034
15:51:07.671,0.059
15:51:07.671,-0.008
15:51:07.671,-0.059
15:51:07.671,0.17
15:51:07.687,0.124
15:51:07.687,0.096
15:51:07.687,-0.059
15:51:07.687,-0.322
15:51:07.690,-0.621
15:51:07.690,-0.833
15:51:07.690,-0.883
15:51:07.690,-0.844
15:51:07.690,-1.924
15:51:07.690,-2.648
15:51:07.690,-3.534
15:51:07.690,-2.621
15:51:07.690,-1.739
15:51:07.690,-2.575
15:51:07.690,-3.343
15:51:07.690,-3.963
15:51:07.690,-4.562
15:51:07.690,-4.826
15:51:07.690,-3.922
15:51:07.690,-3.929
15:51:07.690,-4.287
15:51:07.690,-4.232
15:51:07.690,-4.431
15:51:07.703,-4.539
15:51:07.703,-4.42
15:51:07.703,-4.383
15:51:07.703,-4.072
15:51:07.703,-3.815
15:51:07.703,-3.734
15:51:07.703,-3.439
15:51:07.703,-3.732
15:51:07.703,-3.923
15:51:07.703,-3.692
15:51:07.703,-3.762
15:51:07.703,-4.022
15:51:07.703,-4.082
15:51:07.703,-4.135
15:51:07.703,-4.327
15:51:07.703,-5.539
15:51:07.703,-4.678
15:51:07.703,-3.622
15:51:07.703,-3.985
15:51:07.703,-5.032
15:51:07.703,-5.485
15:51:07.703,-5.483
15:51:07.703,-5.693
15:51:07.703,-5.299
15:51:07.719,-5.136
15:51:07.719,-5.051
15:51:07.719,-4.954
15:51:07.719,-4.603
15:51:07.719,-4.437
15:51:07.719,-4.199
15:51:07.719,-4.014
15:51:07.719,-3.753
15:51:07.719,-3.516
15:51:07.719,-3.524
15:51:07.719,-3.281
15:51:07.719,-3.302
15:51:07.719,-2.827
15:51:07.719,-3.036
15:51:07.719,-3.429
15:51:07.719,-3.36
15:51:07.719,-2.461
15:51:07.719,-2.504
15:51:07.719,-2.402
15:51:07.735,-2.04
15:51:07.735,-1.91
15:51:07.735,-1.695
15:51:07.735,-1.231
15:51:07.735,-0.812
15:51:07.735,-0.579
15:51:07.735,-0.515
15:51:07.735,-0.307
15:51:07.735,-0.152
15:51:07.735,-0.144
15:51:07.735,-0.062
15:51:07.735,-0.01
15:51:07.735,0.033
15:51:07.735,0.138
15:51:07.735,-0.065
15:51:07.735,-0.022
15:51:07.735,0.072
15:51:07.735,0.217
15:51:07.735,0.409
15:51:07.735,0.552
15:51:07.735,0.75
15:51:07.735,0.991
15:51:07.735,1.443
15:51:07.735,2.619
15:51:07.750,3.003
15:51:07.750,2.378
15:51:07.750,2.259
15:51:07.750,3.628
15:51:07.750,4.762
15:51:07.750,4.564
15:51:07.750,4.455
15:51:07.750,4.008
15:51:07.750,4.143
15:51:07.750,4.218
15:51:07.750,4.287
15:51:07.750,4.589
15:51:07.750,4.608
15:51:07.750,4.512
15:51:07.750,4.132
15:51:07.750,3.67
15:51:07.750,3.642
15:51:07.750,3.903
15:51:07.750,3.794
15:51:07.750,4.118
15:51:07.750,4.156
15:51:07.750,4.158
15:51:07.750,4.857
15:51:07.766,5.573
15:51:07.766,4.721
15:51:07.766,3.933
15:51:07.766,4.497
15:51:07.766,5.455
15:51:07.766,5.809
15:51:07.766,5.697
15:51:07.766,5.53
15:51:07.766,5.294
15:51:07.766,4.831
15:51:07.766,5.025
15:51:07.766,4.882
15:51:07.766,4.794
15:51:07.766,4.475
15:51:07.766,3.998
15:51:07.766,4.002
15:51:07.766,4.062
15:51:07.782,3.985
15:51:07.782,3.612
15:51:07.782,3.365
15:51:07.782,3.246
15:51:07.782,3.435
15:51:07.782,2.866
15:51:07.782,3.445
15:51:07.782,3.56
15:51:07.782,2.946
15:51:07.782,2.305
15:51:07.782,2.314
15:51:07.782,2.164
15:51:07.782,2.017
15:51:07.782,1.498
15:51:07.782,1.046
15:51:07.782,0.676
15:51:07.782,0.496
15:51:07.782,0.582
15:51:07.782,0.315
15:51:07.782,0.259
15:51:07.782,0.155
15:51:07.798,0.34
15:51:07.798,-0.02
15:51:07.798,0.073
15:51:07.798,0.187
15:51:07.798,0.072
15:51:07.798,0.219
15:51:07.798,0.228
15:51:07.798,0.057
15:51:07.798,-0.078
15:51:07.798,-0.039
15:51:07.798,-0.566
15:51:07.798,-0.489
15:51:07.798,-0.698
15:51:07.956,-1.004
15:51:07.956,-1.432
15:51:07.968,-2.482
15:51:07.969,-3.228
15:51:07.971,-3.215
15:51:07.971,-1.704
15:51:07.971,-2.3
15:51:07.971,-3.532
15:51:07.971,-4.166
15:51:07.971,-4.71
15:51:07.971,-4.192
15:51:07.971,-4.055
15:51:07.971,-3.957
15:51:07.971,-4.149
15:51:07.971,-4.421
15:51:07.971,-4.482
15:51:07.971,-4.58
15:51:07.971,-4.362
15:51:07.971,-4.106
15:51:07.971,-3.822
15:51:07.971,-3.879
15:51:07.971,-3.508
15:51:07.971,-3.771
15:51:07.971,-3.628
15:51:07.986,-4.236
15:51:07.986,-3.963
15:51:07.986,-4.272
15:51:07.986,-4.962
15:51:07.986,-5.504
15:51:07.986,-5.04
15:51:07.986,-3.687
15:51:07.986,-4.045
15:51:07.986,-5.064
15:51:07.986,-5.664
15:51:07.986,-5.558
15:51:07.986,-5.209
15:51:07.986,-5.136
15:51:07.986,-4.789
15:51:07.986,-4.625
15:51:07.996,-4.705
15:51:07.996,-4.203
15:51:07.996,-3.971
15:51:07.996,-3.989
15:51:07.996,-3.709
15:51:07.996,-3.527
15:51:07.996,-3.241
15:51:08.002,-3.125
15:51:08.002,-3.346
15:51:08.002,-3.051
15:51:08.002,-2.847
15:51:08.002,-3.361
15:51:08.002,-3.408
15:51:08.002,-2.462
15:51:08.002,-2.647
15:51:08.002,-2.341
15:51:08.002,-2.0
15:51:08.002,-1.715
15:51:08.002,-1.38
15:51:08.002,-0.86
15:51:08.002,-0.45
15:51:08.002,-0.357
15:51:08.002,-0.174
15:51:08.002,-0.147
15:51:08.002,0.05
15:51:08.002,0.002
15:51:08.002,-0.023
15:51:08.002,0.185
15:51:08.002,0.022
15:51:08.018,-0.076
15:51:08.018,-0.082
15:51:08.018,0.031
15:51:08.018,-0.119
15:51:08.018,0.1
15:51:08.018,0.237
15:51:08.018,0.562
15:51:08.018,0.669
15:51:08.018,1.024
15:51:08.018,1.078
15:51:08.018,1.678
15:51:08.018,2.858
15:51:08.018,3.449
15:51:08.018,2.391
15:51:08.018,1.696
15:51:08.018,3.253
15:51:08.018,4.061
15:51:08.018,4.396
15:51:08.018,4.638
15:51:08.018,4.647
15:51:08.018,4.335
15:51:08.018,4.265
15:51:08.018,4.367
15:51:08.034,4.448
15:51:08.034,4.84
15:51:08.034,4.534
15:51:08.034,4.46
15:51:08.034,4.244
15:51:08.034,4.098
15:51:08.034,3.84
15:51:08.034,3.697
15:51:08.034,4.081
15:51:08.034,3.937
15:51:08.034,3.832
15:51:08.034,4.133
15:51:08.034,4.129
15:51:08.034,4.202
15:51:08.034,4.434
15:51:08.034,5.244
15:51:08.034,5.484
15:51:08.034,4.796
15:51:08.034,3.742
15:51:08.034,4.051
15:51:08.050,4.949
15:51:08.050,5.5
15:51:08.050,5.674
15:51:08.050,5.59
15:51:08.050,5.612
15:51:08.050,5.208
15:51:08.050,5.436
15:51:08.050,4.868
15:51:08.050,4.999
15:51:08.050,4.697
15:51:08.050,4.706
15:51:08.050,4.429
15:51:08.050,3.953
15:51:08.050,4.085
15:51:08.050,3.746
15:51:08.050,3.798
15:51:08.050,3.526
15:51:08.050,3.266
15:51:08.050,3.336
15:51:08.050,3.085
15:51:08.050,2.97
15:51:08.050,3.553
15:51:08.065,3.377
15:51:08.065,2.933
15:51:08.065,2.381
15:51:08.065,2.317
15:51:08.065,2.24
15:51:08.065,1.725
15:51:08.065,1.672
15:51:08.070,0.883
15:51:08.070,0.66
15:51:08.070,0.505
15:51:08.070,0.482
15:51:08.070,0.433
15:51:08.070,0.298
15:51:08.070,0.254
15:51:08.070,0.196
15:51:08.070,0.104
15:51:08.070,0.106
15:51:08.070,0.037
15:51:08.070,0.054
15:51:08.070,0.068
15:51:08.070,0.155
15:51:08.081,0.086
15:51:08.082,0.001
15:51:08.082,-0.58
15:51:08.082,-0.176
15:51:08.082,-0.523
15:51:08.082,-0.721
15:51:08.082,-1.042
15:51:08.082,-1.024
15:51:08.082,-2.25
15:51:08.082,-3.569
15:51:08.082,-2.423
15:51:08.082,-2.053
15:51:08.082,-3.153
15:51:08.082,-4.013
15:51:08.082,-4.328
15:51:08.082,-4.602
15:51:08.082,-4.478
15:51:08.082,-4.003
15:51:08.082,-4.158
15:51:08.082,-4.27
15:51:08.082,-4.243
15:51:08.082,-4.51
15:51:08.082,-4.447
15:51:08.082,-4.513
15:51:08.097,-4.169
15:51:08.097,-4.024
15:51:08.097,-3.788
15:51:08.097,-3.596
15:51:08.097,-3.422
15:51:08.097,-3.83
15:51:08.097,-3.913
15:51:08.097,-3.788
15:51:08.097,-3.866
15:51:08.097,-3.97
15:51:08.097,-4.069
15:51:08.097,-4.561
15:51:08.097,-5.573
15:51:08.097,-5.021
15:51:08.097,-4.251
15:51:08.097,-3.706
15:51:08.097,-4.412
15:51:08.097,-4.929
15:51:08.097,-5.498
15:51:08.097,-5.513
15:51:08.097,-5.506
15:51:08.097,-5.093
15:51:08.097,-4.917
15:51:08.097,-4.925
15:51:08.113,-4.697
15:51:08.113,-4.369
15:51:08.113,-4.093
15:51:08.113,-3.942
15:51:08.113,-3.869
15:51:08.113,-3.609
15:51:08.113,-3.334
15:51:08.113,-3.327
15:51:08.113,-3.323
15:51:08.113,-3.327
15:51:08.113,-2.815
15:51:08.113,-3.295
15:51:08.113,-3.391
15:51:08.113,-2.458
15:51:08.113,-2.336
15:51:08.113,-2.138
15:51:08.113,-1.931
15:51:08.113,-1.527
15:51:08.113,-1.104
15:51:08.113,-0.356
15:51:08.113,-0.273
15:51:08.113,-0.229
15:51:08.113,-0.144
15:51:08.129,-0.068
15:51:08.129,-0.181
15:51:08.129,0.107
15:51:08.129,0.052
15:51:08.129,-0.038
15:51:08.129,-0.076
15:51:08.129,0.04
15:51:08.134,0.088
15:51:08.136,0.319
15:51:08.136,0.601
15:51:08.136,0.802
15:51:08.136,1.107
15:51:08.136,1.894
15:51:08.136,3.086
15:51:08.136,3.309
15:51:08.136,2.347
15:51:08.136,1.818
15:51:08.136,3.09
15:51:08.136,4.142
15:51:08.136,4.518
15:51:08.136,4.733
15:51:08.144,4.524
15:51:08.144,4.073
15:51:08.144,4.221
15:51:08.144,4.489
15:51:08.144,4.307
15:51:08.144,4.686
15:51:08.144,4.603
15:51:08.144,4.528
15:51:08.144,4.134
15:51:08.144,3.973
15:51:08.144,3.848
15:51:08.144,3.641
15:51:08.144,3.708
15:51:08.144,3.792
15:51:08.144,3.982
15:51:08.144,3.917
15:51:08.144,4.197
15:51:08.144,4.178
15:51:08.144,4.383
15:51:08.144,5.31
15:51:08.144,5.289
15:51:08.144,3.951
15:51:08.144,3.924
15:51:08.160,5.153
15:51:08.160,5.571
15:51:08.160,5.745
15:51:08.160,5.311
15:51:08.160,5.27
15:51:08.160,5.178
15:51:08.160,4.9
15:51:08.160,4.698
15:51:08.160,4.944
15:51:08.160,4.747
15:51:08.160,4.313
15:51:08.160,4.115
15:51:08.160,3.95
15:51:08.160,3.719
15:51:08.160,3.581
15:51:08.160,3.317
15:51:08.160,3.257
15:51:08.160,3.402
15:51:08.160,3.05
15:51:08.160,3.099
15:51:08.160,3.622
15:51:08.160,3.284
15:51:08.160,2.472
15:51:08.176,2.367
15:51:08.176,2.314
15:51:08.176,2.013
15:51:08.176,1.971
15:51:08.176,1.783
15:51:08.176,1.209
15:51:08.176,0.804
15:51:08.176,0.57
15:51:08.176,0.298
15:51:08.176,0.386
15:51:08.176,-0.029
15:51:08.176,-0.084
15:51:08.176,0.155
15:51:08.176,0.007
15:51:08.176,0.05
15:51:08.176,0.007
15:51:08.176,0.037
15:51:08.176,0.198
15:51:08.176,-3.915
15:51:08.192,-4.056
15:51:08.192,-4.094
15:51:08.192,-4.667
15:51:08.192,-5.405
15:51:08.192,-5.365
15:51:08.192,-4.656
15:51:08.192,-3.669
15:51:08.192,-4.414
15:51:08.192,-5.179
15:51:08.192,-5.677
15:51:08.192,-5.62
15:51:08.192,-5.146
15:51:08.192,-5.093
15:51:08.192,-4.759
15:51:08.192,-4.669
15:51:08.192,-4.361
15:51:08.192,-4.183
15:51:08.192,-4.004
15:51:08.192,-3.646
15:51:08.192,-3.612
15:51:08.192,-3.602
15:51:08.192,-3.283
15:51:08.192,-3.272
15:51:08.192,-3.324
15:51:08.192,-3.143
15:51:08.207,-2.928
15:51:08.207,-3.035
15:51:08.207,-3.45
15:51:08.207,-3.359
15:51:08.207,-2.14
15:51:08.207,-2.714
15:51:08.207,-2.375
15:51:08.207,-1.948
15:51:08.207,-1.731
15:51:08.207,-1.679
15:51:08.207,-1.115
15:51:08.207,-0.591
15:51:08.207,-0.263
15:51:08.207,-0.326
15:51:08.207,-0.246
15:51:08.207,-0.02
15:51:08.207,0.072
15:51:08.207,0.128
15:51:08.207,0.064
15:51:08.207,-0.103
15:51:08.207,0.131
15:51:08.207,-0.021
15:51:08.207,-0.141
15:51:08.223,-0.024
15:51:08.223,0.08
15:51:08.223,0.177
15:51:08.223,0.332
15:51:08.223,0.482
15:51:08.223,0.783
15:51:08.223,0.909
15:51:08.223,1.064
15:51:08.223,1.515
15:51:08.223,2.442
15:51:08.223,3.331
15:51:08.223,3.379
15:51:08.223,2.526
15:51:08.223,1.628
15:51:08.223,2.571
15:51:08.239,3.84
15:51:08.239,4.262
15:51:08.239,4.549
15:51:08.239,4.702
15:51:08.239,4.402
15:51:08.239,4.163
15:51:08.239,4.141
15:51:08.239,4.195
15:51:08.239,4.222
15:51:08.239,4.518
15:51:08.239,4.846
15:51:08.239,4.567
15:51:08.239,4.442
15:51:08.239,4.155
15:51:08.239,4.004
15:51:08.239,3.736
15:51:08.239,3.663
15:51:08.239,3.717
15:51:08.239,4.067
15:51:08.239,3.696
15:51:08.239,3.87
15:51:08.239,4.068
15:51:08.239,4.176
15:51:08.254,4.224
15:51:08.254,4.875
15:51:08.254,5.623
15:51:08.254,4.089
15:51:08.254,3.99
15:51:08.254,4.193
15:51:08.254,4.969
15:51:08.254,5.617
15:51:08.254,5.728
15:51:08.254,5.73
15:51:08.254,5.609
15:51:08.254,5.247
15:51:08.254,4.908
15:51:08.254,4.828
15:51:08.254,5.111
15:51:08.254,4.914
15:51:08.254,4.39
15:51:08.254,4.309
15:51:08.270,4.026
15:51:08.270,3.89
15:51:08.270,3.925
15:51:08.270,3.783
15:51:08.270,3.703
15:51:08.270,3.251
15:51:08.270,3.259
15:51:08.270,3.45
15:51:08.270,3.125
15:51:08.270,2.985
15:51:08.270,3.124
15:51:08.270,3.461
15:51:08.270,3.527
15:51:08.270,2.946
15:51:08.270,2.191
15:51:08.270,2.396
15:51:08.270,2.292
15:51:08.270,1.595
15:51:08.270,0.865
15:51:08.270,0.65
15:51:08.286,0.48
15:51:08.286,0.262
15:51:08.286,0.347
15:51:08.286,0.214
15:51:08.286,0.11
15:51:08.286,0.081
15:51:08.286,0.065
15:51:08.286,0.14
15:51:08.286,0.175
15:51:08.286,0.088
15:51:08.286,0.098
15:51:08.286,-0.229
15:51:08.286,-0.391
15:51:08.286,-0.727
15:51:08.286,-0.891
15:51:08.286,-1.003
15:51:08.286,-1.399
15:51:08.302,-2.537
15:51:08.302,-3.449
15:51:08.302,-3.346
15:51:08.302,-1.772
15:51:08.302,-1.674
15:51:08.302,-2.851
15:51:08.302,-3.769
15:51:08.302,-4.399
15:51:08.302,-4.629
15:51:08.302,-4.411
15:51:08.302,-4.03
15:51:08.302,-4.065
15:51:08.302,-4.231
15:51:08.302,-4.317
15:51:08.302,-4.562
15:51:08.317,-4.561
15:51:08.317,-4.289
15:51:08.317,-4.004
15:51:08.317,-3.915
15:51:08.317,-3.633
15:51:08.317,-3.498
15:51:08.317,-3.722
15:51:08.317,-3.853
15:51:08.317,-3.533
15:51:08.317,-4.015
15:51:08.317,-4.198
15:51:08.317,-4.093
15:51:08.317,-4.489
15:51:08.317,-5.472
15:51:08.317,-5.469
15:51:08.317,-3.626
15:51:08.317,-3.784
15:51:08.317,-5.207
15:51:08.317,-5.734
15:51:08.317,-5.505
15:51:08.317,-5.164
15:51:08.317,-5.11
15:51:08.317,-4.882
15:51:08.333,-4.698
15:51:08.333,-4.654
15:51:08.333,-4.282
15:51:08.333,-3.97
15:51:08.333,-3.871
15:51:08.333,-3.707
15:51:08.333,-3.565
15:51:08.333,-3.418
15:51:08.333,-3.246
15:51:08.333,-3.231
15:51:08.333,-3.27
15:51:08.333,-2.849
15:51:08.333,-2.778
15:51:08.333,-3.67
15:51:08.333,-3.249
15:51:08.333,-2.45
15:51:08.333,-2.474
15:51:08.333,-2.301
15:51:08.333,-2.101
15:51:08.333,-1.735
15:51:08.333,-1.445
15:51:08.333,-1.071
15:51:08.348,-0.558
15:51:08.348,-0.381
15:51:08.348,-0.206
15:51:08.348,-0.383
15:51:08.348,-0.031
15:51:08.348,0.123
15:51:08.355,0.036
15:51:08.356,0.212
15:51:08.356,-0.003
15:51:08.356,0.022
15:51:08.356,-0.092
15:51:08.356,-0.173
15:51:08.356,-0.063
15:51:08.356,-0.036
15:51:08.356,0.209
15:51:08.356,0.364
15:51:08.356,0.727
15:51:08.356,0.848
15:51:08.364,1.083
15:51:08.364,1.323
15:51:08.364,2.227
15:51:08.364,3.071
15:51:08.364,3.292
15:51:08.369,2.065
15:51:08.369,1.755
15:51:08.369,2.545
15:51:08.369,3.45
15:51:08.369,4.115
15:51:08.369,4.464
15:51:08.369,4.854
15:51:08.369,4.598
15:51:08.369,4.195
15:51:08.369,4.089
15:51:08.369,4.334
15:51:08.369,4.371
15:51:08.369,4.426
15:51:08.380,4.851
15:51:08.380,4.627
15:51:08.380,4.299
15:51:08.380,4.152
15:51:08.380,4.005
15:51:08.380,3.811
15:51:08.380,3.577
15:51:08.380,3.758
15:51:08.380,4.025
15:51:08.380,3.821
15:51:08.380,4.075
15:51:08.380,4.233
15:51:08.380,4.141
15:51:08.380,4.58
15:51:08.380,5.391
15:51:08.380,5.536
15:51:08.380,4.771
15:51:08.380,3.802
15:51:08.380,4.467
15:51:08.380,5.577
15:51:08.380,5.586
15:51:08.380,5.566
15:51:08.396,5.48
15:51:08.398,5.057
15:51:08.398,5.068
15:51:08.399,4.85
15:51:08.399,4.789
15:51:08.399,4.792
15:51:08.399,4.263
15:51:08.399,4.138
15:51:08.399,3.856
15:51:08.399,3.957
15:51:08.399,3.758
15:51:08.399,3.587
15:51:08.399,3.619
15:51:08.399,3.263
15:51:08.408,3.309
15:51:08.408,3.311
15:51:08.408,3.033
15:51:08.412,3.269
15:51:08.412,3.41
15:51:08.412,3.503
15:51:08.412,2.974
15:51:08.412,2.386
15:51:08.412,2.255
15:51:08.412,2.288
15:51:08.412,2.057
15:51:08.412,1.911
15:51:08.412,1.618
15:51:08.412,1.133
15:51:08.412,0.919
15:51:08.412,0.454
15:51:08.412,0.441
15:51:08.412,0.447
15:51:08.412,0.232
15:51:08.412,0.137
15:51:08.412,-0.002
15:51:08.428,0.161
15:51:08.428,0.172
15:51:08.428,0.023
15:51:08.428,0.165
15:51:08.428,0.107
15:51:08.428,0.14
15:51:08.428,0.102
15:51:08.428,0.101
15:51:08.428,-0.129
15:51:08.428,-0.131
15:51:08.428,-0.496
15:51:08.428,-0.625
15:51:08.428,-0.862
15:51:08.428,-1.089
15:51:08.428,-2.112
15:51:08.428,-3.161
15:51:08.428,-3.106
15:51:08.428,-2.794
15:51:08.444,-1.658
15:51:08.444,-2.629
15:51:08.444,-3.663
15:51:08.444,-4.152
15:51:08.444,-4.468
15:51:08.444,-4.702
15:51:08.444,-4.452
15:51:08.444,-4.029
15:51:08.444,-4.206
15:51:08.444,-4.297
15:51:08.444,-4.159
15:51:08.444,-4.413
15:51:08.454,-4.572
15:51:08.454,-4.387
15:51:08.454,-4.251
15:51:08.454,-4.087
15:51:08.454,-3.89
15:51:08.454,-3.729
15:51:08.454,-3.468
15:51:08.459,-3.715
15:51:08.461,-3.707
15:51:08.461,-3.772
15:51:08.461,-3.933
15:51:08.461,-4.008
15:51:08.461,-4.1
15:51:08.461,-4.367
15:51:08.461,-5.029
15:51:08.461,-5.424
15:51:08.461,-4.642
15:51:08.461,-3.651
15:51:08.461,-3.921
15:51:08.461,-4.707
15:51:08.461,-5.385
15:51:08.461,-5.443
15:51:08.461,-5.672
15:51:08.461,-5.464
15:51:08.461,-4.998
15:51:08.461,-4.908
15:51:08.461,-4.878
15:51:08.476,-4.621
15:51:08.476,-4.368
15:51:08.476,-4.241
15:51:08.476,-3.987
15:51:08.476,-3.803
15:51:08.476,-3.734
15:51:08.476,-3.569
15:51:08.476,-3.271
15:51:08.476,-3.433
15:51:08.476,-3.441
15:51:08.476,-3.16
15:51:08.476,-2.828
15:51:08.476,-2.971
15:51:08.476,-3.573
15:51:08.476,-3.328
15:51:08.476,-2.177
15:51:08.476,-2.372
15:51:08.476,-2.507
15:51:08.476,-2.148
15:51:08.476,-1.907
15:51:08.476,-1.654
15:51:08.476,-1.19
15:51:08.491,-0.813
15:51:08.491,-0.477
15:51:08.491,-0.269
15:51:08.491,-0.178
15:51:08.491,-0.149
15:51:08.491,-0.289
15:51:08.491,-0.148
15:51:08.491,0.02
15:51:08.491,0.187
15:51:08.491,-0.083
15:51:08.491,-0.184
15:51:08.491,-0.037
15:51:08.491,0.07
15:51:08.491,0.064
15:51:08.491,0.221
15:51:08.491,0.472
15:51:08.491,0.499
15:51:08.491,0.856
15:51:08.491,0.999
15:51:08.491,1.668
15:51:08.491,2.864
15:51:08.491,3.615
15:51:08.507,1.845
15:51:08.507,1.637
15:51:08.507,2.9
15:51:08.507,3.963
15:51:08.507,4.357
15:51:08.507,4.641
15:51:08.507,4.57
15:51:08.507,4.332
15:51:08.507,3.943
15:51:08.507,3.883
15:51:08.507,4.476
15:51:08.507,4.444
15:51:08.507,4.713
15:51:08.507,4.567
15:51:08.507,4.247
15:51:08.507,4.035
15:51:08.507,3.903
15:51:08.507,3.718
15:51:08.507,3.797
15:51:08.507,3.927
15:51:08.507,3.705
15:51:08.507,4.009
15:51:08.523,4.158
15:51:08.523,4.1
15:51:08.523,4.187
15:51:08.523,4.995
15:51:08.523,5.506
15:51:08.523,5.407
15:51:08.523,3.954
15:51:08.523,3.859
15:51:08.523,4.422
15:51:08.523,5.216
15:51:08.523,5.844
15:51:08.523,5.433
15:51:08.523,5.701
15:51:08.523,5.46
15:51:08.523,5.26
15:51:08.523,4.873
15:51:08.523,4.719
15:51:08.523,5.075
15:51:08.523,5.012
15:51:08.523,4.727
15:51:08.523,4.565
15:51:08.523,3.965
15:51:08.523,4.019
15:51:08.539,3.767
15:51:08.539,3.849
15:51:08.539,3.448
15:51:08.539,3.262
15:51:08.539,3.342
15:51:08.539,3.238
15:51:08.539,2.961
15:51:08.539,3.758
15:51:08.539,3.353
15:51:08.539,2.686
15:51:08.539,2.139
15:51:08.539,2.377
15:51:08.539,2.262
15:51:08.539,1.959
15:51:08.539,1.549
15:51:08.539,1.111
15:51:08.539,0.747
15:51:08.539,0.566
15:51:08.539,0.429
15:51:08.539,0.367
15:51:08.539,0.258
15:51:08.554,0.169
15:51:08.554,0.095
15:51:08.554,0.071
15:51:08.554,0.016
15:51:08.554,0.154
15:51:08.554,0.259
15:51:08.554,0.233
15:51:08.554,-0.151
15:51:08.554,-0.188
15:51:08.554,-0.249
15:51:08.554,-0.49
15:51:08.554,-0.851
15:51:08.554,-0.971
15:51:08.554,-1.988
15:51:08.554,-3.022
15:51:08.554,-2.537
15:51:08.554,-1.596
15:51:08.554,-2.683
15:51:08.554,-3.778
15:51:08.554,-4.244
15:51:08.554,-4.577
15:51:08.554,-4.172
15:51:08.554,-3.986
15:51:08.570,-4.124
15:51:08.570,-4.334
15:51:08.570,-4.312
15:51:08.570,-4.558
15:51:08.570,-4.454
15:51:08.570,-4.377
15:51:08.570,-3.864
15:51:08.570,-3.741
15:51:08.570,-3.475
15:51:08.570,-3.731
15:51:08.570,-3.722
15:51:08.570,-3.829
15:51:08.570,-4.057
15:51:08.570,-4.144
15:51:08.570,-4.098
15:51:08.570,-4.256
15:51:08.570,-5.625
15:51:08.570,-4.868
15:51:08.570,-3.588
15:51:08.570,-4.294
15:51:08.570,-5.387
15:51:08.570,-5.661
15:51:08.586,-5.501
15:51:08.587,-5.38
15:51:08.587,-5.224
15:51:08.587,-5.066
15:51:08.587,-4.927
15:51:08.587,-4.922
15:51:08.587,-4.775
15:51:08.587,-4.708
15:51:08.587,-4.425
15:51:08.587,-4.147
15:51:08.587,-4.196
15:51:08.587,-3.77
15:51:08.587,-3.6
15:51:08.587,-3.69
15:51:08.587,-3.55
15:51:08.587,-3.285
15:51:08.587,-3.169
15:51:08.587,-3.35
15:51:08.587,-3.044
15:51:08.587,-2.908
15:51:08.587,-3.565
15:51:08.587,-3.56
15:51:08.587,-2.504
15:51:08.602,-2.401
15:51:08.602,-2.353
15:51:08.602,-2.245
15:51:08.602,-2.116
15:51:08.602,-1.658
15:51:08.602,-1.583
15:51:08.602,-0.894
15:51:08.602,-0.457
15:51:08.602,-0.496
15:51:08.602,-0.281
15:51:08.602,-0.274
15:51:08.602,-0.092
15:51:08.602,0.1
15:51:08.602,0.039
15:51:08.602,0.026
15:51:08.602,-0.069
15:51:08.602,0.03
15:51:08.602,-0.082
15:51:08.602,-0.092
15:51:08.602,-0.037
15:51:08.602,0.035
15:51:08.602,0.2
15:51:08.602,0.483
15:51:08.602,0.326
15:51:08.617,0.705
15:51:08.617,0.844
15:51:08.617,1.204
15:51:08.617,1.527
15:51:08.617,2.799
15:51:08.617,3.325
15:51:08.617,3.193
15:51:08.617,2.042
15:51:08.617,1.855
15:51:08.617,2.765
15:51:08.617,3.889
15:51:08.617,4.293
15:51:08.617,4.525
15:51:08.617,4.828
15:51:08.617,4.58
15:51:08.617,4.251
15:51:08.617,4.033
15:51:08.617,4.424
15:51:08.617,4.58
15:51:08.617,4.672
15:51:08.617,4.585
15:51:08.633,4.479
15:51:08.633,4.27
15:51:08.633,4.056
15:51:08.633,3.942
15:51:08.633,3.708
15:51:08.633,3.724
15:51:08.633,4.108
15:51:08.633,3.711
15:51:08.633,3.827
15:51:08.633,4.155
15:51:08.633,4.15
15:51:08.633,4.14
15:51:08.633,5.03
15:51:08.633,5.649
15:51:08.633,4.479
15:51:08.633,3.929
15:51:08.633,4.708
15:51:08.633,5.641
15:51:08.633,5.631
15:51:08.633,5.878
15:51:08.790,5.33
15:51:08.790,4.794
15:51:08.790,4.997
15:51:08.790,4.909
15:51:08.790,4.77
15:51:08.790,4.618
15:51:08.790,4.325
15:51:08.803,4.039
15:51:08.803,4.13
15:51:08.803,3.849
15:51:08.805,3.67
15:51:08.805,3.461
15:51:08.805,3.299
15:51:08.805,3.29
15:51:08.805,3.607
15:51:08.805,3.022
15:51:08.805,3.308
15:51:08.805,3.524
15:51:08.805,3.284
15:51:08.805,2.639
15:51:08.805,2.134
15:51:08.805,2.332
15:51:08.805,1.96
15:51:08.805,1.882
15:51:08.805,1.069
15:51:08.805,0.51
15:51:08.805,0.439
15:51:08.805,0.326
15:51:08.805,0.104
15:51:08.805,0.099
15:51:08.805,0.222
15:51:08.805,0.038
15:51:08.805,-0.055
15:51:08.822,0.13
15:51:08.822,0.08
15:51:08.822,0.138
15:51:08.822,0.232
15:51:08.822,-0.123
15:51:08.822,-0.386
15:51:08.822,-0.367
15:51:08.822,-0.728
15:51:08.822,-0.933
15:51:08.822,-1.042
15:51:08.822,-1.918
15:51:08.822,-3.038
15:51:08.822,-3.165
15:51:08.822,-1.644
15:51:08.822,-2.084
15:51:08.822,-3.896
15:51:08.835,-4.172
15:51:08.835,-4.625
15:51:08.835,-4.55
15:51:08.835,-3.921
15:51:08.835,-4.104
15:51:08.838,-3.931
15:51:08.838,-4.304
15:51:08.838,-4.475
15:51:08.838,-4.397
15:51:08.838,-4.177
15:51:08.838,-3.903
15:51:08.838,-3.884
15:51:08.838,-3.639
15:51:08.838,-3.508
15:51:08.838,-3.566
15:51:08.838,-3.791
15:51:08.838,-3.683
15:51:08.838,-3.846
15:51:08.838,-3.964
15:51:08.838,-4.276
15:51:08.838,-4.969
15:51:08.838,-5.279
15:51:08.838,-5.349
15:51:08.838,-3.91
15:51:08.838,-3.849
15:51:08.838,-5.234
15:51:08.853,-5.731
15:51:08.853,-5.567
15:51:08.853,-5.612
15:51:08.853,-5.268
15:51:08.853,-4.973
15:51:08.853,-5.059
15:51:08.853,-4.768
15:51:08.853,-4.771
15:51:08.853,-4.597
15:51:08.853,-4.367
15:51:08.853,-3.849
15:51:08.853,-3.717
15:51:08.853,-3.777
15:51:08.853,-3.624
15:51:08.853,-3.418
15:51:08.853,-3.236
15:51:08.853,-3.229
15:51:08.853,-3.23
15:51:08.853,-3.06
15:51:08.853,-2.905
15:51:08.853,-3.508
15:51:08.869,-3.351
15:51:08.869,-2.04
15:51:08.869,-2.747
15:51:08.869,-2.313
15:51:08.869,-2.137
15:51:08.869,-1.751
15:51:08.869,-1.668
15:51:08.869,-1.204
15:51:08.869,-0.725
15:51:08.869,-0.531
15:51:08.869,-0.28
15:51:08.869,-0.249
15:51:08.869,-0.268
15:51:08.869,-0.321
15:51:08.869,0.071
15:51:08.869,-0.12
15:51:08.869,0.039
15:51:08.869,0.128
15:51:08.869,-0.051
15:51:08.869,-0.177
15:51:08.885,-0.122
15:51:08.885,0.136
15:51:08.885,0.037
15:51:08.885,0.21
15:51:08.885,0.244
15:51:08.885,0.376
15:51:08.885,0.875
15:51:08.885,1.109
15:51:08.885,1.387
15:51:08.885,2.82
15:51:08.885,3.366
15:51:08.885,2.596
15:51:08.885,1.692
15:51:08.885,2.511
15:51:08.885,3.723
15:51:08.885,4.276
15:51:08.885,4.425
15:51:08.885,4.772
15:51:08.885,4.411
15:51:08.885,4.141
15:51:08.885,4.105
15:51:08.885,4.29
15:51:08.885,4.476
15:51:08.901,4.721
15:51:08.901,4.521
15:51:08.901,4.384
15:51:08.901,4.11
15:51:08.901,4.14
15:51:08.901,3.623
15:51:08.901,3.737
15:51:08.907,4.02
15:51:08.907,3.795
15:51:08.907,4.251
15:51:08.907,4.268
15:51:08.907,4.287
15:51:08.918,5.078
15:51:08.919,5.414
15:51:08.921,5.547
15:51:08.921,4.17
15:51:08.923,3.714
15:51:08.923,4.244
15:51:08.923,5.252
15:51:08.923,5.693
15:51:08.923,5.507
15:51:08.923,5.351
15:51:08.923,5.283
15:51:08.923,4.929
15:51:08.923,4.874
15:51:08.923,4.732
15:51:08.923,4.825
15:51:08.933,4.607
15:51:08.933,4.125
15:51:08.933,4.267
15:51:08.933,3.736
15:51:08.933,3.725
15:51:08.933,3.578
15:51:08.933,3.316
15:51:08.933,3.472
15:51:08.933,3.521
15:51:08.933,2.855
15:51:08.933,2.973
15:51:08.933,3.678
15:51:08.933,3.396
15:51:08.933,2.843
15:51:08.933,2.477
15:51:08.933,2.351
15:51:08.933,2.573
15:51:08.933,2.302
15:51:08.933,1.683
15:51:08.933,1.286
15:51:08.949,0.757
15:51:08.949,0.603
15:51:08.949,0.367
15:51:08.949,0.413
15:51:08.949,0.332
15:51:08.949,0.281
15:51:08.949,0.093
15:51:08.949,0.016
15:51:08.949,0.173
15:51:08.949,0.146
15:51:08.949,0.012
15:51:08.949,0.315
15:51:08.949,0.139
15:51:08.949,0.199
15:51:08.949,-0.084
15:51:08.949,0.054
15:51:08.949,-0.114
15:51:08.964,-0.43
15:51:08.964,-0.576
15:51:08.964,-0.738
15:51:08.964,-1.038
15:51:08.964,-2.57
15:51:08.969,-3.373
15:51:08.969,-2.832
15:51:08.969,-1.51
15:51:08.969,-2.039
15:51:08.969,-3.123
15:51:08.969,-3.944
15:51:08.969,-4.173
15:51:08.969,-4.511
15:51:08.969,-4.485
15:51:08.969,-3.939
15:51:08.969,-3.952
15:51:08.969,-4.214
15:51:08.969,-4.44
15:51:08.969,-4.552
15:51:08.969,-4.63
15:51:08.969,-4.348
15:51:08.980,-4.275
15:51:08.980,-3.926
15:51:08.980,-3.643
15:51:08.980,-3.692
15:51:08.980,-3.491
15:51:08.980,-3.854
15:51:08.980,-3.819
15:51:08.980,-3.772
15:51:08.980,-3.96
15:51:08.980,-4.14
15:51:08.980,-3.996
15:51:08.980,-4.54
15:51:08.980,-5.459
15:51:08.980,-5.557
15:51:08.980,-4.274
15:51:08.980,-3.598
15:51:08.980,-4.12
15:51:08.980,-4.797
15:51:08.980,-5.298
15:51:08.980,-5.693
15:51:08.980,-5.721
15:51:08.980,-5.138
15:51:08.996,-4.857
15:51:08.996,-4.986
15:51:08.996,-4.994
15:51:08.996,-4.633
15:51:08.996,-4.754
15:51:08.996,-4.365
15:51:08.996,-3.915
15:51:08.996,-3.84
15:51:08.996,-3.64
15:51:08.996,-3.8
15:51:08.996,-3.655
15:51:08.996,-3.128
15:51:08.996,-3.375
15:51:08.996,-3.528
15:51:08.996,-3.105
15:51:08.996,-2.749
15:51:08.996,-3.248
15:51:08.996,-3.429
15:51:08.996,-2.633
15:51:08.996,-1.94
15:51:08.996,-2.554
15:51:08.996,-2.491
15:51:08.996,-1.959
15:51:08.996,-1.645
15:51:09.013,-1.305
15:51:09.013,-0.954
15:51:09.013,-0.452
15:51:09.013,-0.361
15:51:09.013,-0.265
15:51:09.013,0.025
15:51:09.013,-0.237
15:51:09.013,0.032
15:51:09.013,0.13
15:51:09.013,-0.004
15:51:09.013,0.006
15:51:09.013,0.125
15:51:09.013,-0.18
15:51:09.013,0.009
15:51:09.013,-0.163
15:51:09.013,0.026
15:51:09.013,0.138
15:51:09.013,0.329
15:51:09.013,0.456
15:51:09.013,0.767
15:51:09.013,0.927
15:51:09.013,1.084
15:51:09.029,2.089
15:51:09.029,3.033
15:51:09.029,3.401
15:51:09.029,2.694
15:51:09.029,1.78
15:51:09.029,1.977
15:51:09.029,3.008
15:51:09.029,3.973
15:51:09.029,4.423
15:51:09.029,4.753
15:51:09.029,4.544
15:51:09.029,3.959
15:51:09.029,4.267
15:51:09.029,4.403
15:51:09.029,4.51
15:51:09.029,4.691
15:51:09.029,4.466
15:51:09.029,4.54
15:51:09.029,4.092
15:51:09.029,4.063
15:51:09.029,3.773
15:51:09.029,3.631
15:51:09.029,3.833
15:51:09.045,3.869
15:51:09.045,3.971
15:51:09.045,4.088
15:51:09.045,4.048
15:51:09.045,4.156
15:51:09.045,4.263
15:51:09.045,5.178
15:51:09.045,5.51
15:51:09.045,4.976
15:51:09.045,3.976
15:51:09.045,3.995
15:51:09.045,4.661
15:51:09.045,5.466
15:51:09.045,5.563
15:51:09.045,5.792
15:51:09.045,5.369
15:51:09.045,5.131
15:51:09.045,5.315
15:51:09.045,4.943
15:51:09.045,4.848
15:51:09.045,4.704
15:51:09.045,4.628
15:51:09.045,4.205
15:51:09.060,4.062
15:51:09.062,4.071
15:51:09.063,3.797
15:51:09.063,3.859
15:51:09.063,3.323
15:51:09.064,3.387
15:51:09.064,3.373
15:51:09.064,3.107
15:51:09.064,3.322
15:51:09.064,3.352
15:51:09.064,2.625
15:51:09.064,2.321
15:51:09.064,2.235
15:51:09.064,2.29
15:51:09.064,1.86
15:51:09.064,1.757
15:51:09.064,1.309
15:51:09.064,0.777
15:51:09.064,0.587
15:51:09.064,0.55
15:51:09.064,0.45
15:51:09.064,0.282
15:51:09.076,0.249
15:51:09.076,0.247
15:51:09.076,0.087
15:51:09.076,0.094
15:51:09.076,0.051
15:51:09.076,0.169
15:51:09.076,0.268
15:51:09.076,0.06
15:51:09.076,-0.092
15:51:09.076,-0.177
15:51:09.076,-0.438
15:51:09.076,-0.461
15:51:09.076,-0.738
15:51:09.076,-0.854
15:51:09.076,-0.926
15:51:09.076,-1.814
15:51:09.076,-2.591
15:51:09.076,-3.302
15:51:09.076,-2.834
15:51:09.076,-1.804
15:51:09.076,-1.998
15:51:09.076,-3.243
15:51:09.092,-3.687
15:51:09.092,-4.153
15:51:09.092,-4.633
15:51:09.092,-4.629
15:51:09.092,-4.334
15:51:09.092,-3.934
15:51:09.092,-4.02
15:51:09.092,-4.337
15:51:09.092,-4.338
15:51:09.092,-4.606
15:51:09.092,-4.422
15:51:09.092,-4.265
15:51:09.092,-4.137
15:51:09.092,-3.927
15:51:09.092,-3.897
15:51:09.092,-3.539
15:51:09.092,-3.504
15:51:09.092,-3.759
15:51:09.092,-3.912
15:51:09.092,-3.619
15:51:09.092,-4.099
15:51:09.092,-4.043
15:51:09.108,-4.143
15:51:09.108,-4.788
15:51:09.108,-5.402
15:51:09.108,-5.338
15:51:09.108,-4.292
15:51:09.108,-3.715
15:51:09.108,-4.179
15:51:09.108,-5.515
15:51:09.108,-5.668
15:51:09.108,-5.565
15:51:09.108,-5.686
15:51:09.108,-5.178
15:51:09.108,-5.218
15:51:09.108,-4.834
15:51:09.108,-4.736
15:51:09.108,-4.661
15:51:09.108,-4.582
15:51:09.108,-4.182
15:51:09.108,-3.861
15:51:09.108,-3.996
15:51:09.108,-3.851
15:51:09.108,-3.678
15:51:09.108,-3.447
15:51:09.124,-3.226
15:51:09.124,-3.222
15:51:09.124,-3.392
15:51:09.124,-2.957
15:51:09.124,-2.927
15:51:09.128,-3.552
15:51:09.128,-3.368
15:51:09.130,-2.49
15:51:09.130,-2.407
15:51:09.130,-2.488
15:51:09.130,-2.054
15:51:09.130,-1.49
15:51:09.130,-1.719
15:51:09.130,-0.967
15:51:09.130,-0.613
15:51:09.130,-0.426
15:51:09.130,-0.369
15:51:09.130,-0.265
15:51:09.130,-0.303
15:51:09.130,-0.183
15:51:09.130,-0.025
15:51:09.139,0.045
15:51:09.139,-0.049
15:51:09.139,0.255
15:51:09.139,-0.275
15:51:09.139,-0.051
15:51:09.139,-0.068
15:51:09.139,0.115
15:51:09.139,0.237
15:51:09.139,0.352
15:51:09.139,0.649
15:51:09.139,0.83
15:51:09.139,1.012
15:51:09.139,1.233
15:51:09.139,2.323
15:51:09.139,3.639
15:51:09.139,2.47
15:51:09.139,1.866
15:51:09.139,2.655
15:51:09.139,4.024
15:51:09.139,4.402
15:51:09.139,4.717
15:51:09.139,4.674
15:51:09.139,4.188
15:51:09.139,4.038
15:51:09.155,4.251
15:51:09.155,4.372
15:51:09.155,4.422
15:51:09.155,4.623
15:51:09.155,4.519
15:51:09.155,4.655
15:51:09.155,4.116
15:51:09.155,4.085
15:51:09.155,3.585
15:51:09.155,3.963
15:51:09.155,3.985
15:51:09.155,3.944
15:51:09.155,4.208
15:51:09.155,4.149
15:51:09.155,4.797
15:51:09.155,5.533
15:51:09.155,5.102
15:51:09.155,3.931
15:51:09.155,4.427
15:51:09.155,5.704
15:51:09.155,5.811
15:51:09.155,5.825
15:51:09.155,5.148
15:51:09.155,5.139
15:51:09.155,4.977
15:51:09.170,4.672
15:51:09.170,4.715
15:51:09.170,4.341
15:51:09.170,4.207
15:51:09.170,4.099
15:51:09.170,3.844
15:51:09.170,3.653
15:51:09.170,3.618
15:51:09.170,3.251
15:51:09.170,3.379
15:51:09.170,3.152
15:51:09.170,2.967
15:51:09.170,3.193
15:51:09.170,3.622
15:51:09.170,2.854
15:51:09.170,2.492
15:51:09.170,2.285
15:51:09.170,2.307
15:51:09.170,1.938
15:51:09.170,1.769
15:51:09.170,1.148
15:51:09.170,1.095
15:51:09.170,0.558
15:51:09.186,0.399
15:51:09.186,0.325
15:51:09.186,0.36
15:51:09.186,0.353
15:51:09.186,0.134
15:51:09.186,-0.009
15:51:09.186,0.068
15:51:09.186,0.022
15:51:09.186,0.084
15:51:09.186,0.259
15:51:09.186,0.197
15:51:09.186,0.156
15:51:09.186,-0.005
15:51:09.186,-0.365
15:51:09.186,-0.657
15:51:09.186,-1.04
15:51:09.186,-1.219
15:51:09.186,-1.875
15:51:09.186,-3.15
15:51:09.186,-3.238
15:51:09.202,-1.584
15:51:09.202,-1.75
15:51:09.202,-2.788
15:51:09.202,-3.974
15:51:09.202,-4.145
15:51:09.202,-4.551
15:51:09.202,-4.717
15:51:09.202,-4.366
15:51:09.202,-3.968
15:51:09.202,-3.946
15:51:09.202,-4.282
15:51:09.202,-4.374
15:51:09.202,-4.621
15:51:09.202,-4.525
15:51:09.202,-4.485
15:51:09.202,-4.237
15:51:09.202,-3.917
15:51:09.202,-3.952
15:51:09.202,-3.509
15:51:09.202,-3.527
15:51:09.202,-3.691
15:51:09.202,-3.767
15:51:09.217,-3.647
15:51:09.217,-3.957
15:51:09.217,-4.046
15:51:09.217,-4.138
15:51:09.217,-4.708
15:51:09.217,-5.475
15:51:09.217,-5.537
15:51:09.217,-4.233
15:51:09.217,-3.671
15:51:09.233,-4.265
15:51:09.233,-4.655
15:51:09.233,-5.409
15:51:09.233,-5.655
15:51:09.233,-5.651
15:51:09.233,-5.425
15:51:09.233,-5.187
15:51:09.233,-4.851
15:51:09.233,-4.685
15:51:09.233,-4.662
15:51:09.233,-4.506
15:51:09.233,-3.777
15:51:09.233,-3.825
15:51:09.233,-3.798
15:51:09.233,-3.579
15:51:09.233,-3.429
15:51:09.233,-3.407
15:51:09.233,-3.36
15:51:09.233,-3.201
15:51:09.233,-2.921
15:51:09.233,-2.875
15:51:09.249,-3.325
15:51:09.249,-3.11
15:51:09.249,-2.557
15:51:09.249,-2.227
15:51:09.249,-2.299
15:51:09.249,-2.08
15:51:09.249,-1.717
15:51:09.249,-1.123
15:51:09.249,-0.781
15:51:09.249,-0.418
15:51:09.249,-0.359
15:51:09.249,-0.406
15:51:09.249,-0.158
15:51:09.249,-0.001
15:51:09.249,-0.038
15:51:09.249,-0.146
15:51:09.249,0.066
15:51:09.249,-0.14
15:51:09.249,0.152
15:51:09.249,-0.063
15:51:09.249,-0.219
15:51:09.249,-0.062
15:51:09.249,-0.003
15:51:09.264,0.301
15:51:09.264,1.097
15:51:09.264,0.95
15:51:09.264,1.891
15:51:09.264,3.269
15:51:09.264,2.803
15:51:09.264,1.552
15:51:09.264,2.932
15:51:09.264,3.733
15:51:09.264,4.436
15:51:09.264,4.406
15:51:09.264,4.793
15:51:09.264,4.445
15:51:09.264,4.1
15:51:09.264,4.191
15:51:09.264,4.203
15:51:09.264,4.427
15:51:09.264,4.587
15:51:09.264,4.69
15:51:09.264,4.494
15:51:09.264,4.233
15:51:09.264,3.918
15:51:09.264,3.8
15:51:09.264,3.813
15:51:09.264,3.85
15:51:09.280,3.837
15:51:09.280,3.882
15:51:09.280,4.138
15:51:09.280,4.165
15:51:09.280,4.322
15:51:09.280,4.876
15:51:09.280,5.488
15:51:09.280,5.191
15:51:09.280,3.767
15:51:09.280,4.495
15:51:09.280,5.105
15:51:09.280,5.646
15:51:09.280,5.627
15:51:09.280,5.594
15:51:09.280,5.436
15:51:09.280,5.143
15:51:09.296,5.185
15:51:09.296,4.828
15:51:09.296,4.951
15:51:09.296,4.696
15:51:09.296,4.377
15:51:09.296,4.223
15:51:09.296,3.874
15:51:09.296,3.802
15:51:09.296,3.834
15:51:09.296,3.618
15:51:09.296,3.429
15:51:09.296,3.295
15:51:09.296,3.332
15:51:09.296,2.975
15:51:09.296,2.863
15:51:09.296,3.308
15:51:09.296,3.596
15:51:09.296,2.721
15:51:09.296,2.321
15:51:09.296,2.224
15:51:09.296,2.372
15:51:09.296,2.171
15:51:09.296,1.891
15:51:09.296,1.593
15:51:09.312,0.866
15:51:09.312,0.573
15:51:09.312,0.471
15:51:09.312,0.61
15:51:09.312,0.505
15:51:09.312,0.251
15:51:09.312,0.059
15:51:09.312,0.127
15:51:09.312,0.259
15:51:09.312,0.06
15:51:09.312,0.086
15:51:09.312,0.197
15:51:09.312,0.096
15:51:09.312,0.274
15:51:09.312,0.142
15:51:09.312,-0.006
15:51:09.312,-0.109
15:51:09.312,-0.405
15:51:09.312,-0.596
15:51:09.312,-0.643
15:51:09.312,-0.941
15:51:09.312,-0.99
15:51:09.312,-2.196
15:51:09.312,-3.398
15:51:09.328,-2.909
15:51:09.328,-1.673
15:51:09.328,-1.863
15:51:09.328,-2.974
15:51:09.328,-3.827
15:51:09.328,-4.022
15:51:09.328,-4.342
15:51:09.328,-4.588
15:51:09.328,-4.291
15:51:09.328,-4.1
15:51:09.328,-4.237
15:51:09.328,-4.206
15:51:09.328,-4.293
15:51:09.328,-4.376
15:51:09.328,-4.533
15:51:09.328,-4.374
15:51:09.328,-4.373
15:51:09.328,-4.01
15:51:09.328,-3.784
15:51:09.328,-3.78
15:51:09.328,-3.59
15:51:09.343,-3.626
15:51:09.343,-3.772
15:51:09.343,-3.782
15:51:09.343,-3.871
15:51:09.343,-3.92
15:51:09.343,-4.175
15:51:09.343,-4.106
15:51:09.343,-4.798
15:51:09.343,-5.475
15:51:09.343,-5.262
15:51:09.343,-4.029
15:51:09.343,-3.808
15:51:09.343,-4.21
15:51:09.343,-4.784
15:51:09.343,-5.582
15:51:09.359,-5.651
15:51:09.359,-5.609
15:51:09.359,-5.286
15:51:09.359,-5.072
15:51:09.359,-4.727
15:51:09.359,-4.849
15:51:09.359,-4.793
15:51:09.359,-4.62
15:51:09.359,-4.217
15:51:09.359,-3.913
15:51:09.359,-3.759
15:51:09.359,-3.686
15:51:09.359,-3.484
15:51:09.359,-3.43
15:51:09.359,-3.243
15:51:09.359,-3.419
15:51:09.359,-3.275
15:51:09.359,-2.858
15:51:09.359,-2.911
15:51:09.375,-3.469
15:51:09.375,-3.405
15:51:09.375,-2.305
15:51:09.375,-2.389
15:51:09.375,-2.257
15:51:09.375,-1.839
15:51:09.375,-1.749
15:51:09.375,-1.173
15:51:09.375,-0.85
15:51:09.375,-0.444
15:51:09.375,-0.29
15:51:09.375,-0.279
15:51:09.375,-0.19
15:51:09.375,0.104
15:51:09.375,-0.026
15:51:09.375,-0.063
15:51:09.375,-0.022
15:51:09.375,-0.056
15:51:09.375,0.005
15:51:09.375,0.042
15:51:09.375,-0.281
15:51:09.375,-0.196
15:51:09.375,0.147
15:51:09.391,0.12
15:51:09.391,0.686
15:51:09.391,0.307
15:51:09.391,0.734
15:51:09.391,1.088
15:51:09.391,1.126
15:51:09.391,1.753
15:51:09.391,3.151
15:51:09.391,3.528
15:51:09.391,2.943
15:51:09.391,1.642
15:51:09.391,2.488
15:51:09.391,3.812
15:51:09.391,4.385
15:51:09.391,4.529
15:51:09.391,4.744
15:51:09.391,4.348
15:51:09.391,4.178
15:51:09.391,4.245
15:51:09.391,4.276
15:51:09.391,4.476
15:51:09.391,4.734
15:51:09.406,4.544
15:51:09.408,4.361
15:51:09.408,4.136
15:51:09.408,4.014
15:51:09.408,3.857
15:51:09.408,3.57
15:51:09.412,3.834
15:51:09.412,3.867
15:51:09.412,3.789
15:51:09.412,3.991
15:51:09.412,4.188
15:51:09.412,4.136
15:51:09.412,4.215
15:51:09.412,4.89
15:51:09.412,5.273
15:51:09.412,5.631
15:51:09.412,4.865
15:51:09.422,3.852
15:51:09.423,3.784
15:51:09.423,5.59
15:51:09.423,5.826
15:51:09.423,5.672
15:51:09.423,5.448
15:51:09.423,5.31
15:51:09.423,4.889
15:51:09.423,4.861
15:51:09.423,4.982
15:51:09.423,4.813
15:51:09.423,4.625
15:51:09.423,4.354
15:51:09.423,4.057
15:51:09.423,4.028
15:51:09.423,3.839
15:51:09.423,3.977
15:51:09.438,3.427
15:51:09.438,3.265
15:51:09.438,3.522
15:51:09.438,3.319
15:51:09.438,2.821
15:51:09.438,3.338
15:51:09.438,3.59
15:51:09.438,2.74
15:51:09.438,2.354
15:51:09.438,2.399
15:51:09.438,2.034
15:51:09.438,1.802
15:51:09.438,1.627
15:51:09.438,1.087
15:51:09.438,0.61
15:51:09.438,0.5
15:51:09.438,0.409
15:51:09.452,0.348
15:51:09.452,0.234
15:51:09.454,0.11
15:51:09.454,-0.052
15:51:09.456,0.108
15:51:09.456,0.014
15:51:09.456,0.163
15:51:09.456,0.258
15:51:09.456,0.265
15:51:09.456,0.059
15:51:09.456,0.067
15:51:09.456,-0.172
15:51:09.456,-0.377
15:51:09.456,-0.519
15:51:09.456,-0.834
15:51:09.456,-1.053
15:51:09.456,-1.148
15:51:09.456,-2.174
15:51:09.456,-3.502
15:51:09.456,-2.048
15:51:09.456,-1.698
15:51:09.470,-2.469
15:51:09.470,-3.498
15:51:09.470,-3.736
15:51:09.470,-4.291
15:51:09.470,-4.811
15:51:09.470,-4.441
15:51:09.470,-4.005
15:51:09.470,-4.007
15:51:09.470,-4.274
15:51:09.470,-4.445
15:51:09.470,-4.608
15:51:09.478,-4.392
15:51:09.478,-4.545
15:51:09.478,-4.116
15:51:09.478,-3.834
15:51:09.478,-3.795
15:51:09.478,-3.662
15:51:09.478,-3.483
15:51:09.478,-3.757
15:51:09.478,-3.874
15:51:09.478,-3.781
15:51:09.478,-3.906
15:51:09.486,-4.037
15:51:09.486,-4.093
15:51:09.486,-4.406
15:51:09.486,-5.189
15:51:09.486,-5.544
15:51:09.486,-4.906
15:51:09.486,-3.524
15:51:09.627,-4.115
15:51:09.627,-5.041
15:51:09.642,-5.526
15:51:09.642,-5.606
15:51:09.642,-5.627
15:51:09.642,-5.352
15:51:09.642,-5.039
15:51:09.642,-4.979
15:51:09.642,-5.023
15:51:09.642,-4.929
15:51:09.642,-4.608
15:51:09.642,-4.518
15:51:09.642,-4.272
15:51:09.642,-3.919
15:51:09.642,-3.809
15:51:09.642,-3.73
15:51:09.642,-3.575
15:51:09.642,-3.5
15:51:09.642,-3.258
15:51:09.642,-3.358
15:51:09.642,-3.012
15:51:09.642,-2.825
15:51:09.642,-3.501
15:51:09.658,-3.607
15:51:09.658,-3.112
15:51:09.658,-1.842
15:51:09.658,-2.265
15:51:09.658,-2.645
15:51:09.658,-2.034
15:51:09.658,-1.709
15:51:09.662,-1.22
15:51:09.662,-0.855
15:51:09.662,-0.492
15:51:09.662,-0.366
15:51:09.662,-0.307
15:51:09.662,-0.163
15:51:09.662,-0.25
15:51:09.662,-0.102
15:51:09.662,0.049
15:51:09.662,0.057
15:51:09.662,0.123
15:51:09.662,0.045
15:51:09.662,-0.103
15:51:09.674,-0.078
15:51:09.674,0.095
15:51:09.674,0.143
15:51:09.674,0.206
15:51:09.674,0.511
15:51:09.674,0.623
15:51:09.674,0.899
15:51:09.674,1.152
15:51:09.674,1.324
15:51:09.674,2.402
15:51:09.674,3.317
15:51:09.674,2.746
15:51:09.674,1.783
15:51:09.674,2.351
15:51:09.674,2.956
15:51:09.674,3.811
15:51:09.674,4.327
15:51:09.674,4.656
15:51:09.674,4.558
15:51:09.674,4.409
15:51:09.674,4.032
15:51:09.674,4.258
15:51:09.690,4.435
15:51:09.690,4.591
15:51:09.690,4.567
15:51:09.690,4.552
15:51:09.690,4.353
15:51:09.690,4.227
15:51:09.690,4.067
15:51:09.690,3.809
15:51:09.690,3.784
15:51:09.690,3.869
15:51:09.690,3.836
15:51:09.690,3.8
15:51:09.690,4.078
15:51:09.690,4.04
15:51:09.690,4.174
15:51:09.690,4.177
15:51:09.690,4.532
15:51:09.690,5.529
15:51:09.690,5.093
15:51:09.705,4.084
15:51:09.705,3.878
15:51:09.705,4.711
15:51:09.705,4.994
15:51:09.705,5.715
15:51:09.705,5.715
15:51:09.705,5.587
15:51:09.705,5.602
15:51:09.705,5.314
15:51:09.705,5.072
15:51:09.705,5.109
15:51:09.705,4.805
15:51:09.705,4.758
15:51:09.721,4.653
15:51:09.721,4.264
15:51:09.721,3.908
15:51:09.721,3.802
15:51:09.721,3.777
15:51:09.721,3.575
15:51:09.721,3.561
15:51:09.721,3.369
15:51:09.721,3.377
15:51:09.721,3.301
15:51:09.721,2.874
15:51:09.721,3.206
15:51:09.721,3.565
15:51:09.721,3.308
15:51:09.721,2.625
15:51:09.721,2.388
15:51:09.721,2.458
15:51:09.721,1.835
15:51:09.721,2.205
15:51:09.721,1.74
15:51:09.721,1.039
15:51:09.721,0.681
15:51:09.737,0.46
15:51:09.737,0.367
15:51:09.737,0.299
15:51:09.737,0.408
15:51:09.737,0.334
15:51:09.737,0.133
15:51:09.737,0.287
15:51:09.737,0.087
15:51:09.737,0.013
15:51:09.737,0.021
15:51:09.737,0.188
15:51:09.737,0.219
15:51:09.737,0.129
15:51:09.737,-0.096
15:51:09.737,-0.082
15:51:09.737,-0.439
15:51:09.737,-0.748
15:51:09.737,-0.766
15:51:09.737,-0.916
15:51:09.737,-1.509
15:51:09.737,-2.547
15:51:09.737,-3.062
15:51:09.737,-1.774
15:51:09.737,-2.092
15:51:09.753,-2.841
15:51:09.753,-3.714
15:51:09.753,-4.148
15:51:09.753,-4.517
15:51:09.753,-4.708
15:51:09.753,-4.414
15:51:09.753,-4.354
15:51:09.753,-4.025
15:51:09.753,-4.086
15:51:09.753,-4.276
15:51:09.753,-4.471
15:51:09.753,-4.56
15:51:09.753,-4.226
15:51:09.753,-4.373
15:51:09.753,-3.777
15:51:09.753,-3.686
15:51:09.753,-3.602
15:51:09.753,-3.689
15:51:09.753,-3.793
15:51:09.753,-3.643
15:51:09.753,-3.765
15:51:09.753,-3.899
15:51:09.753,-3.984
15:51:09.753,-4.022
15:51:09.753,-4.376
15:51:09.769,-5.339
15:51:09.769,-5.345
15:51:09.769,-3.994
15:51:09.769,-4.142
15:51:09.769,-4.511
15:51:09.769,-5.165
15:51:09.769,-5.573
15:51:09.769,-5.643
15:51:09.769,-5.428
15:51:09.769,-5.048
15:51:09.769,-5.109
15:51:09.769,-5.005
15:51:09.769,-4.82
15:51:09.769,-4.607
15:51:09.769,-4.529
15:51:09.769,-4.289
15:51:09.769,-3.983
15:51:09.769,-3.776
15:51:09.769,-3.764
15:51:09.769,-3.646
15:51:09.769,-3.445
15:51:09.769,-3.118
15:51:09.769,-3.456
15:51:09.785,-3.334
15:51:09.785,-2.906
15:51:09.785,-2.821
15:51:09.785,-3.426
15:51:09.785,-3.343
15:51:09.785,-2.752
15:51:09.785,-2.041
15:51:09.785,-2.42
15:51:09.785,-2.126
15:51:09.785,-1.795
15:51:09.785,-1.51
15:51:09.785,-1.113
15:51:09.785,-0.609
15:51:09.785,-0.404
15:51:09.785,-0.391
15:51:09.785,-0.192
15:51:09.785,-0.129
15:51:09.785,-0.332
15:51:09.785,-0.042
15:51:09.785,0.026
15:51:09.785,-0.052
15:51:09.785,-0.043
15:51:09.801,-0.054
15:51:09.801,-0.023
15:51:09.801,0.118
15:51:09.801,0.275
15:51:09.801,0.346
15:51:09.801,0.531
15:51:09.801,0.978
15:51:09.801,0.999
15:51:09.801,1.43
15:51:09.801,2.442
15:51:09.801,3.528
15:51:09.801,2.519
15:51:09.801,1.704
15:51:09.801,2.075
15:51:09.801,3.061
15:51:09.801,3.937
15:51:09.801,4.252
15:51:09.801,4.423
15:51:09.801,4.624
15:51:09.801,4.499
15:51:09.801,4.25
15:51:09.801,4.318
15:51:09.816,4.56
15:51:09.816,4.656
15:51:09.816,4.635
15:51:09.816,4.527
15:51:09.816,4.363
15:51:09.816,3.937
15:51:09.816,4.002
15:51:09.816,3.603
15:51:09.816,3.79
15:51:09.816,3.843
15:51:09.816,3.852
15:51:09.816,3.898
15:51:09.816,4.182
15:51:09.816,4.114
15:51:09.816,4.427
15:51:09.816,5.344
15:51:09.816,5.248
15:51:09.816,3.789
15:51:09.816,4.36
15:51:09.816,5.236
15:51:09.816,5.787
15:51:09.832,5.69
15:51:09.832,5.437
15:51:09.832,5.214
15:51:09.832,4.903
15:51:09.832,4.824
15:51:09.832,4.832
15:51:09.832,4.401
15:51:09.832,4.055
15:51:09.832,4.217
15:51:09.832,3.735
15:51:09.832,3.527
15:51:09.832,3.304
15:51:09.832,3.445
15:51:09.832,3.265
15:51:09.832,2.978
15:51:09.832,3.261
15:51:09.832,3.419
15:51:09.832,2.575
15:51:09.832,2.368
15:51:09.832,2.267
15:51:09.832,2.177
15:51:09.832,1.776
15:51:09.832,1.627
15:51:09.832,0.957
15:51:09.848,0.595
15:51:09.848,0.506
15:51:09.848,0.48
15:51:09.848,0.292
15:51:09.848,0.441
15:51:09.848,0.019
15:51:09.848,0.164
15:51:09.848,0.018
15:51:09.848,-0.008
15:51:09.848,0.163
15:51:09.848,0.159
15:51:09.848,0.161
15:51:09.848,-0.063
15:51:09.848,-0.166
15:51:09.848,-0.285
15:51:09.863,-0.368
15:51:09.863,-0.938
15:51:09.863,-0.926
15:51:09.863,-1.059
15:51:09.863,-2.291
15:51:09.863,-3.325
15:51:09.863,-2.458
15:51:09.863,-1.934
15:51:09.863,-1.9
15:51:09.863,-2.855
15:51:09.863,-3.814
15:51:09.863,-4.235
15:51:09.863,-4.552
15:51:09.863,-4.56
15:51:09.863,-4.091
15:51:09.863,-4.155
15:51:09.863,-4.292
15:51:09.863,-4.422
15:51:09.879,-4.666
15:51:09.879,-4.352
15:51:09.879,-4.099
15:51:09.879,-3.71
15:51:09.879,-3.563
15:51:09.879,-3.87
15:51:09.879,-3.869
15:51:09.879,-3.63
15:51:09.879,-4.113
15:51:09.879,-4.151
15:51:09.879,-4.117
15:51:09.879,-4.274
15:51:09.879,-5.021
15:51:09.879,-5.576
15:51:09.879,-4.908
15:51:09.879,-3.661
15:51:09.895,-4.023
15:51:09.895,-4.366
15:51:09.895,-5.456
15:51:09.895,-5.84
15:51:09.895,-5.633
15:51:09.895,-5.591
15:51:09.895,-5.187
15:51:09.895,-5.012
15:51:09.895,-4.909
15:51:09.904,-4.7
15:51:09.904,-4.781
15:51:09.905,-4.684
15:51:09.905,-4.273
15:51:09.905,-4.039
15:51:09.905,-4.097
15:51:09.905,-3.713
15:51:09.905,-3.593
15:51:09.911,-3.561
15:51:09.911,-3.379
15:51:09.911,-3.35
15:51:09.911,-3.339
15:51:09.911,-3.364
15:51:09.911,-3.041
15:51:09.911,-2.888
15:51:09.911,-3.323
15:51:09.911,-3.095
15:51:09.911,-2.505
15:51:09.911,-2.382
15:51:09.911,-2.297
15:51:09.911,-1.957
15:51:09.911,-1.722
15:51:09.911,-1.315
15:51:09.911,-0.957
15:51:09.927,-0.667
15:51:09.927,-0.302
15:51:09.927,-0.32
15:51:09.927,-0.201
15:51:09.927,0.036
15:51:09.927,-0.037
15:51:09.927,-0.034
15:51:09.927,0.205
15:51:09.927,0.03
15:51:09.927,-0.067
15:51:09.927,-0.007
15:51:09.927,-0.121
15:51:09.927,-0.054
15:51:09.927,0.284
15:51:09.927,0.402
15:51:09.927,0.774
15:51:09.927,1.17
15:51:09.927,1.115
15:51:09.927,2.221
15:51:09.927,3.431
15:51:09.927,3.366
15:51:09.944,1.99
15:51:09.944,1.937
15:51:09.944,2.534
15:51:09.944,3.72
15:51:09.944,4.244
15:51:09.944,4.697
15:51:09.944,4.627
15:51:09.952,4.264
15:51:09.952,4.088
15:51:09.952,4.271
15:51:09.952,4.311
15:51:09.952,4.465
15:51:09.952,4.602
15:51:09.952,4.605
15:51:09.952,4.573
15:51:09.952,4.295
15:51:09.952,3.983
15:51:09.959,3.891
15:51:09.959,3.724
15:51:09.959,3.704
15:51:09.959,3.823
15:51:09.959,3.847
15:51:09.959,3.867
15:51:09.959,4.157
15:51:09.959,4.231
15:51:09.959,4.097
15:51:09.959,5.182
15:51:09.959,5.638
15:51:09.959,4.815
15:51:09.959,3.866
15:51:09.959,3.899
15:51:09.959,4.494
15:51:09.959,5.092
15:51:09.959,5.817
15:51:09.959,5.62
15:51:09.959,5.578
15:51:09.975,5.232
15:51:09.975,5.124
15:51:09.975,4.952
15:51:09.975,4.947
15:51:09.975,4.792
15:51:09.975,4.561
15:51:09.975,4.276
15:51:09.975,3.976
15:51:09.975,3.987
15:51:09.975,3.666
15:51:09.975,3.764
15:51:09.975,3.407
15:51:09.985,3.182
15:51:09.985,3.206
15:51:09.985,3.25
15:51:09.985,3.019
15:51:09.985,3.364
15:51:09.985,3.473
15:51:09.985,2.735
15:51:09.985,2.397
15:51:09.985,2.367
15:51:09.985,2.435
15:51:09.991,2.111
15:51:09.991,1.617
15:51:09.991,0.945
15:51:09.991,0.576
15:51:09.991,0.365
15:51:09.991,0.272
15:51:09.991,0.169
15:51:09.991,0.353
15:51:09.991,0.245
15:51:09.991,0.132
15:51:09.991,0.188
15:51:09.991,0.095
15:51:09.991,0.066
15:51:09.991,0.194
15:51:09.991,0.203
15:51:09.991,0.181
15:51:09.991,0.102
15:51:09.991,-0.227
15:51:09.991,-0.443
15:51:09.991,-0.749
15:51:09.991,-0.77
15:51:10.007,-0.964
15:51:10.007,-1.662
15:51:10.009,-2.874
15:51:10.009,-3.383
15:51:10.009,-2.622
15:51:10.009,-1.621
15:51:10.009,-2.484
15:51:10.009,-3.114
15:51:10.009,-3.818
15:51:10.009,-4.384
15:51:10.009,-4.599
15:51:10.009,-4.671
15:51:10.009,-4.155
15:51:10.009,-3.988
15:51:10.009,-4.142
15:51:10.009,-4.201
15:51:10.009,-4.362
15:51:10.009,-4.61
15:51:10.023,-4.391
15:51:10.023,-4.268
15:51:10.023,-4.046
15:51:10.023,-3.874
15:51:10.023,-3.641
15:51:10.023,-3.52
15:51:10.023,-3.742
15:51:10.023,-3.618
15:51:10.023,-4.011
15:51:10.023,-4.046
15:51:10.023,-4.103
15:51:10.023,-4.63
15:51:10.023,-5.267
15:51:10.023,-5.311
15:51:10.023,-4.428
15:51:10.023,-3.738
15:51:10.023,-4.171
15:51:10.023,-5.28
15:51:10.023,-5.454
15:51:10.023,-5.642
15:51:10.023,-5.501
15:51:10.038,-5.199
15:51:10.038,-5.1
15:51:10.038,-4.916
15:51:10.038,-4.867
15:51:10.038,-4.94
15:51:10.038,-4.552
15:51:10.038,-4.552
15:51:10.038,-3.856
15:51:10.038,-3.789
15:51:10.038,-3.695
15:51:10.038,-3.441
15:51:10.038,-3.318
15:51:10.038,-3.343
15:51:10.038,-3.249
15:51:10.038,-2.894
15:51:10.038,-2.84
15:51:10.038,-3.524
15:51:10.038,-3.252
15:51:10.038,-2.834
15:51:10.038,-2.249
15:51:10.054,-2.537
15:51:10.054,-2.171
15:51:10.054,-2.181
15:51:10.054,-1.3
15:51:10.054,-0.572
15:51:10.054,-0.494
15:51:10.054,-0.334
15:51:10.054,-0.339
15:51:10.054,-0.252
15:51:10.054,-0.129
15:51:10.054,0.077
15:51:10.054,0.025
15:51:10.054,-0.123
15:51:10.054,-0.17
15:51:10.054,0.094
15:51:10.054,-0.188
15:51:10.054,-0.218
15:51:10.054,0.018
15:51:10.054,0.1
15:51:10.054,0.174
15:51:10.054,0.327
15:51:10.054,0.646
15:51:10.070,0.934
15:51:10.070,1.081
15:51:10.070,1.682
15:51:10.070,3.394
15:51:10.070,3.196
15:51:10.070,2.237
15:51:10.070,1.927
15:51:10.070,3.229
15:51:10.070,4.291
15:51:10.070,4.581
15:51:10.070,4.675
15:51:10.070,4.247
15:51:10.070,4.072
15:51:10.070,4.231
15:51:10.070,4.392
15:51:10.070,4.45
15:51:10.070,4.638
15:51:10.070,4.572
15:51:10.070,4.47
15:51:10.070,4.188
15:51:10.070,3.916
15:51:10.070,3.873
15:51:10.070,3.698
15:51:10.070,3.712
15:51:10.070,3.856
15:51:10.086,3.922
15:51:10.086,3.997
15:51:10.086,4.017
15:51:10.086,4.125
15:51:10.086,4.113
15:51:10.086,4.593
15:51:10.086,5.736
15:51:10.086,5.0
15:51:10.086,3.72
15:51:10.086,3.633
15:51:10.086,4.432
15:51:10.086,5.412
15:51:10.086,5.771
15:51:10.086,5.68
15:51:10.086,5.486
15:51:10.086,5.314
15:51:10.086,5.579
15:51:10.086,5.048
15:51:10.086,4.986
15:51:10.086,4.95
15:51:10.086,4.753
15:51:10.086,4.539
15:51:10.086,4.283
15:51:10.086,4.209
15:51:10.102,4.048
15:51:10.102,3.909
15:51:10.102,3.821
15:51:10.102,3.564
15:51:10.102,3.312
15:51:10.102,3.369
15:51:10.102,3.431
15:51:10.102,2.76
15:51:10.102,3.22
15:51:10.102,3.644
15:51:10.102,3.385
15:51:10.102,2.675
15:51:10.102,2.178
15:51:10.102,2.368
15:51:10.102,2.328
15:51:10.102,1.924
15:51:10.102,1.563
15:51:10.102,1.101
15:51:10.102,0.676
15:51:10.102,0.348
15:51:10.102,0.293
15:51:10.102,0.266
15:51:10.102,0.371
15:51:10.102,0.245
15:51:10.118,0.088
15:51:10.118,0.036
15:51:10.118,0.101
15:51:10.118,0.143
15:51:10.118,0.199
15:51:10.118,0.104
15:51:10.118,0.069
15:51:10.118,-0.136
15:51:10.118,-0.077
15:51:10.118,-0.286
15:51:10.118,-0.701
15:51:10.118,-0.775
15:51:10.129,-0.891
15:51:10.129,-1.355
15:51:10.129,-2.477
15:51:10.129,-3.302
15:51:10.129,-2.855
15:51:10.129,-1.807
15:51:10.134,-2.064
15:51:10.134,-3.495
15:51:10.134,-4.069
15:51:10.134,-4.587
15:51:10.134,-4.528
15:51:10.134,-4.356
15:51:10.134,-4.099
15:51:10.134,-4.112
15:51:10.134,-4.241
15:51:10.134,-4.563
15:51:10.134,-4.312
15:51:10.134,-4.197
15:51:10.134,-3.979
15:51:10.134,-4.048
15:51:10.134,-3.47
15:51:10.134,-3.576
15:51:10.134,-3.72
15:51:10.134,-3.693
15:51:10.134,-3.707
15:51:10.134,-4.046
15:51:10.149,-3.997
15:51:10.149,-5.008
15:51:10.149,-5.48
15:51:10.149,-5.224
15:51:10.149,-3.764
15:51:10.149,-3.875
15:51:10.149,-4.738
15:51:10.149,-5.472
15:51:10.149,-5.563
15:51:10.149,-5.465
15:51:10.149,-5.109
15:51:10.149,-5.114
15:51:10.149,-4.875
15:51:10.149,-4.885
15:51:10.149,-4.628
15:51:10.149,-4.618
15:51:10.149,-4.201
15:51:10.149,-4.083
15:51:10.149,-3.947
15:51:10.149,-3.788
15:51:10.149,-3.676
15:51:10.149,-3.701
15:51:10.149,-3.409
15:51:10.165,-3.338
15:51:10.165,-3.334
15:51:10.165,-3.254
15:51:10.165,-2.743
15:51:10.165,-3.086
15:51:10.165,-3.581
15:51:10.165,-3.404
15:51:10.165,-2.339
15:51:10.165,-2.349
15:51:10.165,-2.34
15:51:10.165,-2.15
15:51:10.165,-1.823
15:51:10.165,-1.557
15:51:10.165,-1.02
15:51:10.165,-0.526
15:51:10.165,-0.459
15:51:10.165,-0.351
15:51:10.165,-0.164
15:51:10.165,0.039
15:51:10.165,0.13
15:51:10.165,-0.01
15:51:10.181,0.004
15:51:10.181,-0.139
15:51:10.181,0.042
15:51:10.181,0.083
15:51:10.181,-0.29
15:51:10.181,-0.043
15:51:10.181,-0.09
15:51:10.181,0.1
15:51:10.181,0.242
15:51:10.181,0.476
15:51:10.181,0.995
15:51:10.181,0.936
15:51:10.181,1.177
15:51:10.181,2.455
15:51:10.181,3.329
15:51:10.181,2.899
15:51:10.181,1.883
15:51:10.181,2.049
15:51:10.181,3.181
15:51:10.181,4.044
15:51:10.181,4.367
15:51:10.181,4.671
15:51:10.181,4.763
15:51:10.181,4.181
15:51:10.197,4.066
15:51:10.197,4.366
15:51:10.197,4.468
15:51:10.197,4.707
15:51:10.197,4.65
15:51:10.197,4.365
15:51:10.197,4.145
15:51:10.197,4.094
15:51:10.197,3.757
15:51:10.197,3.664
15:51:10.197,3.756
15:51:10.197,4.085
15:51:10.197,3.817
15:51:10.197,4.053
15:51:10.197,4.261
15:51:10.197,4.2
15:51:10.197,4.557
15:51:10.197,5.206
15:51:10.197,5.546
15:51:10.197,4.853
15:51:10.197,4.106
15:51:10.213,4.263
15:51:10.213,5.095
15:51:10.213,5.463
15:51:10.213,5.55
15:51:10.213,5.621
15:51:10.213,5.598
15:51:10.213,5.386
15:51:10.213,5.051
15:51:10.213,4.741
15:51:10.213,4.826
15:51:10.213,4.902
15:51:10.213,4.872
15:51:10.213,4.313
15:51:10.213,4.068
15:51:10.213,3.777
15:51:10.229,3.953
15:51:10.229,3.777
15:51:10.229,3.644
15:51:10.229,3.36
15:51:10.229,3.405
15:51:10.229,3.432
15:51:10.229,3.289
15:51:10.229,2.894
15:51:10.229,3.484
15:51:10.229,3.448
15:51:10.229,2.877
15:51:10.229,2.269
15:51:10.229,2.31
15:51:10.229,2.382
15:51:10.229,1.918
15:51:10.229,1.815
15:51:10.229,1.639
15:51:10.229,1.255
15:51:10.229,0.687
15:51:10.229,0.459
15:51:10.229,0.393
15:51:10.229,0.363
15:51:10.229,0.337
15:51:10.245,0.017
15:51:10.245,0.079
15:51:10.245,0.084
15:51:10.245,-0.199
15:51:10.245,0.051
15:51:10.245,0.118
15:51:10.245,0.188
15:51:10.245,0.185
15:51:10.245,0.169
15:51:10.245,0.052
15:51:10.245,-0.134
15:51:10.245,-0.148
15:51:10.245,-0.392
15:51:10.245,-0.503
15:51:10.245,-0.701
15:51:10.245,-1.018
15:51:10.245,-2.253
15:51:10.245,-3.276
15:51:10.261,-3.45
15:51:10.261,-2.244
15:51:10.261,-1.516
15:51:10.261,-2.975
15:51:10.261,-3.854
15:51:10.261,-4.059
15:51:10.261,-4.447
15:51:10.261,-4.647
15:51:10.261,-4.023
15:51:10.261,-3.98
15:51:10.261,-4.138
15:51:10.261,-4.219
15:51:10.261,-4.54
15:51:10.261,-4.633
15:51:10.261,-4.523
15:51:10.261,-4.205
15:51:10.261,-3.991
15:51:10.261,-3.726
15:51:10.261,-3.566
15:51:10.261,-3.619
15:51:10.261,-3.871
15:51:10.276,-3.856
15:51:10.276,-4.031
15:51:10.276,-4.041
15:51:10.276,-4.288
15:51:10.276,-5.363
15:51:10.276,-5.219
15:51:10.276,-3.51
15:51:10.276,-3.901
15:51:10.276,-4.582
15:51:10.276,-5.542
15:51:10.276,-5.695
15:51:10.276,-5.496
15:51:10.276,-5.259
15:51:10.276,-5.126
15:51:10.276,-4.931
15:51:10.276,-4.732
15:51:10.276,-4.88
15:51:10.276,-4.548
15:51:10.276,-4.704
15:51:10.276,-4.157
15:51:10.276,-3.972
15:51:10.292,-3.806
15:51:10.292,-3.718
15:51:10.292,-3.563
15:51:10.292,-3.493
15:51:10.292,-3.233
15:51:10.292,-3.18
15:51:10.292,-3.237
15:51:10.292,-2.878
15:51:10.292,-2.996
15:51:10.292,-3.306
15:51:10.292,-3.505
15:51:10.292,-2.984
15:51:10.292,-2.397
15:51:10.292,-2.389
15:51:10.292,-2.291
15:51:10.292,-2.017
15:51:10.292,-1.641
15:51:10.292,-1.181
15:51:10.292,-0.619
15:51:10.292,-0.349
15:51:10.292,-0.397
15:51:10.292,-0.294
15:51:10.292,-0.166
15:51:10.292,-0.157
15:51:10.308,0.088
15:51:10.308,-0.04
15:51:10.308,-0.127
15:51:10.308,0.159
15:51:10.308,0.055
15:51:10.308,-0.088
15:51:10.308,0.009
15:51:10.308,-0.055
15:51:10.308,0.087
15:51:10.308,0.358
15:51:10.308,0.358
15:51:10.308,0.771
15:51:10.308,0.816
15:51:10.308,1.083
15:51:10.308,1.349
15:51:10.308,2.696
15:51:10.308,3.341
15:51:10.308,2.595
15:51:10.308,1.704
15:51:10.308,2.466
15:51:10.308,3.62
15:51:10.308,4.323
15:51:10.308,4.684
15:51:10.324,4.639
15:51:10.324,4.082
15:51:10.324,4.07
15:51:10.324,4.268
15:51:10.324,4.562
15:51:10.324,4.629
15:51:10.324,4.557
15:51:10.324,4.629
15:51:10.324,4.583
15:51:10.324,3.994
15:51:10.324,3.961
15:51:10.324,3.81
15:51:10.324,3.649
15:51:10.324,3.775
15:51:10.324,3.932
15:51:10.324,3.953
15:51:10.324,4.062
15:51:10.513,4.186
15:51:10.513,4.258
15:51:10.513,5.029
15:51:10.513,5.515
15:51:10.513,5.403
15:51:10.513,3.951
15:51:10.513,3.753
15:51:10.513,4.619
15:51:10.513,5.63
15:51:10.513,5.794
15:51:10.513,5.418
15:51:10.513,5.615
15:51:10.513,5.612
15:51:10.513,5.253
15:51:10.513,4.756
15:51:10.513,4.979
15:51:10.528,4.986
15:51:10.528,4.654
15:51:10.528,4.236
15:51:10.528,4.049
15:51:10.528,4.07
15:51:10.528,3.923
15:51:10.528,3.752
15:51:10.528,3.551
15:51:10.528,3.387
15:51:10.528,3.386
15:51:10.528,3.406
15:51:10.528,3.344
15:51:10.528,2.94
15:51:10.528,3.165
15:51:10.528,3.517
15:51:10.528,3.587
15:51:10.528,2.923
15:51:10.528,2.347
15:51:10.528,2.276
15:51:10.544,2.308
15:51:10.544,1.908
15:51:10.545,1.606
15:51:10.545,0.949
15:51:10.545,0.713
15:51:10.545,0.613
15:51:10.545,0.32
15:51:10.545,0.504
15:51:10.545,0.184
15:51:10.545,0.088
15:51:10.545,0.053
15:51:10.545,0.268
15:51:10.545,-0.005
15:51:10.545,-0.071
15:51:10.545,0.185
15:51:10.545,0.132
15:51:10.545,0.157
15:51:10.545,0.02
15:51:10.545,-0.167
15:51:10.545,-0.388
15:51:10.545,-0.392
15:51:10.545,-0.591
15:51:10.560,-0.867
15:51:10.560,-0.928
15:51:10.560,-1.171
15:51:10.560,-2.7
15:51:10.560,-3.255
15:51:10.560,-2.495
15:51:10.560,-1.596
15:51:10.560,-2.271
15:51:10.560,-3.356
15:51:10.560,-3.836
15:51:10.560,-4.279
15:51:10.560,-4.754
15:51:10.560,-4.203
15:51:10.560,-4.091
15:51:10.560,-4.198
15:51:10.560,-4.233
15:51:10.560,-4.507
15:51:10.560,-4.57
15:51:10.560,-4.388
15:51:10.560,-4.088
15:51:10.560,-3.833
15:51:10.575,-3.713
15:51:10.575,-3.67
15:51:10.575,-3.602
15:51:10.575,-3.922
15:51:10.575,-3.704
15:51:10.575,-3.992
15:51:10.575,-4.129
15:51:10.575,-4.178
15:51:10.575,-4.529
15:51:10.581,-5.324
15:51:10.581,-5.375
15:51:10.581,-4.381
15:51:10.581,-4.055
15:51:10.581,-5.013
15:51:10.581,-5.441
15:51:10.581,-5.535
15:51:10.581,-5.758
15:51:10.581,-5.374
15:51:10.581,-4.923
15:51:10.581,-4.973
15:51:10.581,-4.832
15:51:10.581,-4.775
15:51:10.581,-4.656
15:51:10.591,-4.418
15:51:10.591,-4.278
15:51:10.591,-3.995
15:51:10.591,-3.868
15:51:10.591,-3.752
15:51:10.591,-3.519
15:51:10.591,-3.242
15:51:10.591,-2.987
15:51:10.591,-3.586
15:51:10.591,-3.109
15:51:10.591,-2.798
15:51:10.591,-3.201
15:51:10.591,-3.51
15:51:10.591,-2.488
15:51:10.591,-2.2
15:51:10.591,-2.826
15:51:10.591,-2.344
15:51:10.591,-2.026
15:51:10.591,-1.799
15:51:10.591,-1.242
15:51:10.591,-0.666
15:51:10.608,-0.53
15:51:10.608,-0.321
15:51:10.608,-0.352
15:51:10.608,-0.199
15:51:10.608,0.001
15:51:10.608,-0.005
15:51:10.608,-0.126
15:51:10.608,0.07
15:51:10.608,0.038
15:51:10.608,-0.136
15:51:10.608,-0.119
15:51:10.608,0.0
15:51:10.608,0.144
15:51:10.608,0.163
15:51:10.623,0.415
15:51:10.623,0.805
15:51:10.623,1.006
15:51:10.623,1.022
15:51:10.623,1.984
15:51:10.623,3.607
15:51:10.623,3.091
15:51:10.623,2.189
15:51:10.623,1.818
15:51:10.623,2.737
15:51:10.623,3.752
15:51:10.623,4.266
15:51:10.623,4.419
15:51:10.623,4.641
15:51:10.623,4.576
15:51:10.623,4.229
15:51:10.623,4.252
15:51:10.623,3.965
15:51:10.623,4.35
15:51:10.623,4.576
15:51:10.623,4.717
15:51:10.623,4.777
15:51:10.623,4.459
15:51:10.623,4.203
15:51:10.639,3.992
15:51:10.639,3.75
15:51:10.639,3.734
15:51:10.639,3.91
15:51:10.639,3.888
15:51:10.639,3.815
15:51:10.639,4.114
15:51:10.639,4.169
15:51:10.639,4.327
15:51:10.639,4.591
15:51:10.639,5.598
15:51:10.639,5.297
15:51:10.639,3.754
15:51:10.639,4.08
15:51:10.639,5.027
15:51:10.639,5.618
15:51:10.639,5.581
15:51:10.639,5.645
15:51:10.639,5.433
15:51:10.639,5.418
15:51:10.639,5.121
15:51:10.655,4.967
15:51:10.655,4.857
15:51:10.655,4.909
15:51:10.655,4.872
15:51:10.655,4.543
15:51:10.655,4.23
15:51:10.655,4.029
15:51:10.655,3.856
15:51:10.655,3.837
15:51:10.655,3.733
15:51:10.655,3.649
15:51:10.655,3.239
15:51:10.655,3.393
15:51:10.655,3.46
15:51:10.655,3.017
15:51:10.655,3.025
15:51:10.655,3.528
15:51:10.655,3.744
15:51:10.670,3.084
15:51:10.670,2.684
15:51:10.670,2.23
15:51:10.670,2.467
15:51:10.670,2.156
15:51:10.670,1.863
15:51:10.670,1.721
15:51:10.670,1.096
15:51:10.670,0.689
15:51:10.670,0.348
15:51:10.670,0.514
15:51:10.670,0.358
15:51:10.670,0.307
15:51:10.670,0.449
15:51:10.670,0.142
15:51:10.670,-0.027
15:51:10.670,0.166
15:51:10.670,0.058
15:51:10.670,0.097
15:51:10.686,0.057
15:51:10.686,0.215
15:51:10.686,0.153
15:51:10.686,0.081
15:51:10.686,-0.018
15:51:10.686,-0.386
15:51:10.686,-0.585
15:51:10.686,-0.793
15:51:10.686,-0.829
15:51:10.686,-1.085
15:51:10.686,-1.905
15:51:10.686,-2.987
15:51:10.686,-3.286
15:51:10.686,-2.828
15:51:10.686,-1.598
15:51:10.686,-2.285
15:51:10.686,-3.441
15:51:10.686,-4.02
15:51:10.686,-4.349
15:51:10.686,-4.437
15:51:10.686,-4.488
15:51:10.686,-4.236
15:51:10.686,-4.172
15:51:10.686,-4.261
15:51:10.702,-4.39
15:51:10.702,-4.489
15:51:10.702,-4.489
15:51:10.702,-4.427
15:51:10.702,-4.057
15:51:10.702,-3.89
15:51:10.702,-3.821
15:51:10.702,-3.597
15:51:10.702,-3.602
15:51:10.702,-3.724
15:51:10.702,-3.713
15:51:10.702,-3.682
15:51:10.702,-3.83
15:51:10.702,-4.023
15:51:10.702,-4.162
15:51:10.702,-4.71
15:51:10.702,-5.35
15:51:10.719,-5.111
15:51:10.720,-4.144
15:51:10.720,-3.625
15:51:10.723,-3.978
15:51:10.723,-4.784
15:51:10.723,-5.516
15:51:10.723,-5.629
15:51:10.723,-5.519
15:51:10.723,-5.249
15:51:10.723,-5.056
15:51:10.723,-4.997
15:51:10.723,-4.871
15:51:10.723,-4.77
15:51:10.723,-4.676
15:51:10.723,-4.524
15:51:10.723,-4.194
15:51:10.723,-3.957
15:51:10.723,-3.968
15:51:10.734,-3.823
15:51:10.734,-3.514
15:51:10.734,-3.428
15:51:10.734,-3.367
15:51:10.734,-3.252
15:51:10.734,-3.319
15:51:10.734,-2.96
15:51:10.734,-2.924
15:51:10.734,-3.285
15:51:10.734,-3.419
15:51:10.734,-2.702
15:51:10.734,-2.303
15:51:10.734,-2.204
15:51:10.734,-2.32
15:51:10.734,-1.796
15:51:10.734,-1.534
15:51:10.734,-1.419
15:51:10.734,-0.684
15:51:10.734,-0.441
15:51:10.734,-0.298
15:51:10.734,-0.287
15:51:10.734,0.009
15:51:10.750,-0.041
15:51:10.750,-0.145
15:51:10.750,-0.001
15:51:10.750,0.046
15:51:10.750,-0.032
15:51:10.750,0.071
15:51:10.750,-0.189
15:51:10.750,-0.04
15:51:10.750,0.056
15:51:10.750,0.121
15:51:10.750,0.254
15:51:10.750,0.399
15:51:10.750,0.916
15:51:10.750,1.004
15:51:10.750,0.997
15:51:10.750,2.389
15:51:10.750,3.194
15:51:10.750,2.927
15:51:10.750,1.459
15:51:10.750,2.524
15:51:10.750,3.714
15:51:10.750,4.145
15:51:10.766,4.287
15:51:10.766,4.746
15:51:10.766,4.761
15:51:10.766,4.458
15:51:10.766,3.929
15:51:10.766,4.358
15:51:10.766,4.51
15:51:10.766,4.548
15:51:10.766,4.69
15:51:10.766,4.613
15:51:10.766,4.182
15:51:10.766,4.112
15:51:10.766,3.941
15:51:10.766,3.74
15:51:10.766,3.662
15:51:10.766,3.804
15:51:10.766,3.859
15:51:10.766,3.927
15:51:10.766,3.977
15:51:10.766,4.058
15:51:10.766,4.23
15:51:10.766,4.326
15:51:10.766,5.318
15:51:10.782,5.663
15:51:10.782,4.937
15:51:10.782,3.877
15:51:10.782,4.164
15:51:10.782,5.098
15:51:10.782,5.376
15:51:10.782,5.512
15:51:10.782,5.615
15:51:10.782,5.743
15:51:10.782,5.422
15:51:10.782,5.212
15:51:10.782,5.242
15:51:10.782,4.573
15:51:10.782,4.928
15:51:10.782,5.053
15:51:10.782,4.618
15:51:10.782,3.908
15:51:10.782,4.045
15:51:10.782,4.088
15:51:10.782,3.933
15:51:10.782,3.699
15:51:10.782,3.489
15:51:10.782,3.3
15:51:10.798,3.415
15:51:10.798,3.379
15:51:10.798,3.131
15:51:10.798,2.934
15:51:10.798,3.5
15:51:10.798,3.596
15:51:10.798,3.207
15:51:10.798,2.216
15:51:10.798,2.237
15:51:10.798,2.408
15:51:10.798,2.176
15:51:10.798,1.819
15:51:10.798,1.829
15:51:10.798,1.423
15:51:10.798,0.943
15:51:10.798,0.46
15:51:10.798,0.464
15:51:10.798,0.433
15:51:10.798,0.248
15:51:10.798,0.055
15:51:10.798,-0.086
15:51:10.798,0.141
15:51:10.798,0.198
15:51:10.813,-0.007
15:51:10.814,0.017
15:51:10.814,0.131
15:51:10.814,0.246
15:51:10.814,0.206
15:51:10.814,0.156
15:51:10.814,-0.033
15:51:10.814,-0.247
15:51:10.814,-0.472
15:51:10.814,-0.774
15:51:10.814,-0.98
15:51:10.814,-0.719
15:51:10.814,-2.097
15:51:10.814,-3.125
15:51:10.814,-3.577
15:51:10.814,-2.357
15:51:10.814,-1.504
15:51:10.814,-2.18
15:51:10.814,-3.333
15:51:10.814,-3.86
15:51:10.830,-4.172
15:51:10.830,-4.341
15:51:10.830,-4.69
15:51:10.830,-4.31
15:51:10.830,-4.095
15:51:10.830,-3.951
15:51:10.830,-4.453
15:51:10.830,-4.411
15:51:10.830,-4.541
15:51:10.830,-4.495
15:51:10.830,-4.28
15:51:10.830,-4.184
15:51:10.830,-3.866
15:51:10.830,-3.544
15:51:10.830,-3.598
15:51:10.830,-3.538
15:51:10.830,-3.713
15:51:10.830,-3.733
15:51:10.830,-3.9
15:51:10.830,-3.989
15:51:10.830,-4.053
15:51:10.830,-4.373
15:51:10.830,-5.496
15:51:10.845,-5.094
15:51:10.846,-3.924
15:51:10.846,-4.013
15:51:10.846,-4.829
15:51:10.846,-5.301
15:51:10.846,-5.4
15:51:10.846,-5.52
15:51:10.846,-5.502
15:51:10.846,-5.274
15:51:10.846,-5.029
15:51:10.846,-5.049
15:51:10.846,-4.935
15:51:10.846,-4.742
15:51:10.846,-4.722
15:51:10.846,-4.68
15:51:10.846,-4.34
15:51:10.846,-3.87
15:51:10.846,-3.984
15:51:10.846,-3.762
15:51:10.861,-3.67
15:51:10.862,-3.676
15:51:10.862,-3.275
15:51:10.862,-3.156
15:51:10.862,-3.481
15:51:10.862,-3.247
15:51:10.867,-2.975
15:51:10.867,-2.907
15:51:10.867,-3.207
15:51:10.867,-3.413
15:51:10.867,-3.089
15:51:10.867,-2.241
15:51:10.867,-2.466
15:51:10.867,-2.282
15:51:10.867,-2.181
15:51:10.867,-1.556
15:51:10.867,-1.546
15:51:10.867,-1.405
15:51:10.867,-0.803
15:51:10.867,-0.507
15:51:10.877,-0.376
15:51:10.877,-0.282
15:51:10.877,-0.132
15:51:10.877,-0.048
15:51:10.877,0.17
15:51:10.877,0.078
15:51:10.877,-0.221
15:51:10.877,0.081
15:51:10.877,0.095
15:51:10.877,0.161
15:51:10.877,-0.036
15:51:10.877,-0.277
15:51:10.877,-0.03
15:51:10.877,0.117
15:51:10.877,0.139
15:51:10.877,0.498
15:51:10.877,0.813
15:51:10.877,0.767
15:51:10.877,1.16
15:51:10.877,1.379
15:51:10.877,2.369
15:51:10.877,3.25
15:51:10.877,3.063
15:51:10.893,2.071
15:51:10.893,1.954
15:51:10.893,2.879
15:51:10.893,3.578
15:51:10.893,4.035
15:51:10.893,4.448
15:51:10.893,4.761
15:51:10.893,4.512
15:51:10.893,4.081
15:51:10.893,4.366
15:51:10.893,4.35
15:51:10.893,4.353
15:51:10.893,4.673
15:51:10.893,4.721
15:51:10.893,4.587
15:51:10.893,4.162
15:51:10.893,4.086
15:51:10.893,3.952
15:51:10.893,3.61
15:51:10.893,3.818
15:51:10.893,3.947
15:51:10.893,3.743
15:51:10.893,3.946
15:51:10.908,4.085
15:51:10.908,4.014
15:51:10.908,4.145
15:51:10.908,4.573
15:51:10.908,5.464
15:51:10.908,5.275
15:51:10.908,4.5
15:51:10.914,3.832
15:51:10.914,4.068
15:51:10.914,5.102
15:51:10.914,5.808
15:51:10.914,5.529
15:51:10.914,5.486
15:51:10.914,5.138
15:51:10.914,5.177
15:51:10.921,4.841
15:51:10.922,4.919
15:51:10.922,4.848
15:51:10.922,4.746
15:51:10.924,4.319
15:51:10.924,4.1
15:51:10.924,4.04
15:51:10.924,3.86
15:51:10.924,3.63
15:51:10.924,3.585
15:51:10.924,3.509
15:51:10.924,3.466
15:51:10.924,3.407
15:51:10.924,3.267
15:51:10.924,2.956
15:51:10.935,3.398
15:51:10.935,3.664
15:51:10.935,3.001
15:51:10.935,2.567
15:51:10.935,2.307
15:51:10.941,2.41
15:51:10.941,1.994
15:51:10.941,1.83
15:51:10.941,1.581
15:51:10.941,1.052
15:51:10.941,0.814
15:51:10.941,0.509
15:51:10.941,0.489
15:51:10.941,0.249
15:51:10.941,0.15
15:51:10.941,0.318
15:51:10.941,0.178
15:51:10.941,0.171
15:51:10.941,-0.023
15:51:10.941,0.009
15:51:10.956,0.151
15:51:10.956,0.235
15:51:10.956,0.215
15:51:10.961,0.0
15:51:10.961,0.03
15:51:10.962,-0.14
15:51:10.962,-0.4
15:51:10.962,-0.514
15:51:10.962,-0.728
15:51:10.962,-0.846
15:51:10.962,-1.242
15:51:10.962,-2.126
15:51:10.973,-2.917
15:51:10.973,-2.887
15:51:10.973,-2.429
15:51:10.973,-2.049
15:51:10.973,-2.375
15:51:10.973,-3.308
15:51:10.973,-4.056
15:51:10.973,-4.554
15:51:10.973,-4.549
15:51:10.973,-4.604
15:51:10.973,-4.268
15:51:10.973,-3.956
15:51:10.973,-4.216
15:51:10.973,-4.278
15:51:10.973,-4.382
15:51:10.973,-4.579
15:51:10.973,-4.484
15:51:10.988,-4.331
15:51:10.988,-4.315
15:51:10.988,-3.978
15:51:10.988,-3.965
15:51:10.988,-3.59
15:51:10.988,-3.461
15:51:10.988,-3.743
15:51:10.988,-3.787
15:51:10.988,-3.747
15:51:10.988,-3.662
15:51:10.988,-4.057
15:51:10.988,-4.021
15:51:10.988,-4.293
15:51:11.002,-4.799
15:51:11.003,-5.436
15:51:11.003,-5.051
15:51:11.003,-4.216
15:51:11.003,-4.199
15:51:11.003,-4.898
15:51:11.003,-5.567
15:51:11.003,-5.743
15:51:11.003,-5.444
15:51:11.003,-5.402
15:51:11.003,-5.077
15:51:11.003,-5.104
15:51:11.003,-4.822
15:51:11.003,-4.745
15:51:11.003,-4.924
15:51:11.003,-4.648
15:51:11.003,-4.399
15:51:11.003,-4.052
15:51:11.003,-4.018
15:51:11.003,-3.872
15:51:11.003,-3.745
15:51:11.003,-3.594
15:51:11.003,-3.486
15:51:11.003,-3.109
15:51:11.019,-3.374
15:51:11.019,-3.331
15:51:11.019,-3.076
15:51:11.019,-2.877
15:51:11.019,-3.214
15:51:11.019,-3.631
15:51:11.019,-3.351
15:51:11.019,-1.957
15:51:11.019,-2.284
15:51:11.019,-2.131
15:51:11.019,-2.284
15:51:11.019,-1.758
15:51:11.019,-1.303
15:51:11.019,-0.723
15:51:11.019,-0.406
15:51:11.019,-0.435
15:51:11.019,-0.33
15:51:11.019,-0.225
15:51:11.019,-0.114
15:51:11.019,0.088
15:51:11.019,-0.154
15:51:11.035,-0.084
15:51:11.035,0.256
15:51:11.035,-0.098
15:51:11.039,-0.095
15:51:11.039,0.024
15:51:11.040,0.022
15:51:11.042,0.386
15:51:11.042,0.047
15:51:11.042,0.107
15:51:11.042,0.211
15:51:11.042,0.579
15:51:11.042,0.949
15:51:11.042,1.059
15:51:11.042,0.975
15:51:11.042,2.162
15:51:11.042,3.351
15:51:11.042,3.515
15:51:11.042,2.613
15:51:11.051,1.616
15:51:11.051,2.732
15:51:11.051,3.281
15:51:11.051,3.679
15:51:11.051,4.173
15:51:11.051,4.489
15:51:11.051,5.114
15:51:11.051,4.232
15:51:11.051,3.976
15:51:11.051,4.238
15:51:11.051,4.454
15:51:11.051,4.411
15:51:11.051,4.589
15:51:11.051,4.552
15:51:11.051,4.617
15:51:11.051,4.324
15:51:11.051,4.012
15:51:11.051,3.658
15:51:11.067,3.75
15:51:11.067,4.012
15:51:11.067,3.778
15:51:11.067,4.08
15:51:11.067,4.139
15:51:11.067,4.175
15:51:11.067,4.101
15:51:11.067,4.347
15:51:11.067,5.273
15:51:11.067,5.49
15:51:11.067,5.371
15:51:11.067,4.354
15:51:11.067,4.003
15:51:11.067,4.305
15:51:11.067,5.255
15:51:11.067,5.603
15:51:11.067,5.758
15:51:11.067,5.698
15:51:11.067,5.346
15:51:11.067,5.27
15:51:11.083,5.282
15:51:11.083,4.99
15:51:11.083,4.742
15:51:11.083,4.741
15:51:11.083,4.817
15:51:11.083,4.381
15:51:11.083,4.078
15:51:11.083,4.197
15:51:11.083,3.896
15:51:11.083,3.654
15:51:11.083,3.568
15:51:11.083,3.259
15:51:11.083,3.562
15:51:11.083,3.378
15:51:11.083,3.055
15:51:11.083,2.926
15:51:11.083,3.456
15:51:11.083,3.631
15:51:11.083,3.416
15:51:11.083,2.398
15:51:11.083,2.174
15:51:11.083,2.294
15:51:11.083,2.173
15:51:11.083,1.804
15:51:11.099,1.39
15:51:11.099,0.644
15:51:11.099,0.591
15:51:11.099,0.351
15:51:11.099,0.334
15:51:11.099,0.111
15:51:11.099,0.127
15:51:11.099,0.164
15:51:11.099,0.077
15:51:11.099,0.19
15:51:11.099,0.11
15:51:11.099,0.117
15:51:11.099,0.124
15:51:11.099,-0.077
15:51:11.099,-0.482
15:51:11.099,-0.538
15:51:11.099,-0.73
15:51:11.099,-0.842
15:51:11.099,-1.117
15:51:11.099,-1.877
15:51:11.099,-3.15
15:51:11.099,-3.451
15:51:11.115,-2.567
15:51:11.115,-1.453
15:51:11.115,-2.369
15:51:11.115,-3.448
15:51:11.115,-3.876
15:51:11.115,-4.529
15:51:11.115,-4.522
15:51:11.115,-3.895
15:51:11.115,-4.186
15:51:11.123,-4.201
15:51:11.124,-4.447
15:51:11.124,-4.592
15:51:11.124,-4.324
15:51:11.124,-3.937
15:51:11.124,-3.762
15:51:11.124,-3.406
15:51:11.130,-3.645
15:51:11.131,-3.792
15:51:11.131,-3.815
15:51:11.131,-3.801
15:51:11.131,-4.025
15:51:11.131,-4.072
15:51:11.131,-4.112
15:51:11.131,-4.874
15:51:11.131,-5.567
15:51:11.131,-5.004
15:51:11.131,-4.073
15:51:11.131,-3.828
15:51:11.131,-4.217
15:51:11.131,-5.178
15:51:11.131,-5.498
15:51:11.131,-5.601
15:51:11.131,-5.524
15:51:11.131,-5.124
15:51:11.131,-5.081
15:51:11.131,-4.82
15:51:11.131,-4.535
15:51:11.131,-4.551
15:51:11.131,-3.952
15:51:11.131,-3.913
15:51:11.146,-3.791
15:51:11.146,-3.575
15:51:11.146,-3.583
15:51:11.146,-3.325
15:51:11.146,-3.349
15:51:11.146,-3.344
15:51:11.146,-3.134
15:51:11.146,-2.825
15:51:11.146,-3.107
15:51:11.146,-3.362
15:51:11.146,-2.447
15:51:11.146,-2.273
15:51:11.146,-2.471
15:51:11.162,-1.985
15:51:11.162,-1.692
15:51:11.162,-1.329
15:51:11.162,-0.973
15:51:11.162,-0.614
15:51:11.162,-0.344
15:51:11.162,-0.334
15:51:11.162,-0.281
15:51:11.162,-0.106
15:51:11.162,-0.129
15:51:11.162,-0.057
15:51:11.162,-0.158
15:51:11.162,0.087
15:51:11.162,0.052
15:51:11.162,0.041
15:51:11.162,-0.015
15:51:11.162,0.104
15:51:11.162,0.348
15:51:11.162,0.487
15:51:11.162,0.815
15:51:11.162,1.223
15:51:11.178,1.029
15:51:11.178,1.739
15:51:11.178,3.027
15:51:11.178,2.537
15:51:11.178,1.591
15:51:11.178,2.126
15:51:11.178,3.908
15:51:11.178,4.276
15:51:11.178,4.771
15:51:11.178,4.358
15:51:11.178,4.057
15:51:11.178,4.298
15:51:11.178,4.606
15:51:11.178,4.59
15:51:11.178,4.666
15:51:11.178,4.481
15:51:11.178,4.24
15:51:11.178,3.962
15:51:11.178,3.861
15:51:11.178,3.816
15:51:11.178,3.543
15:51:11.178,3.945
15:51:11.178,3.897
15:51:11.194,3.944
15:51:11.194,4.047
15:51:11.194,4.169
15:51:11.194,4.253
15:51:11.194,5.091
15:51:11.194,5.652
15:51:11.194,5.41
15:51:11.194,3.95
15:51:11.194,4.232
15:51:11.194,4.812
15:51:11.194,5.334
15:51:11.194,5.658
15:51:11.194,5.727
15:51:11.194,5.503
15:51:11.194,5.178
15:51:11.194,4.973
15:51:11.194,4.922
15:51:11.194,4.809
15:51:11.194,5.011
15:51:11.194,4.597
15:51:11.194,4.043
15:51:11.194,4.054
15:51:11.194,3.812
15:51:11.209,3.594
15:51:11.209,3.355
15:51:11.209,3.288
15:51:11.209,3.414
15:51:11.209,2.806
15:51:11.209,2.897
15:51:11.209,3.536
15:51:11.209,3.373
15:51:11.209,2.563
15:51:11.209,2.412
15:51:11.209,2.269
15:51:11.209,2.286
15:51:11.209,2.176
15:51:11.209,1.998
15:51:11.209,1.462
15:51:11.209,0.925
15:51:11.209,0.546
15:51:11.209,0.606
15:51:11.209,0.406
15:51:11.209,0.281
15:51:11.225,0.3
15:51:11.225,0.253
15:51:11.225,0.358
15:51:11.225,-0.089
15:51:11.225,0.154
15:51:11.225,0.182
15:51:11.225,0.262
15:51:11.225,0.328
